0 verbose cli C:\Program Files\nodejs\node.exe C:\Users\test\AppData\Roaming\npm\node_modules\npm\bin\npm-cli.js
1 info using npm@11.19.0
2 info using node@v24.5.0
3 silly config load:file:C:\Users\test\AppData\Roaming\npm\node_modules\npm\npmrc
4 silly config load:file:C:\Users\test\Desktop\Mathias final\.npmrc
5 silly config load:file:C:\Users\test\.npmrc
6 silly config load:file:C:\Users\test\AppData\Roaming\npm\etc\npmrc
7 verbose title npm install
8 verbose argv "install" "--package-lock-only" "--ignore-scripts" "--cache" ".npm-cache"
9 verbose logfile logs-max:10 dir:C:\Users\test\Desktop\Mathias final\.npm-cache\_logs\2026-09-26T12_20_34_356Z-
10 verbose logfile C:\Users\test\Desktop\Mathias final\.npm-cache\_logs\2026-09-26T12_20_34_356Z-debug-0.log
11 silly logfile done cleaning log files
12 silly packumentCache heap:4496293888 maxSize:1124073472 maxEntrySize:562036736
13 silly idealTree buildDeps
14 silly fetch manifest sharp@^0.33.5
15 silly packumentCache full:https://registry.npmjs.org/sharp cache-miss
16 http fetch GET 200 https://registry.npmjs.org/sharp 125ms (cache miss)
17 silly packumentCache full:https://registry.npmjs.org/sharp set size:undefined disposed:false
18 silly placeDep ROOT sharp@0.33.5 REPLACE for: Mathias Perez - Portfolio@2.0.0 want: ^0.33.5
19 silly fetch manifest color@^4.2.3
20 silly packumentCache full:https://registry.npmjs.org/color cache-miss
21 silly fetch manifest @img/sharp-wasm32@0.33.5
22 silly packumentCache full:https://registry.npmjs.org/@img%2fsharp-wasm32 cache-miss
23 silly fetch manifest @img/sharp-linux-arm@0.33.5
24 silly packumentCache full:https://registry.npmjs.org/@img%2fsharp-linux-arm cache-miss
25 silly fetch manifest @img/sharp-linux-x64@0.33.5
26 silly packumentCache full:https://registry.npmjs.org/@img%2fsharp-linux-x64 cache-miss
27 silly fetch manifest @img/sharp-win32-x64@0.33.5
28 silly packumentCache full:https://registry.npmjs.org/@img%2fsharp-win32-x64 cache-miss
29 silly fetch manifest @img/sharp-darwin-x64@0.33.5
30 silly packumentCache full:https://registry.npmjs.org/@img%2fsharp-darwin-x64 cache-miss
31 silly fetch manifest @img/sharp-win32-ia32@0.33.5
32 silly packumentCache full:https://registry.npmjs.org/@img%2fsharp-win32-ia32 cache-miss
33 silly fetch manifest @img/sharp-linux-arm64@0.33.5
34 silly packumentCache full:https://registry.npmjs.org/@img%2fsharp-linux-arm64 cache-miss
35 silly fetch manifest @img/sharp-linux-s390x@0.33.5
36 silly packumentCache full:https://registry.npmjs.org/@img%2fsharp-linux-s390x cache-miss
37 silly fetch manifest @img/sharp-darwin-arm64@0.33.5
38 silly packumentCache full:https://registry.npmjs.org/@img%2fsharp-darwin-arm64 cache-miss
39 silly fetch manifest @img/sharp-linuxmusl-x64@0.33.5
40 silly packumentCache full:https://registry.npmjs.org/@img%2fsharp-linuxmusl-x64 cache-miss
41 http fetch GET 200 https://registry.npmjs.org/color 48ms (cache miss)
42 silly packumentCache full:https://registry.npmjs.org/color set size:undefined disposed:false
43 silly fetch manifest @img/sharp-linuxmusl-arm64@0.33.5
44 silly packumentCache full:https://registry.npmjs.org/@img%2fsharp-linuxmusl-arm64 cache-miss
45 http fetch GET 200 https://registry.npmjs.org/@img%2fsharp-linux-x64 89ms (cache miss)
46 silly packumentCache full:https://registry.npmjs.org/@img%2fsharp-linux-x64 set size:undefined disposed:false
47 silly fetch manifest @img/sharp-libvips-linux-arm@1.0.5
48 silly packumentCache full:https://registry.npmjs.org/@img%2fsharp-libvips-linux-arm cache-miss
49 http fetch GET 200 https://registry.npmjs.org/@img%2fsharp-win32-x64 92ms (cache miss)
50 silly packumentCache full:https://registry.npmjs.org/@img%2fsharp-win32-x64 set size:undefined disposed:false
51 silly fetch manifest @img/sharp-libvips-linux-x64@1.0.4
52 silly packumentCache full:https://registry.npmjs.org/@img%2fsharp-libvips-linux-x64 cache-miss
53 http fetch GET 200 https://registry.npmjs.org/@img%2fsharp-darwin-arm64 93ms (cache miss)
54 silly packumentCache full:https://registry.npmjs.org/@img%2fsharp-darwin-arm64 set size:undefined disposed:false
55 silly fetch manifest @img/sharp-libvips-darwin-x64@1.0.4
56 silly packumentCache full:https://registry.npmjs.org/@img%2fsharp-libvips-darwin-x64 cache-miss
57 http fetch GET 200 https://registry.npmjs.org/@img%2fsharp-linuxmusl-x64 94ms (cache miss)
58 silly packumentCache full:https://registry.npmjs.org/@img%2fsharp-linuxmusl-x64 set size:undefined disposed:false
59 silly fetch manifest @img/sharp-libvips-linux-arm64@1.0.4
60 silly packumentCache full:https://registry.npmjs.org/@img%2fsharp-libvips-linux-arm64 cache-miss
61 http fetch GET 200 https://registry.npmjs.org/@img%2fsharp-win32-ia32 99ms (cache miss)
62 silly packumentCache full:https://registry.npmjs.org/@img%2fsharp-win32-ia32 set size:undefined disposed:false
63 silly fetch manifest @img/sharp-libvips-linux-s390x@1.0.4
64 silly packumentCache full:https://registry.npmjs.org/@img%2fsharp-libvips-linux-s390x cache-miss
65 http fetch GET 200 https://registry.npmjs.org/@img%2fsharp-linuxmusl-arm64 54ms (cache miss)
66 silly packumentCache full:https://registry.npmjs.org/@img%2fsharp-linuxmusl-arm64 set size:undefined disposed:false
67 silly fetch manifest @img/sharp-libvips-darwin-arm64@1.0.4
68 silly packumentCache full:https://registry.npmjs.org/@img%2fsharp-libvips-darwin-arm64 cache-miss
69 http fetch GET 200 https://registry.npmjs.org/@img%2fsharp-linux-arm64 104ms (cache miss)
70 silly packumentCache full:https://registry.npmjs.org/@img%2fsharp-linux-arm64 set size:undefined disposed:false
71 silly fetch manifest @img/sharp-libvips-linuxmusl-x64@1.0.4
72 silly packumentCache full:https://registry.npmjs.org/@img%2fsharp-libvips-linuxmusl-x64 cache-miss
73 http fetch GET 200 https://registry.npmjs.org/@img%2fsharp-darwin-x64 106ms (cache miss)
74 silly packumentCache full:https://registry.npmjs.org/@img%2fsharp-darwin-x64 set size:undefined disposed:false
75 silly fetch manifest @img/sharp-libvips-linuxmusl-arm64@1.0.4
76 silly packumentCache full:https://registry.npmjs.org/@img%2fsharp-libvips-linuxmusl-arm64 cache-miss
77 http fetch GET 200 https://registry.npmjs.org/@img%2fsharp-linux-arm 108ms (cache miss)
78 silly packumentCache full:https://registry.npmjs.org/@img%2fsharp-linux-arm set size:undefined disposed:false
79 http fetch GET 200 https://registry.npmjs.org/@img%2fsharp-linux-s390x 110ms (cache miss)
80 silly packumentCache full:https://registry.npmjs.org/@img%2fsharp-linux-s390x set size:undefined disposed:false
81 http fetch GET 200 https://registry.npmjs.org/@img%2fsharp-libvips-linux-arm 33ms (cache miss)
82 silly packumentCache full:https://registry.npmjs.org/@img%2fsharp-libvips-linux-arm set size:undefined disposed:false
83 http fetch GET 200 https://registry.npmjs.org/@img%2fsharp-libvips-linux-x64 41ms (cache miss)
84 silly packumentCache full:https://registry.npmjs.org/@img%2fsharp-libvips-linux-x64 set size:undefined disposed:false
85 http fetch GET 200 https://registry.npmjs.org/@img%2fsharp-libvips-darwin-x64 41ms (cache miss)
86 silly packumentCache full:https://registry.npmjs.org/@img%2fsharp-libvips-darwin-x64 set size:undefined disposed:false
87 http fetch GET 200 https://registry.npmjs.org/@img%2fsharp-libvips-linux-arm64 47ms (cache miss)
88 silly packumentCache full:https://registry.npmjs.org/@img%2fsharp-libvips-linux-arm64 set size:undefined disposed:false
89 http fetch GET 200 https://registry.npmjs.org/@img%2fsharp-libvips-linux-s390x 44ms (cache miss)
90 silly packumentCache full:https://registry.npmjs.org/@img%2fsharp-libvips-linux-s390x set size:undefined disposed:false
91 http fetch GET 200 https://registry.npmjs.org/@img%2fsharp-libvips-linuxmusl-x64 40ms (cache miss)
92 silly packumentCache full:https://registry.npmjs.org/@img%2fsharp-libvips-linuxmusl-x64 set size:undefined disposed:false
93 http fetch GET 200 https://registry.npmjs.org/@img%2fsharp-libvips-darwin-arm64 43ms (cache miss)
94 silly packumentCache full:https://registry.npmjs.org/@img%2fsharp-libvips-darwin-arm64 set size:undefined disposed:false
95 http fetch GET 200 https://registry.npmjs.org/@img%2fsharp-libvips-linuxmusl-arm64 47ms (cache miss)
96 silly packumentCache full:https://registry.npmjs.org/@img%2fsharp-libvips-linuxmusl-arm64 set size:undefined disposed:false
97 http fetch GET 200 https://registry.npmjs.org/@img%2fsharp-wasm32 173ms (cache miss)
98 silly packumentCache full:https://registry.npmjs.org/@img%2fsharp-wasm32 set size:undefined disposed:false
99 http cache https://registry.npmjs.org/@tailwindcss/oxide-wasm32-wasi/-/oxide-wasm32-wasi-4.2.4.tgz 0ms (cache hit)
100 silly tarball no local data for https://registry.npmjs.org/@tailwindcss/oxide-wasm32-wasi/-/oxide-wasm32-wasi-4.2.4.tgz. Extracting by manifest.
101 http fetch GET 200 https://registry.npmjs.org/@tailwindcss/oxide-wasm32-wasi/-/oxide-wasm32-wasi-4.2.4.tgz 1059ms (cache miss)
102 silly fetch manifest sharp@^0.34.3
103 silly packumentCache full:https://registry.npmjs.org/sharp cache-miss
104 http cache https://registry.npmjs.org/sharp 6ms (cache hit)
105 silly packumentCache full:https://registry.npmjs.org/sharp set size:1227736 disposed:false
106 silly placeDep node_modules/next sharp@0.34.5 OK for: next@15.5.15 want: ^0.34.3
107 silly fetch manifest @img/colour@^1.0.0
108 silly packumentCache full:https://registry.npmjs.org/@img%2fcolour cache-miss
109 silly fetch manifest @img/sharp-wasm32@0.34.5
110 silly packumentCache full:https://registry.npmjs.org/@img%2fsharp-wasm32 cache-miss
111 silly fetch manifest @img/sharp-linux-arm@0.34.5
112 silly packumentCache full:https://registry.npmjs.org/@img%2fsharp-linux-arm cache-miss
113 silly fetch manifest @img/sharp-linux-x64@0.34.5
114 silly packumentCache full:https://registry.npmjs.org/@img%2fsharp-linux-x64 cache-miss
115 silly fetch manifest @img/sharp-win32-x64@0.34.5
116 silly packumentCache full:https://registry.npmjs.org/@img%2fsharp-win32-x64 cache-miss
117 silly fetch manifest @img/sharp-darwin-x64@0.34.5
118 silly packumentCache full:https://registry.npmjs.org/@img%2fsharp-darwin-x64 cache-miss
119 silly fetch manifest @img/sharp-win32-ia32@0.34.5
120 silly packumentCache full:https://registry.npmjs.org/@img%2fsharp-win32-ia32 cache-miss
121 silly fetch manifest @img/sharp-linux-arm64@0.34.5
122 silly packumentCache full:https://registry.npmjs.org/@img%2fsharp-linux-arm64 cache-miss
123 silly fetch manifest @img/sharp-linux-ppc64@0.34.5
124 silly packumentCache full:https://registry.npmjs.org/@img%2fsharp-linux-ppc64 cache-miss
125 silly fetch manifest @img/sharp-linux-s390x@0.34.5
126 silly packumentCache full:https://registry.npmjs.org/@img%2fsharp-linux-s390x cache-miss
127 silly fetch manifest @img/sharp-win32-arm64@0.34.5
128 silly packumentCache full:https://registry.npmjs.org/@img%2fsharp-win32-arm64 cache-miss
129 http cache https://registry.npmjs.org/@img%2fsharp-linux-arm 11ms (cache hit)
130 silly packumentCache full:https://registry.npmjs.org/@img%2fsharp-linux-arm set size:108700 disposed:false
131 silly fetch manifest @img/sharp-darwin-arm64@0.34.5
132 silly packumentCache full:https://registry.npmjs.org/@img%2fsharp-darwin-arm64 cache-miss
133 http cache https://registry.npmjs.org/@img%2fsharp-wasm32 14ms (cache hit)
134 silly packumentCache full:https://registry.npmjs.org/@img%2fsharp-wasm32 set size:102018 disposed:false
135 silly fetch manifest @img/sharp-linux-riscv64@0.34.5
136 silly packumentCache full:https://registry.npmjs.org/@img%2fsharp-linux-riscv64 cache-miss
137 http cache https://registry.npmjs.org/@img%2fsharp-win32-x64 15ms (cache hit)
138 silly packumentCache full:https://registry.npmjs.org/@img%2fsharp-win32-x64 set size:105018 disposed:false
139 silly fetch manifest @img/sharp-linuxmusl-x64@0.34.5
140 silly packumentCache full:https://registry.npmjs.org/@img%2fsharp-linuxmusl-x64 cache-miss
141 http cache https://registry.npmjs.org/@img%2fsharp-win32-ia32 17ms (cache hit)
142 silly packumentCache full:https://registry.npmjs.org/@img%2fsharp-win32-ia32 set size:106030 disposed:false
143 silly fetch manifest @img/sharp-linuxmusl-arm64@0.34.5
144 silly packumentCache full:https://registry.npmjs.org/@img%2fsharp-linuxmusl-arm64 cache-miss
145 http cache https://registry.npmjs.org/@img%2fsharp-linux-arm64 17ms (cache hit)
146 silly packumentCache full:https://registry.npmjs.org/@img%2fsharp-linux-arm64 set size:109589 disposed:false
147 silly fetch manifest @img/sharp-libvips-linux-arm@1.2.4
148 silly packumentCache full:https://registry.npmjs.org/@img%2fsharp-libvips-linux-arm cache-miss
149 http cache https://registry.npmjs.org/@img%2fsharp-darwin-x64 19ms (cache hit)
150 silly packumentCache full:https://registry.npmjs.org/@img%2fsharp-darwin-x64 set size:110311 disposed:false
151 silly fetch manifest @img/sharp-libvips-linux-x64@1.2.4
152 silly packumentCache full:https://registry.npmjs.org/@img%2fsharp-libvips-linux-x64 cache-miss
153 http cache https://registry.npmjs.org/@img%2fsharp-linux-s390x 20ms (cache hit)
154 silly packumentCache full:https://registry.npmjs.org/@img%2fsharp-linux-s390x set size:107454 disposed:false
155 silly fetch manifest @img/sharp-libvips-darwin-x64@1.2.4
156 silly packumentCache full:https://registry.npmjs.org/@img%2fsharp-libvips-darwin-x64 cache-miss
157 http cache https://registry.npmjs.org/@img%2fsharp-linux-x64 22ms (cache hit)
158 silly packumentCache full:https://registry.npmjs.org/@img%2fsharp-linux-x64 set size:108187 disposed:false
159 silly fetch manifest @img/sharp-libvips-linux-arm64@1.2.4
160 silly packumentCache full:https://registry.npmjs.org/@img%2fsharp-libvips-linux-arm64 cache-miss
161 http cache https://registry.npmjs.org/@img%2fsharp-darwin-arm64 18ms (cache hit)
162 silly packumentCache full:https://registry.npmjs.org/@img%2fsharp-darwin-arm64 set size:111757 disposed:false
163 silly fetch manifest @img/sharp-libvips-linux-ppc64@1.2.4
164 silly packumentCache full:https://registry.npmjs.org/@img%2fsharp-libvips-linux-ppc64 cache-miss
165 http cache https://registry.npmjs.org/@img%2fsharp-linuxmusl-x64 18ms (cache hit)
166 silly packumentCache full:https://registry.npmjs.org/@img%2fsharp-linuxmusl-x64 set size:109874 disposed:false
167 silly fetch manifest @img/sharp-libvips-linux-s390x@1.2.4
168 silly packumentCache full:https://registry.npmjs.org/@img%2fsharp-libvips-linux-s390x cache-miss
169 http cache https://registry.npmjs.org/@img%2fsharp-libvips-linux-arm 17ms (cache hit)
170 silly packumentCache full:https://registry.npmjs.org/@img%2fsharp-libvips-linux-arm set size:92997 disposed:false
171 silly fetch manifest @img/sharp-libvips-darwin-arm64@1.2.4
172 silly packumentCache full:https://registry.npmjs.org/@img%2fsharp-libvips-darwin-arm64 cache-miss
173 http cache https://registry.npmjs.org/@img%2fsharp-linuxmusl-arm64 20ms (cache hit)
174 silly packumentCache full:https://registry.npmjs.org/@img%2fsharp-linuxmusl-arm64 set size:111279 disposed:false
175 silly fetch manifest @img/sharp-libvips-linux-riscv64@1.2.4
176 silly packumentCache full:https://registry.npmjs.org/@img%2fsharp-libvips-linux-riscv64 cache-miss
177 http cache https://registry.npmjs.org/@img%2fsharp-libvips-linux-x64 20ms (cache hit)
178 silly packumentCache full:https://registry.npmjs.org/@img%2fsharp-libvips-linux-x64 set size:88830 disposed:false
179 silly fetch manifest @img/sharp-libvips-linuxmusl-x64@1.2.4
180 silly packumentCache full:https://registry.npmjs.org/@img%2fsharp-libvips-linuxmusl-x64 cache-miss
181 http cache https://registry.npmjs.org/@img%2fsharp-libvips-darwin-x64 20ms (cache hit)
182 silly packumentCache full:https://registry.npmjs.org/@img%2fsharp-libvips-darwin-x64 set size:85482 disposed:false
183 silly fetch manifest @img/sharp-libvips-linuxmusl-arm64@1.2.4
184 silly packumentCache full:https://registry.npmjs.org/@img%2fsharp-libvips-linuxmusl-arm64 cache-miss
185 http cache https://registry.npmjs.org/@img%2fsharp-libvips-linux-arm64 22ms (cache hit)
186 silly packumentCache full:https://registry.npmjs.org/@img%2fsharp-libvips-linux-arm64 set size:90115 disposed:false
187 http cache https://registry.npmjs.org/@img%2fsharp-libvips-linux-s390x 15ms (cache hit)
188 silly packumentCache full:https://registry.npmjs.org/@img%2fsharp-libvips-linux-s390x set size:84118 disposed:false
189 http cache https://registry.npmjs.org/@img%2fsharp-libvips-darwin-arm64 14ms (cache hit)
190 silly packumentCache full:https://registry.npmjs.org/@img%2fsharp-libvips-darwin-arm64 set size:86441 disposed:false
191 http cache https://registry.npmjs.org/@img%2fsharp-libvips-linuxmusl-x64 11ms (cache hit)
192 silly packumentCache full:https://registry.npmjs.org/@img%2fsharp-libvips-linuxmusl-x64 set size:86227 disposed:false
193 http cache https://registry.npmjs.org/@img%2fsharp-libvips-linuxmusl-arm64 10ms (cache hit)
194 silly packumentCache full:https://registry.npmjs.org/@img%2fsharp-libvips-linuxmusl-arm64 set size:89358 disposed:false
195 http fetch GET 200 https://registry.npmjs.org/@img%2fcolour 55ms (cache miss)
196 silly packumentCache full:https://registry.npmjs.org/@img%2fcolour set size:undefined disposed:false
197 http fetch GET 200 https://registry.npmjs.org/@img%2fsharp-win32-arm64 54ms (cache miss)
198 silly packumentCache full:https://registry.npmjs.org/@img%2fsharp-win32-arm64 set size:undefined disposed:false
199 http fetch GET 200 https://registry.npmjs.org/@img%2fsharp-linux-ppc64 55ms (cache miss)
200 silly packumentCache full:https://registry.npmjs.org/@img%2fsharp-linux-ppc64 set size:undefined disposed:false
201 http fetch GET 200 https://registry.npmjs.org/@img%2fsharp-linux-riscv64 43ms (cache miss)
202 silly packumentCache full:https://registry.npmjs.org/@img%2fsharp-linux-riscv64 set size:undefined disposed:false
203 http fetch GET 200 https://registry.npmjs.org/@img%2fsharp-libvips-linux-ppc64 37ms (cache miss)
204 silly packumentCache full:https://registry.npmjs.org/@img%2fsharp-libvips-linux-ppc64 set size:undefined disposed:false
205 http fetch GET 200 https://registry.npmjs.org/@img%2fsharp-libvips-linux-riscv64 42ms (cache miss)
206 silly packumentCache full:https://registry.npmjs.org/@img%2fsharp-libvips-linux-riscv64 set size:undefined disposed:false
207 silly placeDep ROOT @img/sharp-darwin-arm64@0.33.5 OK for: sharp@0.33.5 want: 0.33.5
208 silly placeDep ROOT @img/sharp-darwin-x64@0.33.5 OK for: sharp@0.33.5 want: 0.33.5
209 silly placeDep ROOT @img/sharp-libvips-darwin-arm64@1.0.4 OK for: sharp@0.33.5 want: 1.0.4
210 silly placeDep ROOT @img/sharp-libvips-darwin-x64@1.0.4 OK for: sharp@0.33.5 want: 1.0.4
211 silly placeDep ROOT @img/sharp-libvips-linux-arm@1.0.5 OK for: sharp@0.33.5 want: 1.0.5
212 silly placeDep ROOT @img/sharp-libvips-linux-arm64@1.0.4 OK for: sharp@0.33.5 want: 1.0.4
213 silly placeDep ROOT @img/sharp-libvips-linux-s390x@1.0.4 OK for: sharp@0.33.5 want: 1.0.4
214 silly placeDep ROOT @img/sharp-libvips-linux-x64@1.0.4 OK for: sharp@0.33.5 want: 1.0.4
215 silly placeDep ROOT @img/sharp-libvips-linuxmusl-arm64@1.0.4 OK for: sharp@0.33.5 want: 1.0.4
216 silly placeDep ROOT @img/sharp-libvips-linuxmusl-x64@1.0.4 OK for: sharp@0.33.5 want: 1.0.4
217 silly placeDep ROOT @img/sharp-linux-arm@0.33.5 OK for: sharp@0.33.5 want: 0.33.5
218 silly placeDep ROOT @img/sharp-linux-arm64@0.33.5 OK for: sharp@0.33.5 want: 0.33.5
219 silly placeDep ROOT @img/sharp-linux-s390x@0.33.5 OK for: sharp@0.33.5 want: 0.33.5
220 silly placeDep ROOT @img/sharp-linux-x64@0.33.5 OK for: sharp@0.33.5 want: 0.33.5
221 silly placeDep ROOT @img/sharp-linuxmusl-arm64@0.33.5 OK for: sharp@0.33.5 want: 0.33.5
222 silly placeDep ROOT @img/sharp-linuxmusl-x64@0.33.5 OK for: sharp@0.33.5 want: 0.33.5
223 silly placeDep ROOT @img/sharp-wasm32@0.33.5 OK for: sharp@0.33.5 want: 0.33.5
224 silly placeDep ROOT @img/sharp-win32-ia32@0.33.5 OK for: sharp@0.33.5 want: 0.33.5
225 silly placeDep ROOT @img/sharp-win32-x64@0.33.5 OK for: sharp@0.33.5 want: 0.33.5
226 silly placeDep ROOT color@4.2.3 OK for: sharp@0.33.5 want: ^4.2.3
227 silly fetch manifest color-string@^1.9.0
228 silly packumentCache full:https://registry.npmjs.org/color-string cache-miss
229 http fetch GET 200 https://registry.npmjs.org/color-string 21ms (cache miss)
230 silly packumentCache full:https://registry.npmjs.org/color-string set size:undefined disposed:false
231 silly placeDep ROOT color-string@1.9.1 OK for: color@4.2.3 want: ^1.9.0
232 silly fetch manifest simple-swizzle@^0.2.2
233 silly packumentCache full:https://registry.npmjs.org/simple-swizzle cache-miss
234 http fetch GET 200 https://registry.npmjs.org/simple-swizzle 21ms (cache miss)
235 silly packumentCache full:https://registry.npmjs.org/simple-swizzle set size:undefined disposed:false
236 silly placeDep ROOT simple-swizzle@0.2.4 OK for: color-string@1.9.1 want: ^0.2.2
237 silly fetch manifest is-arrayish@^0.3.1
238 silly packumentCache full:https://registry.npmjs.org/is-arrayish cache-miss
239 http fetch GET 200 https://registry.npmjs.org/is-arrayish 27ms (cache miss)
240 silly packumentCache full:https://registry.npmjs.org/is-arrayish set size:undefined disposed:false
241 silly placeDep ROOT is-arrayish@0.3.4 OK for: simple-swizzle@0.2.4 want: ^0.3.1
242 silly placeDep ROOT @img/colour@1.1.0 OK for: sharp@0.34.5 want: ^1.0.0
243 silly placeDep node_modules/next @img/sharp-darwin-arm64@0.34.5 OK for: sharp@0.34.5 want: 0.34.5
244 silly placeDep node_modules/next @img/sharp-darwin-x64@0.34.5 OK for: sharp@0.34.5 want: 0.34.5
245 silly placeDep node_modules/next @img/sharp-libvips-darwin-arm64@1.2.4 OK for: sharp@0.34.5 want: 1.2.4
246 silly placeDep node_modules/next @img/sharp-libvips-darwin-x64@1.2.4 OK for: sharp@0.34.5 want: 1.2.4
247 silly placeDep node_modules/next @img/sharp-libvips-linux-arm@1.2.4 OK for: sharp@0.34.5 want: 1.2.4
248 silly placeDep node_modules/next @img/sharp-libvips-linux-arm64@1.2.4 OK for: sharp@0.34.5 want: 1.2.4
249 silly placeDep ROOT @img/sharp-libvips-linux-ppc64@1.2.4 OK for: sharp@0.34.5 want: 1.2.4
250 silly placeDep ROOT @img/sharp-libvips-linux-riscv64@1.2.4 OK for: sharp@0.34.5 want: 1.2.4
251 silly placeDep node_modules/next @img/sharp-libvips-linux-s390x@1.2.4 OK for: sharp@0.34.5 want: 1.2.4
252 silly placeDep node_modules/next @img/sharp-libvips-linux-x64@1.2.4 OK for: sharp@0.34.5 want: 1.2.4
253 silly placeDep node_modules/next @img/sharp-libvips-linuxmusl-arm64@1.2.4 OK for: sharp@0.34.5 want: 1.2.4
254 silly placeDep node_modules/next @img/sharp-libvips-linuxmusl-x64@1.2.4 OK for: sharp@0.34.5 want: 1.2.4
255 silly placeDep node_modules/next @img/sharp-linux-arm@0.34.5 OK for: sharp@0.34.5 want: 0.34.5
256 silly placeDep node_modules/next @img/sharp-linux-arm64@0.34.5 OK for: sharp@0.34.5 want: 0.34.5
257 silly placeDep ROOT @img/sharp-linux-ppc64@0.34.5 OK for: sharp@0.34.5 want: 0.34.5
258 silly placeDep ROOT @img/sharp-linux-riscv64@0.34.5 OK for: sharp@0.34.5 want: 0.34.5
259 silly placeDep node_modules/next @img/sharp-linux-s390x@0.34.5 OK for: sharp@0.34.5 want: 0.34.5
260 silly placeDep node_modules/next @img/sharp-linux-x64@0.34.5 OK for: sharp@0.34.5 want: 0.34.5
261 silly placeDep node_modules/next @img/sharp-linuxmusl-arm64@0.34.5 OK for: sharp@0.34.5 want: 0.34.5
262 silly placeDep node_modules/next @img/sharp-linuxmusl-x64@0.34.5 OK for: sharp@0.34.5 want: 0.34.5
263 silly placeDep node_modules/next @img/sharp-wasm32@0.34.5 OK for: sharp@0.34.5 want: 0.34.5
264 silly placeDep ROOT @img/sharp-win32-arm64@0.34.5 OK for: sharp@0.34.5 want: 0.34.5
265 silly placeDep node_modules/next @img/sharp-win32-ia32@0.34.5 OK for: sharp@0.34.5 want: 0.34.5
266 silly placeDep node_modules/next @img/sharp-win32-x64@0.34.5 OK for: sharp@0.34.5 want: 0.34.5
267 silly fetch manifest react@^16.8.0 || ^17.0.0 || ^18.0.0
268 silly packumentCache full:https://registry.npmjs.org/react cache-miss
269 http fetch GET 200 https://registry.npmjs.org/react 188ms (cache miss)
270 silly packumentCache full:https://registry.npmjs.org/react set size:undefined disposed:false
271 warn ERESOLVE overriding peer dependency {
271 warn ERESOLVE   code: 'ERESOLVE',
271 warn ERESOLVE   edge: {
271 warn ERESOLVE     type: 'peer',
271 warn ERESOLVE     name: 'react',
271 warn ERESOLVE     spec: '^16.8.0 || ^17.0.0 || ^18.0.0',
271 warn ERESOLVE     error: 'INVALID',
271 warn ERESOLVE     from: {
271 warn ERESOLVE       name: 'use-sync-external-store',
271 warn ERESOLVE       version: '1.2.0',
271 warn ERESOLVE       location: 'node_modules/zustand/node_modules/use-sync-external-store',
271 warn ERESOLVE       isWorkspace: false,
271 warn ERESOLVE       dependents: [Array]
271 warn ERESOLVE     }
271 warn ERESOLVE   },
271 warn ERESOLVE   dep: {
271 warn ERESOLVE     name: 'react',
271 warn ERESOLVE     version: '18.3.1',
271 warn ERESOLVE     whileInstalling: {
271 warn ERESOLVE       name: 'use-sync-external-store',
271 warn ERESOLVE       version: '1.2.0',
271 warn ERESOLVE       path: 'C:\\Users\\test\\Desktop\\Mathias final\\node_modules\\zustand\\node_modules\\use-sync-external-store'
271 warn ERESOLVE     },
271 warn ERESOLVE     location: 'node_modules/react',
271 warn ERESOLVE     isWorkspace: false,
271 warn ERESOLVE     dependents: [ [Object] ]
271 warn ERESOLVE   },
271 warn ERESOLVE   force: false,
271 warn ERESOLVE   isMine: false,
271 warn ERESOLVE   strictPeerDeps: false,
271 warn ERESOLVE   current: {
271 warn ERESOLVE     name: 'react',
271 warn ERESOLVE     version: '19.0.0',
271 warn ERESOLVE     location: 'node_modules/react',
271 warn ERESOLVE     isWorkspace: false,
271 warn ERESOLVE     dependents: [
271 warn ERESOLVE       [Object], [Object], [Object], [Object],
271 warn ERESOLVE       [Object], [Object], [Object], [Object],
271 warn ERESOLVE       [Object], [Object], [Object], [Object],
271 warn ERESOLVE       [Object], [Object], [Object], [Object],
271 warn ERESOLVE       [Object], [Object], [Object], [Object],
271 warn ERESOLVE       [Object], [Object], [Object], [Object],
271 warn ERESOLVE       [Object], [Object], [Object], [Object],
271 warn ERESOLVE       [Object], [Object], [Object], [Object],
271 warn ERESOLVE       [Object], [Object], [Object], [Object],
271 warn ERESOLVE       [Object], [Object], [Object], [Object],
271 warn ERESOLVE       [Object], [Object], [Object], [Object],
271 warn ERESOLVE       [Object], [Object], [Object], [Object],
271 warn ERESOLVE       [Object], [Object], [Object], [Object],
271 warn ERESOLVE       [Object]
271 warn ERESOLVE     ]
271 warn ERESOLVE   },
271 warn ERESOLVE   peerConflict: {
271 warn ERESOLVE     current: {
271 warn ERESOLVE       name: 'react',
271 warn ERESOLVE       version: '19.0.0',
271 warn ERESOLVE       location: 'node_modules/react',
271 warn ERESOLVE       isWorkspace: false,
271 warn ERESOLVE       dependents: [Array]
271 warn ERESOLVE     },
271 warn ERESOLVE     peer: {
271 warn ERESOLVE       name: 'react',
271 warn ERESOLVE       version: '18.3.1',
271 warn ERESOLVE       whileInstalling: [Object],
271 warn ERESOLVE       location: 'node_modules/react',
271 warn ERESOLVE       isWorkspace: false,
271 warn ERESOLVE       dependents: [Array]
271 warn ERESOLVE     }
271 warn ERESOLVE   }
271 warn ERESOLVE }
272 silly audit bulk request {
272 silly audit   '@alloc/quick-lru': [ '5.2.0' ],
272 silly audit   '@babel/code-frame': [ '7.29.0' ],
272 silly audit   '@babel/helper-validator-identifier': [ '7.28.5' ],
272 silly audit   '@babel/runtime': [ '7.29.2' ],
272 silly audit   '@csstools/cascade-layer-name-parser': [ '1.0.13' ],
272 silly audit   '@csstools/color-helpers': [ '4.2.1' ],
272 silly audit   '@csstools/css-calc': [ '1.2.4' ],
272 silly audit   '@csstools/css-color-parser': [ '2.0.5' ],
272 silly audit   '@csstools/css-parser-algorithms': [ '2.7.1' ],
272 silly audit   '@csstools/css-tokenizer': [ '2.4.1' ],
272 silly audit   '@csstools/media-query-list-parser': [ '2.1.13' ],
272 silly audit   '@csstools/postcss-cascade-layers': [ '4.0.6' ],
272 silly audit   '@csstools/postcss-color-function': [ '3.0.19' ],
272 silly audit   '@csstools/postcss-color-mix-function': [ '2.0.19' ],
272 silly audit   '@csstools/postcss-content-alt-text': [ '1.0.0' ],
272 silly audit   '@csstools/postcss-exponential-functions': [ '1.0.9' ],
272 silly audit   '@csstools/postcss-font-format-keywords': [ '3.0.2' ],
272 silly audit   '@csstools/postcss-gamut-mapping': [ '1.0.11' ],
272 silly audit   '@csstools/postcss-global-data': [ '2.1.1' ],
272 silly audit   '@csstools/postcss-gradients-interpolation-method': [ '4.0.20' ],
272 silly audit   '@csstools/postcss-hwb-function': [ '3.0.18' ],
272 silly audit   '@csstools/postcss-ic-unit': [ '3.0.7' ],
272 silly audit   '@csstools/postcss-initial': [ '1.0.1' ],
272 silly audit   '@csstools/postcss-is-pseudo-class': [ '4.0.8' ],
272 silly audit   '@csstools/postcss-light-dark-function': [ '1.0.8' ],
272 silly audit   '@csstools/postcss-logical-float-and-clear': [ '2.0.1' ],
272 silly audit   '@csstools/postcss-logical-overflow': [ '1.0.1' ],
272 silly audit   '@csstools/postcss-logical-overscroll-behavior': [ '1.0.1' ],
272 silly audit   '@csstools/postcss-logical-resize': [ '2.0.1' ],
272 silly audit   '@csstools/postcss-logical-viewport-units': [ '2.0.11' ],
272 silly audit   '@csstools/postcss-media-minmax': [ '1.1.8' ],
272 silly audit   '@csstools/postcss-media-queries-aspect-ratio-number-values': [ '2.0.11' ],
272 silly audit   '@csstools/postcss-nested-calc': [ '3.0.2' ],
272 silly audit   '@csstools/postcss-normalize-display-values': [ '3.0.2' ],
272 silly audit   '@csstools/postcss-oklab-function': [ '3.0.19' ],
272 silly audit   '@csstools/postcss-progressive-custom-properties': [ '3.3.0' ],
272 silly audit   '@csstools/postcss-relative-color-syntax': [ '2.0.19' ],
272 silly audit   '@csstools/postcss-scope-pseudo-class': [ '3.0.1' ],
272 silly audit   '@csstools/postcss-stepped-value-functions': [ '3.0.10' ],
272 silly audit   '@csstools/postcss-text-decoration-shorthand': [ '3.0.7' ],
272 silly audit   '@csstools/postcss-trigonometric-functions': [ '3.0.10' ],
272 silly audit   '@csstools/postcss-unset-value': [ '3.0.1' ],
272 silly audit   '@csstools/selector-resolve-nested': [ '1.1.0' ],
272 silly audit   '@csstools/selector-specificity': [ '3.1.1' ],
272 silly audit   '@csstools/utilities': [ '1.0.0' ],
272 silly audit   '@emnapi/core': [ '1.10.0', '1.8.1' ],
272 silly audit   '@emnapi/runtime': [ '1.10.0', '1.8.1' ],
272 silly audit   '@emnapi/wasi-threads': [ '1.2.1', '1.1.0' ],
272 silly audit   '@eslint-community/eslint-utils': [ '4.9.1' ],
272 silly audit   'eslint-visitor-keys': [ '3.4.3', '5.0.1', '4.2.1' ],
272 silly audit   '@eslint-community/regexpp': [ '4.12.2' ],
272 silly audit   '@eslint/config-array': [ '0.21.2' ],
272 silly audit   '@eslint/config-helpers': [ '0.4.2' ],
272 silly audit   '@eslint/core': [ '0.17.0' ],
272 silly audit   '@eslint/eslintrc': [ '3.3.5' ],
272 silly audit   '@eslint/js': [ '9.39.4' ],
272 silly audit   '@eslint/object-schema': [ '2.1.7' ],
272 silly audit   '@eslint/plugin-kit': [ '0.4.1' ],
272 silly audit   '@floating-ui/core': [ '1.7.5' ],
272 silly audit   '@floating-ui/dom': [ '1.7.6' ],
272 silly audit   '@floating-ui/react': [ '0.26.28' ],
272 silly audit   '@floating-ui/react-dom': [ '2.1.8' ],
272 silly audit   '@floating-ui/utils': [ '0.2.11' ],
272 silly audit   '@headlessui/react': [ '2.2.10' ],
272 silly audit   '@heroicons/react': [ '2.2.0' ],
272 silly audit   '@humanfs/core': [ '0.19.2' ],
272 silly audit   '@humanfs/node': [ '0.16.8' ],
272 silly audit   '@humanfs/types': [ '0.15.0' ],
272 silly audit   '@humanwhocodes/module-importer': [ '1.0.1' ],
272 silly audit   '@humanwhocodes/retry': [ '0.4.3' ],
272 silly audit   '@internationalized/date': [ '3.12.1' ],
272 silly audit   '@internationalized/number': [ '3.6.6' ],
272 silly audit   '@internationalized/string': [ '3.2.8' ],
272 silly audit   '@jridgewell/gen-mapping': [ '0.3.13' ],
272 silly audit   '@jridgewell/remapping': [ '2.3.5' ],
272 silly audit   '@jridgewell/resolve-uri': [ '3.1.2' ],
272 silly audit   '@jridgewell/sourcemap-codec': [ '1.5.5' ],
272 silly audit   '@jridgewell/trace-mapping': [ '0.3.31' ],
272 silly audit   '@mdx-js/loader': [ '3.1.1' ],
272 silly audit   '@mdx-js/mdx': [ '3.1.1' ],
272 silly audit   '@mdx-js/react': [ '3.1.1' ],
272 silly audit   '@napi-rs/wasm-runtime': [ '0.2.12', '1.1.1' ],
272 silly audit   '@next/env': [ '15.5.15' ],
272 silly audit   '@next/eslint-plugin-next': [ '15.5.15' ],
272 silly audit   '@next/mdx': [ '15.5.15' ],
272 silly audit   '@next/swc-darwin-arm64': [ '15.5.15' ],
272 silly audit   '@next/swc-darwin-x64': [ '15.5.15' ],
272 silly audit   '@next/swc-linux-arm64-gnu': [ '15.5.15' ],
272 silly audit   '@next/swc-linux-arm64-musl': [ '15.5.15' ],
272 silly audit   '@next/swc-linux-x64-gnu': [ '15.5.15' ],
272 silly audit   '@next/swc-linux-x64-musl': [ '15.5.15' ],
272 silly audit   '@next/swc-win32-arm64-msvc': [ '15.5.15' ],
272 silly audit   '@next/swc-win32-x64-msvc': [ '15.5.15' ],
272 silly audit   '@nodelib/fs.scandir': [ '2.1.5' ],
272 silly audit   '@nodelib/fs.stat': [ '2.0.5' ],
272 silly audit   '@nodelib/fs.walk': [ '1.2.8' ],
272 silly audit   '@nolyfill/is-core-module': [ '1.0.39' ],
272 silly audit   '@once-ui-system/core': [ '1.6.4' ],
272 silly audit   '@parcel/watcher': [ '2.5.6' ],
272 silly audit   '@parcel/watcher-android-arm64': [ '2.5.6' ],
272 silly audit   '@parcel/watcher-darwin-arm64': [ '2.5.6' ],
272 silly audit   '@parcel/watcher-darwin-x64': [ '2.5.6' ],
272 silly audit   '@parcel/watcher-freebsd-x64': [ '2.5.6' ],
272 silly audit   '@parcel/watcher-linux-arm-glibc': [ '2.5.6' ],
272 silly audit   '@parcel/watcher-linux-arm-musl': [ '2.5.6' ],
272 silly audit   '@parcel/watcher-linux-arm64-glibc': [ '2.5.6' ],
272 silly audit   '@parcel/watcher-linux-arm64-musl': [ '2.5.6' ],
272 silly audit   '@parcel/watcher-linux-x64-glibc': [ '2.5.6' ],
272 silly audit   '@parcel/watcher-linux-x64-musl': [ '2.5.6' ],
272 silly audit   '@parcel/watcher-win32-arm64': [ '2.5.6' ],
272 silly audit   '@parcel/watcher-win32-ia32': [ '2.5.6' ],
272 silly audit   '@parcel/watcher-win32-x64': [ '2.5.6' ],
272 silly audit   '@radix-ui/primitive': [ '1.1.3' ],
272 silly audit   '@radix-ui/react-compose-refs': [ '1.1.2' ],
272 silly audit   '@radix-ui/react-context': [ '1.1.2' ],
272 silly audit   '@radix-ui/react-dialog': [ '1.1.15' ],
272 silly audit   '@radix-ui/react-slot': [ '1.2.3', '1.2.4' ],
272 silly audit   '@radix-ui/react-dismissable-layer': [ '1.1.11' ],
272 silly audit   '@radix-ui/react-focus-guards': [ '1.1.3' ],
272 silly audit   '@radix-ui/react-focus-scope': [ '1.1.7' ],
272 silly audit   '@radix-ui/react-id': [ '1.1.1' ],
272 silly audit   '@radix-ui/react-portal': [ '1.1.9' ],
272 silly audit   '@radix-ui/react-presence': [ '1.1.5' ],
272 silly audit   '@radix-ui/react-primitive': [ '2.1.3', '2.1.4' ],
272 silly audit   '@radix-ui/react-use-callback-ref': [ '1.1.1' ],
272 silly audit   '@radix-ui/react-use-controllable-state': [ '1.2.2' ],
272 silly audit   '@radix-ui/react-use-effect-event': [ '0.0.2' ],
272 silly audit   '@radix-ui/react-use-escape-keydown': [ '1.1.1' ],
272 silly audit   '@radix-ui/react-use-layout-effect': [ '1.1.1' ],
272 silly audit   '@radix-ui/react-visually-hidden': [ '1.2.4' ],
272 silly audit   '@react-aria/focus': [ '3.22.0' ],
272 silly audit   '@react-aria/interactions': [ '3.28.0' ],
272 silly audit   '@react-types/shared': [ '3.34.0' ],
272 silly audit   '@rtsao/scc': [ '1.1.0' ],
272 silly audit   '@rushstack/eslint-patch': [ '1.16.1' ],
272 silly audit   '@swc/helpers': [ '0.5.21', '0.5.15' ],
272 silly audit   '@tailwindcss/node': [ '4.2.4' ],
272 silly audit   '@tailwindcss/oxide': [ '4.2.4' ],
272 silly audit   '@tailwindcss/oxide-android-arm64': [ '4.2.4' ],
272 silly audit   '@tailwindcss/oxide-darwin-arm64': [ '4.2.4' ],
272 silly audit   '@tailwindcss/oxide-darwin-x64': [ '4.2.4' ],
272 silly audit   '@tailwindcss/oxide-freebsd-x64': [ '4.2.4' ],
272 silly audit   '@tailwindcss/oxide-linux-arm-gnueabihf': [ '4.2.4' ],
272 silly audit   '@tailwindcss/oxide-linux-arm64-gnu': [ '4.2.4' ],
272 silly audit   '@tailwindcss/oxide-linux-arm64-musl': [ '4.2.4' ],
272 silly audit   '@tailwindcss/oxide-linux-x64-gnu': [ '4.2.4' ],
272 silly audit   '@tailwindcss/oxide-linux-x64-musl': [ '4.2.4' ],
272 silly audit   '@tailwindcss/oxide-win32-arm64-msvc': [ '4.2.4' ],
272 silly audit   '@tailwindcss/oxide-win32-x64-msvc': [ '4.2.4' ],
272 silly audit   '@tailwindcss/postcss': [ '4.2.4' ],
272 silly audit   '@tanstack/react-virtual': [ '3.13.24' ],
272 silly audit   '@tanstack/virtual-core': [ '3.14.0' ],
272 silly audit   '@turbo/darwin-64': [ '2.9.6' ],
272 silly audit   '@turbo/darwin-arm64': [ '2.9.6' ],
272 silly audit   '@turbo/linux-64': [ '2.9.6' ],
272 silly audit   '@turbo/linux-arm64': [ '2.9.6' ],
272 silly audit   '@turbo/windows-64': [ '2.9.6' ],
272 silly audit   '@turbo/windows-arm64': [ '2.9.6' ],
272 silly audit   '@tybys/wasm-util': [ '0.10.1' ],
272 silly audit   '@types/cookie': [ '0.6.0' ],
272 silly audit   '@types/d3-array': [ '3.2.2' ],
272 silly audit   '@types/d3-color': [ '3.1.3' ],
272 silly audit   '@types/d3-ease': [ '3.0.2' ],
272 silly audit   '@types/d3-interpolate': [ '3.0.4' ],
272 silly audit   '@types/d3-path': [ '3.1.1' ],
272 silly audit   '@types/d3-scale': [ '4.0.9' ],
272 silly audit   '@types/d3-shape': [ '3.1.8' ],
272 silly audit   '@types/d3-time': [ '3.0.4' ],
272 silly audit   '@types/d3-timer': [ '3.0.2' ],
272 silly audit   '@types/debug': [ '4.1.13' ],
272 silly audit   '@types/estree': [ '1.0.8' ],
272 silly audit   '@types/estree-jsx': [ '1.0.5' ],
272 silly audit   '@types/hast': [ '3.0.4' ],
272 silly audit   '@types/json-schema': [ '7.0.15' ],
272 silly audit   '@types/json5': [ '0.0.29' ],
272 silly audit   '@types/mdast': [ '4.0.4' ],
272 silly audit   '@types/mdx': [ '2.0.13' ],
272 silly audit   '@types/ms': [ '2.1.0' ],
272 silly audit   '@types/node': [ '20.19.39' ],
272 silly audit   '@types/prop-types': [ '15.7.15' ],
272 silly audit   '@types/react': [ '18.3.28' ],
272 silly audit   '@types/react-dom': [ '18.3.7' ],
272 silly audit   '@types/unist': [ '3.0.3', '2.0.11' ],
272 silly audit   '@typescript-eslint/eslint-plugin': [ '8.59.0' ],
272 silly audit   ignore: [ '7.0.5', '5.3.2' ],
272 silly audit   '@typescript-eslint/parser': [ '8.59.0' ],
272 silly audit   '@typescript-eslint/project-service': [ '8.59.0' ],
272 silly audit   '@typescript-eslint/scope-manager': [ '8.59.0' ],
272 silly audit   '@typescript-eslint/tsconfig-utils': [ '8.59.0' ],
272 silly audit   '@typescript-eslint/type-utils': [ '8.59.0' ],
272 silly audit   '@typescript-eslint/types': [ '8.59.0' ],
272 silly audit   '@typescript-eslint/typescript-estree': [ '8.59.0' ],
272 silly audit   'balanced-match': [ '4.0.4', '1.0.2' ],
272 silly audit   'brace-expansion': [ '5.0.5', '1.1.14' ],
272 silly audit   minimatch: [ '10.2.5', '3.1.5' ],
272 silly audit   '@typescript-eslint/utils': [ '8.59.0' ],
272 silly audit   '@typescript-eslint/visitor-keys': [ '8.59.0' ],
272 silly audit   '@ungap/structured-clone': [ '1.3.0' ],
272 silly audit   '@unrs/resolver-binding-android-arm-eabi': [ '1.11.1' ],
272 silly audit   '@unrs/resolver-binding-android-arm64': [ '1.11.1' ],
272 silly audit   '@unrs/resolver-binding-darwin-arm64': [ '1.11.1' ],
272 silly audit   '@unrs/resolver-binding-darwin-x64': [ '1.11.1' ],
272 silly audit   '@unrs/resolver-binding-freebsd-x64': [ '1.11.1' ],
272 silly audit   '@unrs/resolver-binding-linux-arm-gnueabihf': [ '1.11.1' ],
272 silly audit   '@unrs/resolver-binding-linux-arm-musleabihf': [ '1.11.1' ],
272 silly audit   '@unrs/resolver-binding-linux-arm64-gnu': [ '1.11.1' ],
272 silly audit   '@unrs/resolver-binding-linux-arm64-musl': [ '1.11.1' ],
272 silly audit   '@unrs/resolver-binding-linux-ppc64-gnu': [ '1.11.1' ],
272 silly audit   '@unrs/resolver-binding-linux-riscv64-gnu': [ '1.11.1' ],
272 silly audit   '@unrs/resolver-binding-linux-riscv64-musl': [ '1.11.1' ],
272 silly audit   '@unrs/resolver-binding-linux-s390x-gnu': [ '1.11.1' ],
272 silly audit   '@unrs/resolver-binding-linux-x64-gnu': [ '1.11.1' ],
272 silly audit   '@unrs/resolver-binding-linux-x64-musl': [ '1.11.1' ],
272 silly audit   '@unrs/resolver-binding-wasm32-wasi': [ '1.11.1' ],
272 silly audit   '@unrs/resolver-binding-win32-arm64-msvc': [ '1.11.1' ],
272 silly audit   '@unrs/resolver-binding-win32-ia32-msvc': [ '1.11.1' ],
272 silly audit   '@unrs/resolver-binding-win32-x64-msvc': [ '1.11.1' ],
272 silly audit   acorn: [ '8.16.0' ],
272 silly audit   'acorn-jsx': [ '5.3.2' ],
272 silly audit   ajv: [ '6.15.0' ],
272 silly audit   'ansi-styles': [ '4.3.0' ],
272 silly audit   argparse: [ '2.0.1', '1.0.10' ],
272 silly audit   'aria-hidden': [ '1.2.6' ],
272 silly audit   'aria-query': [ '5.3.2' ],
272 silly audit   'array-buffer-byte-length': [ '1.0.2' ],
272 silly audit   'array-includes': [ '3.1.9' ],
272 silly audit   'array.prototype.findlast': [ '1.2.5' ],
272 silly audit   'array.prototype.findlastindex': [ '1.2.6' ],
272 silly audit   'array.prototype.flat': [ '1.3.3' ],
272 silly audit   'array.prototype.flatmap': [ '1.3.3' ],
272 silly audit   'array.prototype.tosorted': [ '1.1.4' ],
272 silly audit   'arraybuffer.prototype.slice': [ '1.0.4' ],
272 silly audit   'ast-types-flow': [ '0.0.8' ],
272 silly audit   astring: [ '1.9.0' ],
272 silly audit   'async-function': [ '1.0.0' ],
272 silly audit   autoprefixer: [ '10.5.0' ],
272 silly audit   'available-typed-arrays': [ '1.0.7' ],
272 silly audit   'axe-core': [ '4.11.3' ],
272 silly audit   'axobject-query': [ '4.1.0' ],
272 silly audit   bail: [ '2.0.2' ],
272 silly audit   'baseline-browser-mapping': [ '2.10.21' ],
272 silly audit   'blueimp-canvas-to-blob': [ '3.29.0' ],
272 silly audit   braces: [ '3.0.3' ],
272 silly audit   browserslist: [ '4.28.2' ],
272 silly audit   'call-bind': [ '1.0.9' ],
272 silly audit   'call-bind-apply-helpers': [ '1.0.2' ],
272 silly audit   'call-bound': [ '1.0.4' ],
272 silly audit   callsites: [ '3.1.0' ],
272 silly audit   'caniuse-lite': [ '1.0.30001790' ],
272 silly audit   ccount: [ '2.0.1' ],
272 silly audit   chalk: [ '4.1.2' ],
272 silly audit   'character-entities': [ '2.0.2' ],
272 silly audit   'character-entities-html4': [ '2.1.0' ],
272 silly audit   'character-entities-legacy': [ '3.0.0' ],
272 silly audit   'character-reference-invalid': [ '2.0.1' ],
272 silly audit   chokidar: [ '4.0.3' ],
272 silly audit   'class-variance-authority': [ '0.7.1' ],
272 silly audit   classnames: [ '2.5.1' ],
272 silly audit   'client-only': [ '0.0.1' ],
272 silly audit   cloudinary: [ '2.9.0' ],
272 silly audit   clsx: [ '2.1.1' ],
272 silly audit   'collapse-white-space': [ '2.1.0' ],
272 silly audit   'color-convert': [ '2.0.1' ],
272 silly audit   'color-name': [ '1.1.4' ],
272 silly audit   'comma-separated-tokens': [ '2.0.3' ],
272 silly audit   compressorjs: [ '1.3.0' ],
272 silly audit   'concat-map': [ '0.0.1' ],
272 silly audit   cookie: [ '1.1.1' ],
272 silly audit   'cross-spawn': [ '7.0.6' ],
272 silly audit   'css-blank-pseudo': [ '6.0.2' ],
272 silly audit   'css-has-pseudo': [ '6.0.5' ],
272 silly audit   'css-prefers-color-scheme': [ '9.0.1' ],
272 silly audit   cssdb: [ '8.8.0' ],
272 silly audit   cssesc: [ '3.0.0' ],
272 silly audit   csstype: [ '3.2.3' ],
272 silly audit   'd3-array': [ '3.2.4' ],
272 silly audit   'd3-color': [ '3.1.0' ],
272 silly audit   'd3-ease': [ '3.0.1' ],
272 silly audit   'd3-format': [ '3.1.2' ],
272 silly audit   'd3-interpolate': [ '3.0.1' ],
272 silly audit   'd3-path': [ '3.1.0' ],
272 silly audit   'd3-scale': [ '4.0.2' ],
272 silly audit   'd3-shape': [ '3.2.0' ],
272 silly audit   'd3-time': [ '3.1.0' ],
272 silly audit   'd3-time-format': [ '4.1.0' ],
272 silly audit   'd3-timer': [ '3.0.1' ],
272 silly audit   'damerau-levenshtein': [ '1.0.8' ],
272 silly audit   'data-view-buffer': [ '1.0.2' ],
272 silly audit   'data-view-byte-length': [ '1.0.2' ],
272 silly audit   'data-view-byte-offset': [ '1.0.1' ],
272 silly audit   'date-fns': [ '4.1.0' ],
272 silly audit   debug: [ '4.4.3', '3.2.7' ],
272 silly audit   'decimal.js-light': [ '2.5.1' ],
272 silly audit   'decode-named-character-reference': [ '1.3.0' ],
272 silly audit   'deep-is': [ '0.1.4' ],
272 silly audit   'define-data-property': [ '1.1.4' ],
272 silly audit   'define-properties': [ '1.2.1' ],
272 silly audit   dequal: [ '2.0.3' ],
272 silly audit   'detect-libc': [ '2.1.2' ],
272 silly audit   'detect-node-es': [ '1.1.0' ],
272 silly audit   devlop: [ '1.1.0' ],
272 silly audit   doctrine: [ '2.1.0' ],
272 silly audit   'dom-helpers': [ '5.2.1' ],
272 silly audit   'dunder-proto': [ '1.0.1' ],
272 silly audit   'electron-to-chromium': [ '1.5.344' ],
272 silly audit   'emoji-regex': [ '9.2.2' ],
272 silly audit   'enhanced-resolve': [ '5.21.0' ],
272 silly audit   'es-abstract': [ '1.24.2' ],
272 silly audit   'es-define-property': [ '1.0.1' ],
272 silly audit   'es-errors': [ '1.3.0' ],
272 silly audit   'es-iterator-helpers': [ '1.3.2' ],
272 silly audit   'es-object-atoms': [ '1.1.1' ],
272 silly audit   'es-set-tostringtag': [ '2.1.0' ],
272 silly audit   'es-shim-unscopables': [ '1.1.0' ],
272 silly audit   'es-to-primitive': [ '1.3.0' ],
272 silly audit   'esast-util-from-estree': [ '2.0.0' ],
272 silly audit   'esast-util-from-js': [ '2.0.1' ],
272 silly audit   escalade: [ '3.2.0' ],
272 silly audit   'escape-string-regexp': [ '4.0.0' ],
272 silly audit   eslint: [ '9.39.4' ],
272 silly audit   'eslint-config-next': [ '15.5.15' ],
272 silly audit   'eslint-import-resolver-node': [ '0.3.10' ],
272 silly audit   'eslint-import-resolver-typescript': [ '3.10.1' ],
272 silly audit   'eslint-module-utils': [ '2.12.1' ],
272 silly audit   'eslint-plugin-import': [ '2.32.0' ],
272 silly audit   semver: [ '6.3.1', '7.7.4' ],
272 silly audit   'eslint-plugin-jsx-a11y': [ '6.10.2' ],
272 silly audit   'eslint-plugin-react': [ '7.37.5' ],
272 silly audit   'eslint-plugin-react-hooks': [ '5.2.0' ],
272 silly audit   'eslint-scope': [ '8.4.0' ],
272 silly audit   espree: [ '10.4.0' ],
272 silly audit   esprima: [ '4.0.1' ],
272 silly audit   esquery: [ '1.7.0' ],
272 silly audit   esrecurse: [ '4.3.0' ],
272 silly audit   estraverse: [ '5.3.0' ],
272 silly audit   'estree-util-attach-comments': [ '3.0.0' ],
272 silly audit   'estree-util-build-jsx': [ '3.0.1' ],
272 silly audit   'estree-util-is-identifier-name': [ '3.0.0' ],
272 silly audit   'estree-util-scope': [ '1.0.0' ],
272 silly audit   'estree-util-to-js': [ '2.0.0' ],
272 silly audit   'estree-util-visit': [ '2.0.0' ],
272 silly audit   'estree-walker': [ '3.0.3' ],
272 silly audit   esutils: [ '2.0.3' ],
272 silly audit   eventemitter3: [ '4.0.7' ],
272 silly audit   extend: [ '3.0.2' ],
272 silly audit   'extend-shallow': [ '2.0.1' ],
272 silly audit   'fast-deep-equal': [ '3.1.3' ],
272 silly audit   'fast-equals': [ '5.4.0' ],
272 silly audit   'fast-glob': [ '3.3.1' ],
272 silly audit   'glob-parent': [ '5.1.2', '6.0.2' ],
272 silly audit   'fast-json-stable-stringify': [ '2.1.0' ],
272 silly audit   'fast-levenshtein': [ '2.0.6' ],
272 silly audit   fastq: [ '1.20.1' ],
272 silly audit   fdir: [ '6.5.0' ],
272 silly audit   'file-entry-cache': [ '8.0.0' ],
272 silly audit   'fill-range': [ '7.1.1' ],
272 silly audit   'find-up': [ '5.0.0' ],
272 silly audit   'flat-cache': [ '4.0.1' ],
272 silly audit   flatted: [ '3.4.2' ],
272 silly audit   'for-each': [ '0.3.5' ],
272 silly audit   'fraction.js': [ '5.3.4' ],
272 silly audit   'framer-motion': [ '12.38.0' ],
272 silly audit   'function-bind': [ '1.1.2' ],
272 silly audit   'function.prototype.name': [ '1.1.8' ],
272 silly audit   'functions-have-names': [ '1.2.3' ],
272 silly audit   'generator-function': [ '2.0.1' ],
272 silly audit   'get-intrinsic': [ '1.3.0' ],
272 silly audit   'get-nonce': [ '1.0.1' ],
272 silly audit   'get-proto': [ '1.0.1' ],
272 silly audit   'get-symbol-description': [ '1.1.0' ],
272 silly audit   'get-tsconfig': [ '4.14.0' ],
272 silly audit   globals: [ '14.0.0' ],
272 silly audit   globalthis: [ '1.0.4' ],
272 silly audit   gopd: [ '1.2.0' ],
272 silly audit   'graceful-fs': [ '4.2.11' ],
272 silly audit   'gray-matter': [ '4.0.3' ],
272 silly audit   'js-yaml': [ '3.14.2', '4.1.1' ],
272 silly audit   'has-bigints': [ '1.1.0' ],
272 silly audit   'has-flag': [ '4.0.0' ],
272 silly audit   'has-property-descriptors': [ '1.0.2' ],
272 silly audit   'has-proto': [ '1.2.0' ],
272 silly audit   'has-symbols': [ '1.1.0' ],
272 silly audit   'has-tostringtag': [ '1.0.2' ],
272 silly audit   hasown: [ '2.0.3' ],
272 silly audit   'hast-util-sanitize': [ '5.0.2' ],
272 silly audit   'hast-util-to-estree': [ '3.1.3' ],
272 silly audit   'hast-util-to-html': [ '9.0.5' ],
272 silly audit   'hast-util-to-jsx-runtime': [ '2.3.6' ],
272 silly audit   'hast-util-whitespace': [ '3.0.0' ],
272 silly audit   'html-void-elements': [ '3.0.0' ],
272 silly audit   immutable: [ '5.1.5' ],
272 silly audit   'import-fresh': [ '3.3.1' ],
272 silly audit   imurmurhash: [ '0.1.4' ],
272 silly audit   'inline-style-parser': [ '0.2.7' ],
272 silly audit   'internal-slot': [ '1.1.0' ],
272 silly audit   internmap: [ '2.0.3' ],
272 silly audit   'is-alphabetical': [ '2.0.1' ],
272 silly audit   'is-alphanumerical': [ '2.0.1' ],
272 silly audit   'is-array-buffer': [ '3.0.5' ],
272 silly audit   'is-async-function': [ '2.1.1' ],
272 silly audit   'is-bigint': [ '1.1.0' ],
272 silly audit   'is-blob': [ '2.1.0' ],
272 silly audit   'is-boolean-object': [ '1.2.2' ],
272 silly audit   'is-bun-module': [ '2.0.0' ],
272 silly audit   'is-callable': [ '1.2.7' ],
272 silly audit   'is-core-module': [ '2.16.1' ],
272 silly audit   'is-data-view': [ '1.0.2' ],
272 silly audit   'is-date-object': [ '1.1.0' ],
272 silly audit   'is-decimal': [ '2.0.1' ],
272 silly audit   'is-extendable': [ '0.1.1' ],
272 silly audit   'is-extglob': [ '2.1.1' ],
272 silly audit   'is-finalizationregistry': [ '1.1.1' ],
272 silly audit   'is-generator-function': [ '1.1.2' ],
272 silly audit   'is-glob': [ '4.0.3' ],
272 silly audit   'is-hexadecimal': [ '2.0.1' ],
272 silly audit   'is-map': [ '2.0.3' ],
272 silly audit   'is-negative-zero': [ '2.0.3' ],
272 silly audit   'is-number': [ '7.0.0' ],
272 silly audit   'is-number-object': [ '1.1.1' ],
272 silly audit   'is-plain-obj': [ '4.1.0' ],
272 silly audit   'is-regex': [ '1.2.1' ],
272 silly audit   'is-set': [ '2.0.3' ],
272 silly audit   'is-shared-array-buffer': [ '1.0.4' ],
272 silly audit   'is-string': [ '1.1.1' ],
272 silly audit   'is-symbol': [ '1.1.1' ],
272 silly audit   'is-typed-array': [ '1.1.15' ],
272 silly audit   'is-weakmap': [ '2.0.2' ],
272 silly audit   'is-weakref': [ '1.1.1' ],
272 silly audit   'is-weakset': [ '2.0.4' ],
272 silly audit   isarray: [ '2.0.5' ],
272 silly audit   isexe: [ '2.0.0' ],
272 silly audit   'iterator.prototype': [ '1.1.5' ],
272 silly audit   jiti: [ '2.6.1' ],
272 silly audit   'js-tokens': [ '4.0.0' ],
272 silly audit   'json-buffer': [ '3.0.1' ],
272 silly audit   'json-schema-traverse': [ '0.4.1' ],
272 silly audit   'json-stable-stringify-without-jsonify': [ '1.0.1' ],
272 silly audit   json5: [ '1.0.2' ],
272 silly audit   'jsx-ast-utils': [ '3.3.5' ],
272 silly audit   keyv: [ '4.5.4' ],
272 silly audit   'kind-of': [ '6.0.3' ],
272 silly audit   'language-subtag-registry': [ '0.3.23' ],
272 silly audit   'language-tags': [ '1.0.9' ],
272 silly audit   levn: [ '0.4.1' ],
272 silly audit   lightningcss: [ '1.32.0' ],
272 silly audit   'lightningcss-android-arm64': [ '1.32.0' ],
272 silly audit   'lightningcss-darwin-arm64': [ '1.32.0' ],
272 silly audit   'lightningcss-darwin-x64': [ '1.32.0' ],
272 silly audit   'lightningcss-freebsd-x64': [ '1.32.0' ],
272 silly audit   'lightningcss-linux-arm-gnueabihf': [ '1.32.0' ],
272 silly audit   'lightningcss-linux-arm64-gnu': [ '1.32.0' ],
272 silly audit   'lightningcss-linux-arm64-musl': [ '1.32.0' ],
272 silly audit   'lightningcss-linux-x64-gnu': [ '1.32.0' ],
272 silly audit   'lightningcss-linux-x64-musl': [ '1.32.0' ],
272 silly audit   'lightningcss-win32-arm64-msvc': [ '1.32.0' ],
272 silly audit   'lightningcss-win32-x64-msvc': [ '1.32.0' ],
272 silly audit   'locate-path': [ '6.0.0' ],
272 silly audit   lodash: [ '4.18.1' ],
272 silly audit   'lodash.merge': [ '4.6.2' ],
272 silly audit   'longest-streak': [ '3.1.0' ],
272 silly audit   'loose-envify': [ '1.4.0' ],
272 silly audit   'lucide-react': [ '0.509.0' ],
272 silly audit   'magic-string': [ '0.30.21' ],
272 silly audit   'markdown-extensions': [ '2.0.0' ],
272 silly audit   'math-intrinsics': [ '1.1.0' ],
272 silly audit   'mdast-util-from-markdown': [ '2.0.3' ],
272 silly audit   'mdast-util-mdx': [ '3.0.0' ],
272 silly audit   'mdast-util-mdx-expression': [ '2.0.1' ],
272 silly audit   'mdast-util-mdx-jsx': [ '3.2.0' ],
272 silly audit   'mdast-util-mdxjs-esm': [ '2.0.1' ],
272 silly audit   'mdast-util-phrasing': [ '4.1.0' ],
272 silly audit   'mdast-util-to-hast': [ '13.2.1' ],
272 silly audit   'mdast-util-to-markdown': [ '2.1.2' ],
272 silly audit   'mdast-util-to-string': [ '4.0.0' ],
272 silly audit   merge2: [ '1.4.1' ],
272 silly audit   micromark: [ '4.0.2' ],
272 silly audit   'micromark-core-commonmark': [ '2.0.3' ],
272 silly audit   'micromark-extension-mdx-expression': [ '3.0.1' ],
272 silly audit   'micromark-extension-mdx-jsx': [ '3.0.2' ],
272 silly audit   'micromark-extension-mdx-md': [ '2.0.0' ],
272 silly audit   'micromark-extension-mdxjs': [ '3.0.0' ],
272 silly audit   'micromark-extension-mdxjs-esm': [ '3.0.0' ],
272 silly audit   'micromark-factory-destination': [ '2.0.1' ],
272 silly audit   'micromark-factory-label': [ '2.0.1' ],
272 silly audit   'micromark-factory-mdx-expression': [ '2.0.3' ],
272 silly audit   'micromark-factory-space': [ '2.0.1' ],
272 silly audit   'micromark-factory-title': [ '2.0.1' ],
272 silly audit   'micromark-factory-whitespace': [ '2.0.1' ],
272 silly audit   'micromark-util-character': [ '2.1.1' ],
272 silly audit   'micromark-util-chunked': [ '2.0.1' ],
272 silly audit   'micromark-util-classify-character': [ '2.0.1' ],
272 silly audit   'micromark-util-combine-extensions': [ '2.0.1' ],
272 silly audit   'micromark-util-decode-numeric-character-reference': [ '2.0.2' ],
272 silly audit   'micromark-util-decode-string': [ '2.0.1' ],
272 silly audit   'micromark-util-encode': [ '2.0.1' ],
272 silly audit   'micromark-util-events-to-acorn': [ '2.0.3' ],
272 silly audit   'micromark-util-html-tag-name': [ '2.0.1' ],
272 silly audit   'micromark-util-normalize-identifier': [ '2.0.1' ],
272 silly audit   'micromark-util-resolve-all': [ '2.0.1' ],
272 silly audit   'micromark-util-sanitize-uri': [ '2.0.1' ],
272 silly audit   'micromark-util-subtokenize': [ '2.1.0' ],
272 silly audit   'micromark-util-symbol': [ '2.0.1' ],
272 silly audit   'micromark-util-types': [ '2.0.2' ],
272 silly audit   micromatch: [ '4.0.8' ],
272 silly audit   picomatch: [ '2.3.2', '4.0.4' ],
272 silly audit   minimist: [ '1.2.8' ],
272 silly audit   'motion-dom': [ '12.38.0' ],
272 silly audit   'motion-utils': [ '12.36.0' ],
272 silly audit   ms: [ '2.1.3' ],
272 silly audit   nanoid: [ '3.3.11' ],
272 silly audit   'napi-postinstall': [ '0.3.4' ],
272 silly audit   'natural-compare': [ '1.4.0' ],
272 silly audit   next: [ '15.5.15' ],
272 silly audit   'next-mdx-remote': [ '6.0.0' ],
272 silly audit   postcss: [ '8.4.31', '8.5.10' ],
272 silly audit   'node-addon-api': [ '7.1.1' ],
272 silly audit   'node-exports-info': [ '1.6.0' ],
272 silly audit   'node-releases': [ '2.0.38' ],
272 silly audit   'object-assign': [ '4.1.1' ],
272 silly audit   'object-inspect': [ '1.13.4' ],
272 silly audit   'object-keys': [ '1.1.1' ],
272 silly audit   'object.assign': [ '4.1.7' ],
272 silly audit   'object.entries': [ '1.1.9' ],
272 silly audit   'object.fromentries': [ '2.0.8' ],
272 silly audit   'object.groupby': [ '1.0.3' ],
272 silly audit   'object.values': [ '1.2.1' ],
272 silly audit   optionator: [ '0.9.4' ],
272 silly audit   'own-keys': [ '1.0.1' ],
272 silly audit   'p-limit': [ '3.1.0' ],
272 silly audit   'p-locate': [ '5.0.0' ],
272 silly audit   'parent-module': [ '1.0.1' ],
272 silly audit   'parse-entities': [ '4.0.2' ],
272 silly audit   'path-exists': [ '4.0.0' ],
272 silly audit   'path-key': [ '3.1.1' ],
272 silly audit   'path-parse': [ '1.0.7' ],
272 silly audit   picocolors: [ '1.1.1' ],
272 silly audit   'possible-typed-array-names': [ '1.1.0' ],
272 silly audit   'postcss-attribute-case-insensitive': [ '6.0.3' ],
272 silly audit   'postcss-clamp': [ '4.1.0' ],
272 silly audit   'postcss-color-functional-notation': [ '6.0.14' ],
272 silly audit   'postcss-color-hex-alpha': [ '9.0.4' ],
272 silly audit   'postcss-color-rebeccapurple': [ '9.0.3' ],
272 silly audit   'postcss-custom-media': [ '10.0.8' ],
272 silly audit   'postcss-custom-properties': [ '13.3.12' ],
272 silly audit   'postcss-custom-selectors': [ '7.1.12' ],
272 silly audit   'postcss-dir-pseudo-class': [ '8.0.1' ],
272 silly audit   'postcss-double-position-gradients': [ '5.0.7' ],
272 silly audit   'postcss-flexbugs-fixes': [ '5.0.2' ],
272 silly audit   'postcss-focus-visible': [ '9.0.1' ],
272 silly audit   'postcss-focus-within': [ '8.0.1' ],
272 silly audit   'postcss-font-variant': [ '5.0.0' ],
272 silly audit   'postcss-gap-properties': [ '5.0.1' ],
272 silly audit   'postcss-image-set-function': [ '6.0.3' ],
272 silly audit   'postcss-lab-function': [ '6.0.19' ],
272 silly audit   'postcss-logical': [ '7.0.1' ],
272 silly audit   'postcss-nesting': [ '12.1.5' ],
272 silly audit   'postcss-opacity-percentage': [ '2.0.0' ],
272 silly audit   'postcss-overflow-shorthand': [ '5.0.1' ],
272 silly audit   'postcss-page-break': [ '3.0.4' ],
272 silly audit   'postcss-place': [ '9.0.1' ],
272 silly audit   'postcss-preset-env': [ '9.6.0' ],
272 silly audit   'postcss-pseudo-class-any-link': [ '9.0.2' ],
272 silly audit   'postcss-replace-overflow-wrap': [ '4.0.0' ],
272 silly audit   'postcss-selector-not': [ '7.0.2' ],
272 silly audit   'postcss-selector-parser': [ '6.1.2' ],
272 silly audit   'postcss-value-parser': [ '4.2.0' ],
272 silly audit   'prelude-ls': [ '1.2.1' ],
272 silly audit   prismjs: [ '1.30.0' ],
272 silly audit   'prop-types': [ '15.8.1' ],
272 silly audit   'property-information': [ '7.1.0' ],
272 silly audit   punycode: [ '2.3.1' ],
272 silly audit   'queue-microtask': [ '1.2.3' ],
272 silly audit   react: [ '19.0.0' ],
272 silly audit   'react-aria': [ '3.48.0' ],
272 silly audit   'react-dom': [ '19.0.0' ],
272 silly audit   'react-hooks-global-state': [ '2.1.0' ],
272 silly audit   'react-icons': [ '5.6.0' ],
272 silly audit   'react-is': [ '16.13.1', '18.3.1' ],
272 silly audit   'react-masonry-css': [ '1.0.16' ],
272 silly audit   'react-remove-scroll': [ '2.7.2' ],
272 silly audit   'react-remove-scroll-bar': [ '2.3.8' ],
272 silly audit   'react-smooth': [ '4.0.4' ],
272 silly audit   'react-stately': [ '3.46.0' ],
272 silly audit   'react-style-singleton': [ '2.2.3' ],
272 silly audit   'react-swipeable': [ '7.0.2' ],
272 silly audit   'react-transition-group': [ '4.4.5' ],
272 silly audit   readdirp: [ '4.1.2' ],
272 silly audit   recharts: [ '2.15.4' ],
272 silly audit   'recharts-scale': [ '0.4.5' ],
272 silly audit   'recma-build-jsx': [ '1.0.0' ],
272 silly audit   'recma-jsx': [ '1.0.1' ],
272 silly audit   'recma-parse': [ '1.0.0' ],
272 silly audit   'recma-stringify': [ '1.0.0' ],
272 silly audit   'reflect.getprototypeof': [ '1.0.10' ],
272 silly audit   'regexp.prototype.flags': [ '1.5.4' ],
272 silly audit   'rehype-recma': [ '1.0.0' ],
272 silly audit   remark: [ '15.0.1' ],
272 silly audit   'remark-html': [ '16.0.1' ],
272 silly audit   'remark-mdx': [ '3.1.1' ],
272 silly audit   'remark-parse': [ '11.0.0' ],
272 silly audit   'remark-rehype': [ '11.1.2' ],
272 silly audit   'remark-stringify': [ '11.0.0' ],
272 silly audit   resolve: [ '2.0.0-next.6' ],
272 silly audit   'resolve-from': [ '4.0.0' ],
272 silly audit   'resolve-pkg-maps': [ '1.0.0' ],
272 silly audit   reusify: [ '1.1.0' ],
272 silly audit   'run-parallel': [ '1.2.0' ],
272 silly audit   'safe-array-concat': [ '1.1.4' ],
272 silly audit   'safe-push-apply': [ '1.0.0' ],
272 silly audit   'safe-regex-test': [ '1.1.0' ],
272 silly audit   sass: [ '1.99.0' ],
272 silly audit   scheduler: [ '0.25.0' ],
272 silly audit   'section-matter': [ '1.0.0' ],
272 silly audit   'set-function-length': [ '1.2.2' ],
272 silly audit   'set-function-name': [ '2.0.2' ],
272 silly audit   'set-proto': [ '1.0.0' ],
272 silly audit   'shebang-command': [ '2.0.0' ],
272 silly audit   'shebang-regex': [ '3.0.0' ],
272 silly audit   'side-channel': [ '1.1.0' ],
272 silly audit   'side-channel-list': [ '1.0.1' ],
272 silly audit   'side-channel-map': [ '1.0.1' ],
272 silly audit   'side-channel-weakmap': [ '1.0.2' ],
272 silly audit   'source-map': [ '0.7.6' ],
272 silly audit   'source-map-js': [ '1.2.1' ],
272 silly audit   'space-separated-tokens': [ '2.0.2' ],
272 silly audit   'sprintf-js': [ '1.0.3' ],
272 silly audit   'stable-hash': [ '0.0.5' ],
272 silly audit   'stop-iteration-iterator': [ '1.1.0' ],
272 silly audit   'string.prototype.includes': [ '2.0.1' ],
272 silly audit   'string.prototype.matchall': [ '4.0.12' ],
272 silly audit   'string.prototype.repeat': [ '1.0.0' ],
272 silly audit   'string.prototype.trim': [ '1.2.10' ],
272 silly audit   'string.prototype.trimend': [ '1.0.9' ],
272 silly audit   'string.prototype.trimstart': [ '1.0.8' ],
272 silly audit   'stringify-entities': [ '4.0.4' ],
272 silly audit   'strip-bom': [ '3.0.0' ],
272 silly audit   'strip-bom-string': [ '1.0.0' ],
272 silly audit   'strip-json-comments': [ '3.1.1' ],
272 silly audit   'style-to-js': [ '1.1.21' ],
272 silly audit   'style-to-object': [ '1.0.14' ],
272 silly audit   'styled-jsx': [ '5.1.6' ],
272 silly audit   'supports-color': [ '7.2.0' ],
272 silly audit   'supports-preserve-symlinks-flag': [ '1.0.0' ],
272 silly audit   tabbable: [ '6.4.0' ],
272 silly audit   'tailwind-merge': [ '3.5.0' ],
272 silly audit   tailwindcss: [ '4.2.4' ],
272 silly audit   tapable: [ '2.3.3' ],
272 silly audit   'tiny-invariant': [ '1.3.3' ],
272 silly audit   tinyglobby: [ '0.2.16' ],
272 silly audit   'to-regex-range': [ '5.0.1' ],
272 silly audit   'trim-lines': [ '3.0.1' ],
272 silly audit   trough: [ '2.2.0' ],
272 silly audit   'ts-api-utils': [ '2.5.0' ],
272 silly audit   'tsconfig-paths': [ '3.15.0' ],
272 silly audit   tslib: [ '2.8.1' ],
272 silly audit   turbo: [ '2.9.6' ],
272 silly audit   'tw-animate-css': [ '1.4.0' ],
272 silly audit   'type-check': [ '0.4.0' ],
272 silly audit   'typed-array-buffer': [ '1.0.3' ],
272 silly audit   'typed-array-byte-length': [ '1.0.3' ],
272 silly audit   'typed-array-byte-offset': [ '1.0.4' ],
272 silly audit   'typed-array-length': [ '1.0.7' ],
272 silly audit   typescript: [ '5.9.3' ],
272 silly audit   'unbox-primitive': [ '1.1.0' ],
272 silly audit   'undici-types': [ '6.21.0' ],
272 silly audit   unified: [ '11.0.5' ],
272 silly audit   'unist-util-is': [ '6.0.1' ],
272 silly audit   'unist-util-position': [ '5.0.0' ],
272 silly audit   'unist-util-position-from-estree': [ '2.0.0' ],
272 silly audit   'unist-util-remove': [ '4.0.0' ],
272 silly audit   'unist-util-stringify-position': [ '4.0.0' ],
272 silly audit   'unist-util-visit': [ '5.1.0' ],
272 silly audit   'unist-util-visit-parents': [ '6.0.2' ],
272 silly audit   'unrs-resolver': [ '1.11.1' ],
272 silly audit   'update-browserslist-db': [ '1.2.3' ],
272 silly audit   'uri-js': [ '4.4.1' ],
272 silly audit   'use-callback-ref': [ '1.3.3' ],
272 silly audit   'use-sidecar': [ '1.1.3' ],
272 silly audit   'use-sync-external-store': [ '1.6.0', '1.2.0' ],
272 silly audit   'util-deprecate': [ '1.0.2' ],
272 silly audit   vfile: [ '6.0.3' ],
272 silly audit   'vfile-matter': [ '5.0.1' ],
272 silly audit   'vfile-message': [ '4.0.3' ],
272 silly audit   'victory-vendor': [ '36.9.2' ],
272 silly audit   which: [ '2.0.2' ],
272 silly audit   'which-boxed-primitive': [ '1.1.1' ],
272 silly audit   'which-builtin-type': [ '1.2.1' ],
272 silly audit   'which-collection': [ '1.0.2' ],
272 silly audit   'which-typed-array': [ '1.1.20' ],
272 silly audit   'word-wrap': [ '1.2.5' ],
272 silly audit   yaml: [ '2.8.3' ],
272 silly audit   'yocto-queue': [ '0.1.0' ],
272 silly audit   zustand: [ '4.0.0' ],
272 silly audit   zwitch: [ '2.0.4' ],
272 silly audit   sharp: [ '0.33.5', '0.34.5' ],
272 silly audit   '@tailwindcss/oxide-wasm32-wasi': [ '4.2.4' ],
272 silly audit   '@img/sharp-darwin-arm64': [ '0.33.5', '0.34.5' ],
272 silly audit   '@img/sharp-darwin-x64': [ '0.33.5', '0.34.5' ],
272 silly audit   '@img/sharp-libvips-darwin-arm64': [ '1.0.4', '1.2.4' ],
272 silly audit   '@img/sharp-libvips-darwin-x64': [ '1.0.4', '1.2.4' ],
272 silly audit   '@img/sharp-libvips-linux-arm': [ '1.0.5', '1.2.4' ],
272 silly audit   '@img/sharp-libvips-linux-arm64': [ '1.0.4', '1.2.4' ],
272 silly audit   '@img/sharp-libvips-linux-s390x': [ '1.0.4', '1.2.4' ],
272 silly audit   '@img/sharp-libvips-linux-x64': [ '1.0.4', '1.2.4' ],
272 silly audit   '@img/sharp-libvips-linuxmusl-arm64': [ '1.0.4', '1.2.4' ],
272 silly audit   '@img/sharp-libvips-linuxmusl-x64': [ '1.0.4', '1.2.4' ],
272 silly audit   '@img/sharp-linux-arm': [ '0.33.5', '0.34.5' ],
272 silly audit   '@img/sharp-linux-arm64': [ '0.33.5', '0.34.5' ],
272 silly audit   '@img/sharp-linux-s390x': [ '0.33.5', '0.34.5' ],
272 silly audit   '@img/sharp-linux-x64': [ '0.33.5', '0.34.5' ],
272 silly audit   '@img/sharp-linuxmusl-arm64': [ '0.33.5', '0.34.5' ],
272 silly audit   '@img/sharp-linuxmusl-x64': [ '0.33.5', '0.34.5' ],
272 silly audit   '@img/sharp-wasm32': [ '0.33.5', '0.34.5' ],
272 silly audit   '@img/sharp-win32-ia32': [ '0.33.5', '0.34.5' ],
272 silly audit   '@img/sharp-win32-x64': [ '0.33.5', '0.34.5' ],
272 silly audit   color: [ '4.2.3' ],
272 silly audit   'color-string': [ '1.9.1' ],
272 silly audit   'simple-swizzle': [ '0.2.4' ],
272 silly audit   'is-arrayish': [ '0.3.4' ],
272 silly audit   '@img/colour': [ '1.1.0' ],
272 silly audit   '@img/sharp-libvips-linux-ppc64': [ '1.2.4' ],
272 silly audit   '@img/sharp-libvips-linux-riscv64': [ '1.2.4' ],
272 silly audit   '@img/sharp-linux-ppc64': [ '0.34.5' ],
272 silly audit   '@img/sharp-linux-riscv64': [ '0.34.5' ],
272 silly audit   '@img/sharp-win32-arm64': [ '0.34.5' ]
272 silly audit }
273 http fetch POST 200 https://registry.npmjs.org/-/npm/v1/security/advisories/bulk 416ms
274 silly audit report {
274 silly audit report   'brace-expansion': [
274 silly audit report     {
274 silly audit report       id: 1120311,
274 silly audit report       url: 'https://github.com/advisories/GHSA-jxxr-4gwj-5jf2',
274 silly audit report       title: 'brace-expansion: Large numeric range defeats documented `max` DoS protection',
274 silly audit report       severity: 'moderate',
274 silly audit report       vulnerable_versions: '>=5.0.0 <5.0.6',
274 silly audit report       cwe: [Array],
274 silly audit report       cvss: [Object]
274 silly audit report     },
274 silly audit report     {
274 silly audit report       id: 1130588,
274 silly audit report       url: 'https://github.com/advisories/GHSA-mh99-v99m-4gvg',
274 silly audit report       title: 'brace-expansion: DoS via unbounded expansion length causing an out-of-memory process crash',
274 silly audit report       severity: 'high',
274 silly audit report       vulnerable_versions: '<1.1.17',
274 silly audit report       cwe: [Array],
274 silly audit report       cvss: [Object]
274 silly audit report     },
274 silly audit report     {
274 silly audit report       id: 1130591,
274 silly audit report       url: 'https://github.com/advisories/GHSA-mh99-v99m-4gvg',
274 silly audit report       title: 'brace-expansion: DoS via unbounded expansion length causing an out-of-memory process crash',
274 silly audit report       severity: 'high',
274 silly audit report       vulnerable_versions: '>=4.0.0 <5.0.8',
274 silly audit report       cwe: [Array],
274 silly audit report       cvss: [Object]
274 silly audit report     },
274 silly audit report     {
274 silly audit report       id: 1130734,
274 silly audit report       url: 'https://github.com/advisories/GHSA-rgw5-rvv9-x895',
274 silly audit report       title: 'brace-expansion: DoS via unbounded intermediate arrays, bypassing the CVE-2026-14257 mitigation',
274 silly audit report       severity: 'high',
274 silly audit report       vulnerable_versions: '>=4.0.0 <5.0.9',
274 silly audit report       cwe: [Array],
274 silly audit report       cvss: [Object]
274 silly audit report     },
274 silly audit report     {
274 silly audit report       id: 1130737,
274 silly audit report       url: 'https://github.com/advisories/GHSA-rgw5-rvv9-x895',
274 silly audit report       title: 'brace-expansion: DoS via unbounded intermediate arrays, bypassing the CVE-2026-14257 mitigation',
274 silly audit report       severity: 'high',
274 silly audit report       vulnerable_versions: '<1.1.18',
274 silly audit report       cwe: [Array],
274 silly audit report       cvss: [Object]
274 silly audit report     },
274 silly audit report     {
274 silly audit report       id: 1123897,
274 silly audit report       url: 'https://github.com/advisories/GHSA-3jxr-9vmj-r5cp',
274 silly audit report       title: 'brace-expansion: DoS via exponential-time expansion of consecutive non-expanding {} groups',
274 silly audit report       severity: 'high',
274 silly audit report       vulnerable_versions: '<1.1.16',
274 silly audit report       cwe: [Array],
274 silly audit report       cvss: [Object]
274 silly audit report     },
274 silly audit report     {
274 silly audit report       id: 1123898,
274 silly audit report       url: 'https://github.com/advisories/GHSA-3jxr-9vmj-r5cp',
274 silly audit report       title: 'brace-expansion: DoS via exponential-time expansion of consecutive non-expanding {} groups',
274 silly audit report       severity: 'high',
274 silly audit report       vulnerable_versions: '>=3.0.0 <5.0.7',
274 silly audit report       cwe: [Array],
274 silly audit report       cvss: [Object]
274 silly audit report     }
274 silly audit report   ],
274 silly audit report   'baseline-browser-mapping': [
274 silly audit report     {
274 silly audit report       id: 1193686,
274 silly audit report       url: 'https://github.com/advisories/GHSA-w5vr-8v7q-w6rv',
274 silly audit report       title: 'baseline-browser-mapping process termination on invalid input causes denial of service',
274 silly audit report       severity: 'moderate',
274 silly audit report       vulnerable_versions: '>=2.0.0 <2.11.0',
274 silly audit report       cwe: [Array],
274 silly audit report       cvss: [Object]
274 silly audit report     }
274 silly audit report   ],
274 silly audit report   browserslist: [
274 silly audit report     {
274 silly audit report       id: 1153171,
274 silly audit report       url: 'https://github.com/advisories/GHSA-c83g-rgw3-j3cx',
274 silly audit report       title: 'Browserslist: Unbounded memory growth (no cache eviction) via distinct query results, leading to eventual OOM',
274 silly audit report       severity: 'high',
274 silly audit report       vulnerable_versions: '<=4.28.6',
274 silly audit report       cwe: [Array],
274 silly audit report       cvss: [Object]
274 silly audit report     },
274 silly audit report     {
274 silly audit report       id: 1153172,
274 silly audit report       url: 'https://github.com/advisories/GHSA-73wf-gq98-2v4g',
274 silly audit report       title: 'Browserslist: Uncaught crash / prototype write via untrusted browserslist-stats.json custom stats (normalizeStats)',
274 silly audit report       severity: 'high',
274 silly audit report       vulnerable_versions: '<=4.28.6',
274 silly audit report       cwe: [Array],
274 silly audit report       cvss: [Object]
274 silly audit report     }
274 silly audit report   ],
274 silly audit report   'js-yaml': [
274 silly audit report     {
274 silly audit report       id: 1121859,
274 silly audit report       url: 'https://github.com/advisories/GHSA-h67p-54hq-rp68',
274 silly audit report       title: 'JS-YAML: Quadratic-complexity DoS in merge key handling via repeated aliases',
274 silly audit report       severity: 'moderate',
274 silly audit report       vulnerable_versions: '<3.15.0',
274 silly audit report       cwe: [Array],
274 silly audit report       cvss: [Object]
274 silly audit report     },
274 silly audit report     {
274 silly audit report       id: 1121860,
274 silly audit report       url: 'https://github.com/advisories/GHSA-h67p-54hq-rp68',
274 silly audit report       title: 'JS-YAML: Quadratic-complexity DoS in merge key handling via repeated aliases',
274 silly audit report       severity: 'moderate',
274 silly audit report       vulnerable_versions: '>=4.0.0 <=4.1.1',
274 silly audit report       cwe: [Array],
274 silly audit report       cvss: [Object]
274 silly audit report     },
274 silly audit report     {
274 silly audit report       id: 1123911,
274 silly audit report       url: 'https://github.com/advisories/GHSA-52cp-r559-cp3m',
274 silly audit report       title: 'js-yaml: YAML merge-key chains can force quadratic CPU consumption',
274 silly audit report       severity: 'high',
274 silly audit report       vulnerable_versions: '>=4.0.0 <4.3.0',
274 silly audit report       cwe: [Array],
274 silly audit report       cvss: [Object]
274 silly audit report     },
274 silly audit report     {
274 silly audit report       id: 1123912,
274 silly audit report       url: 'https://github.com/advisories/GHSA-52cp-r559-cp3m',
274 silly audit report       title: 'js-yaml: YAML merge-key chains can force quadratic CPU consumption',
274 silly audit report       severity: 'high',
274 silly audit report       vulnerable_versions: '>=3.0.0 <3.15.0',
274 silly audit report       cwe: [Array],
274 silly audit report       cvss: [Object]
274 silly audit report     },
274 silly audit report     {
274 silly audit report       id: 1138114,
274 silly audit report       url: 'https://github.com/advisories/GHSA-5p4m-2wfm-xmqj',
274 silly audit report       title: 'JS-YAML: Quadratic CPU consumption in !!omap resolution (3.x and 4.x) — CVE-2026-59870 fix not backported',
274 silly audit report       severity: 'high',
274 silly audit report       vulnerable_versions: '>=3.0.0 <3.15.1',
274 silly audit report       cwe: [Array],
274 silly audit report       cvss: [Object]
274 silly audit report     },
274 silly audit report     {
274 silly audit report       id: 1138115,
274 silly audit report       url: 'https://github.com/advisories/GHSA-5p4m-2wfm-xmqj',
274 silly audit report       title: 'JS-YAML: Quadratic CPU consumption in !!omap resolution (3.x and 4.x) — CVE-2026-59870 fix not backported',
274 silly audit report       severity: 'high',
274 silly audit report       vulnerable_versions: '>=4.0.0 <4.3.1',
274 silly audit report       cwe: [Array],
274 silly audit report       cvss: [Object]
274 silly audit report     },
274 silly audit report     {
274 silly audit report       id: 1193726,
274 silly audit report       url: 'https://github.com/advisories/GHSA-2883-xcg3-v3hh',
274 silly audit report       title: 'js-yaml: maxTotalMergeKeys does not limit CPU use for empty merge sources',
274 silly audit report       severity: 'high',
274 silly audit report       vulnerable_versions: '>=3.0.0 <3.15.2',
274 silly audit report       cwe: [Array],
274 silly audit report       cvss: [Object]
274 silly audit report     },
274 silly audit report     {
274 silly audit report       id: 1193727,
274 silly audit report       url: 'https://github.com/advisories/GHSA-2883-xcg3-v3hh',
274 silly audit report       title: 'js-yaml: maxTotalMergeKeys does not limit CPU use for empty merge sources',
274 silly audit report       severity: 'high',
274 silly audit report       vulnerable_versions: '>=4.0.0 <4.3.2',
274 silly audit report       cwe: [Array],
274 silly audit report       cvss: [Object]
274 silly audit report     }
274 silly audit report   ],
274 silly audit report   immutable: [
274 silly audit report     {
274 silly audit report       id: 1224659,
274 silly audit report       url: 'https://github.com/advisories/GHSA-v56q-mh7h-f735',
274 silly audit report       title: 'Immutable.js `List` 32-bit trie overflow → unrecoverable DoS',
274 silly audit report       severity: 'high',
274 silly audit report       vulnerable_versions: '>=5.0.0-beta.1 <5.1.8',
274 silly audit report       cwe: [Array],
274 silly audit report       cvss: [Object]
274 silly audit report     },
274 silly audit report     {
274 silly audit report       id: 1164790,
274 silly audit report       url: 'https://github.com/advisories/GHSA-xvcm-6775-5m9r',
274 silly audit report       title: 'Immutable: Hash-collision algorithmic complexity denial of service in Immutable.Map/Set',
274 silly audit report       severity: 'high',
274 silly audit report       vulnerable_versions: '>=5.0.0-beta.1 <5.1.8',
274 silly audit report       cwe: [Array],
274 silly audit report       cvss: [Object]
274 silly audit report     }
274 silly audit report   ],
274 silly audit report   nanoid: [
274 silly audit report     {
274 silly audit report       id: 1138811,
274 silly audit report       url: 'https://github.com/advisories/GHSA-28wg-ghj8-5hjv',
274 silly audit report       title: 'nanoid: non-secure generators can loop indefinitely with negative size',
274 silly audit report       severity: 'high',
274 silly audit report       vulnerable_versions: '<3.3.16',
274 silly audit report       cwe: [Array],
274 silly audit report       cvss: [Object]
274 silly audit report     },
274 silly audit report     {
274 silly audit report       id: 1139427,
274 silly audit report       url: 'https://github.com/advisories/GHSA-2v37-7h3g-55p8',
274 silly audit report       title: 'nanoid: custom generators can loop indefinitely when size is zero',
274 silly audit report       severity: 'high',
274 silly audit report       vulnerable_versions: '<3.3.18',
274 silly audit report       cwe: [Array],
274 silly audit report       cvss: [Object]
274 silly audit report     },
274 silly audit report     {
274 silly audit report       id: 1153189,
274 silly audit report       url: 'https://github.com/advisories/GHSA-xwg4-73v4-xw9w',
274 silly audit report       title: 'nanoid: Integer Overflow or Wraparound',
274 silly audit report       severity: 'high',
274 silly audit report       vulnerable_versions: '<3.3.12',
274 silly audit report       cwe: [Array],
274 silly audit report       cvss: [Object]
274 silly audit report     }
274 silly audit report   ],
274 silly audit report   next: [
274 silly audit report     {
274 silly audit report       id: 1117931,
274 silly audit report       url: 'https://github.com/advisories/GHSA-8h8q-6873-q5fj',
274 silly audit report       title: 'Next.js Vulnerable to Denial of Service with Server Components',
274 silly audit report       severity: 'high',
274 silly audit report       vulnerable_versions: '>=13.0.0 <15.5.16',
274 silly audit report       cwe: [Array],
274 silly audit report       cvss: [Object]
274 silly audit report     },
274 silly audit report     {
274 silly audit report       id: 1118939,
274 silly audit report       url: 'https://github.com/advisories/GHSA-26hh-7cqf-hhc6',
274 silly audit report       title: 'Next.js has a Middleware / Proxy bypass in App Router applications via segment-prefetch routes - Incomplete Fix Follow-Up',
274 silly audit report       severity: 'high',
274 silly audit report       vulnerable_versions: '>=15.2.0 <15.5.18',
274 silly audit report       cwe: [Array],
274 silly audit report       cvss: [Object]
274 silly audit report     },
274 silly audit report     {
274 silly audit report       id: 1118942,
274 silly audit report       url: 'https://github.com/advisories/GHSA-3g8h-86w9-wvmq',
274 silly audit report       title: "Next.js's Middleware / Proxy redirects can be cache-poisoned",
274 silly audit report       severity: 'low',
274 silly audit report       vulnerable_versions: '>=12.2.0 <15.5.16',
274 silly audit report       cwe: [Array],
274 silly audit report       cvss: [Object]
274 silly audit report     },
274 silly audit report     {
274 silly audit report       id: 1118944,
274 silly audit report       url: 'https://github.com/advisories/GHSA-ffhc-5mcf-pf4q',
274 silly audit report       title: 'Next.js vulnerable to cross-site scripting in App Router applications using CSP nonces',
274 silly audit report       severity: 'moderate',
274 silly audit report       vulnerable_versions: '>=13.4.0 <15.5.16',
274 silly audit report       cwe: [Array],
274 silly audit report       cvss: [Object]
274 silly audit report     },
274 silly audit report     {
274 silly audit report       id: 1118946,
274 silly audit report       url: 'https://github.com/advisories/GHSA-vfv6-92ff-j949',
274 silly audit report       title: 'Next.js vulnerable to cache poisoning via collisions in React Server Component cache-busting',
274 silly audit report       severity: 'low',
274 silly audit report       vulnerable_versions: '>=13.4.6 <15.5.16',
274 silly audit report       cwe: [Array],
274 silly audit report       cvss: [Object]
274 silly audit report     },
274 silly audit report     {
274 silly audit report       id: 1118948,
274 silly audit report       url: 'https://github.com/advisories/GHSA-gx5p-jg67-6x7h',
274 silly audit report       title: 'Next.js has cross-site scripting in beforeInteractive scripts with untrusted input',
274 silly audit report       severity: 'moderate',
274 silly audit report       vulnerable_versions: '>=13.0.0 <15.5.16',
274 silly audit report       cwe: [Array],
274 silly audit report       cvss: [Object]
274 silly audit report     },
274 silly audit report     {
274 silly audit report       id: 1118950,
274 silly audit report       url: 'https://github.com/advisories/GHSA-mg66-mrh9-m8jx',
274 silly audit report       title: 'Next.js vulnerable to Denial of Service via connection exhaustion in applications using Cache Components',
274 silly audit report       severity: 'high',
274 silly audit report       vulnerable_versions: '>=15.0.0 <15.5.16',
274 silly audit report       cwe: [Array],
274 silly audit report       cvss: [Object]
274 silly audit report     },
274 silly audit report     {
274 silly audit report       id: 1118952,
274 silly audit report       url: 'https://github.com/advisories/GHSA-h64f-5h5j-jqjh',
274 silly audit report       title: 'Next.js has a Denial of Service in the Image Optimization API',
274 silly audit report       severity: 'moderate',
274 silly audit report       vulnerable_versions: '>=10.0.0 <15.5.16',
274 silly audit report       cwe: [Array],
274 silly audit report       cvss: [Object]
274 silly audit report     },
274 silly audit report     {
274 silly audit report       id: 1118954,
274 silly audit report       url: 'https://github.com/advisories/GHSA-c4j6-fc7j-m34r',
274 silly audit report       title: 'Next.js vulnerable to server-side request forgery in applications using WebSocket upgrades',
274 silly audit report       severity: 'high',
274 silly audit report       vulnerable_versions: '>=13.4.13 <15.5.16',
274 silly audit report       cwe: [Array],
274 silly audit report       cvss: [Object]
274 silly audit report     },
274 silly audit report     {
274 silly audit report       id: 1118956,
274 silly audit report       url: 'https://github.com/advisories/GHSA-492v-c6pp-mqqv',
274 silly audit report       title: 'Next.js has a Middleware / Proxy bypass through dynamic route parameter injection',
274 silly audit report       severity: 'high',
274 silly audit report       vulnerable_versions: '>=15.4.0 <15.5.16',
274 silly audit report       cwe: [Array],
274 silly audit report       cvss: [Object]
274 silly audit report     },
274 silly audit report     {
274 silly audit report       id: 1118958,
274 silly audit report       url: 'https://github.com/advisories/GHSA-wfc6-r584-vfw7',
274 silly audit report       title: 'Next.js vulnerable to cache poisoning in React Server Component responses',
274 silly audit report       severity: 'moderate',
274 silly audit report       vulnerable_versions: '>=14.2.0 <15.5.16',
274 silly audit report       cwe: [Array],
274 silly audit report       cvss: [Object]
274 silly audit report     },
274 silly audit report     {
274 silly audit report       id: 1118960,
274 silly audit report       url: 'https://github.com/advisories/GHSA-267c-6grr-h53f',
274 silly audit report       title: 'Next.js has a Middleware / Proxy bypass in App Router applications via segment-prefetch routes',
274 silly audit report       severity: 'high',
274 silly audit report       vulnerable_versions: '>=15.2.0 <15.5.16',
274 silly audit report       cwe: [Array],
274 silly audit report       cvss: [Object]
274 silly audit report     },
274 silly audit report     {
274 silly audit report       id: 1118962,
274 silly audit report       url: 'https://github.com/advisories/GHSA-36qx-fr4f-26g5',
274 silly audit report       title: 'Next.js has a Middleware / Proxy bypass in Pages Router applications using i18n',
274 silly audit report       severity: 'high',
274 silly audit report       vulnerable_versions: '>=12.2.0 <15.5.16',
274 silly audit report       cwe: [Array],
274 silly audit report       cvss: [Object]
274 silly audit report     },
274 silly audit report     {
274 silly audit report       id: 1124185,
274 silly audit report       url: 'https://github.com/advisories/GHSA-89xv-2m56-2m9x',
274 silly audit report       title: 'Next.js: Server-Side Request Forgery in Server Actions on custom servers',
274 silly audit report       severity: 'high',
274 silly audit report       vulnerable_versions: '>=14.1.1 <15.5.21',
274 silly audit report       cwe: [Array],
274 silly audit report       cvss: [Object]
274 silly audit report     },
274 silly audit report     {
274 silly audit report       id: 1124172,
274 silly audit report       url: 'https://github.com/advisories/GHSA-m99w-x7hq-7vfj',
274 silly audit report       title: 'Next.js: Denial of Service in App Router using Server Actions',
274 silly audit report       severity: 'high',
274 silly audit report       vulnerable_versions: '>=13.0.0 <15.5.21',
274 silly audit report       cwe: [Array],
274 silly audit report       cvss: [Object]
274 silly audit report     },
274 silly audit report     {
274 silly audit report       id: 1124187,
274 silly audit report       url: 'https://github.com/advisories/GHSA-68g3-v927-f742',
274 silly audit report       title: 'Next.js: Cache confusion of response bodies for requests with bodies',
274 silly audit report       severity: 'moderate',
274 silly audit report       vulnerable_versions: '>=13.0.0 <15.5.21',
274 silly audit report       cwe: [Array],
274 silly audit report       cvss: [Object]
274 silly audit report     },
274 silly audit report     {
274 silly audit report       id: 1124189,
274 silly audit report       url: 'https://github.com/advisories/GHSA-4633-3j49-mh5q',
274 silly audit report       title: 'Next.js: Cache confusion of response bodies for requests with bodies containing invalid UTF-8 byte sequences',
274 silly audit report       severity: 'moderate',
274 silly audit report       vulnerable_versions: '>=13.0.0 <15.5.21',
274 silly audit report       cwe: [Array],
274 silly audit report       cvss: [Object]
274 silly audit report     },
274 silly audit report     {
274 silly audit report       id: 1124191,
274 silly audit report       url: 'https://github.com/advisories/GHSA-4c39-4ccg-62r3',
274 silly audit report       title: 'Next.js: Unbounded Server Action payload in Edge runtime',
274 silly audit report       severity: 'moderate',
274 silly audit report       vulnerable_versions: '>=13.0.0 <15.5.21',
274 silly audit report       cwe: [Array],
274 silly audit report       cvss: [Object]
274 silly audit report     },
274 silly audit report     {
274 silly audit report       id: 1124193,
274 silly audit report       url: 'https://github.com/advisories/GHSA-p9j2-gv94-2wf4',
274 silly audit report       title: 'Next.js: Server-Side Request Forgery in rewrites via attacker-controlled destination hostname',
274 silly audit report       severity: 'high',
274 silly audit report       vulnerable_versions: '>=12.0.0 <15.5.21',
274 silly audit report       cwe: [Array],
274 silly audit report       cvss: [Object]
274 silly audit report     },
274 silly audit report     {
274 silly audit report       id: 1124195,
274 silly audit report       url: 'https://github.com/advisories/GHSA-q8wf-6r8g-63ch',
274 silly audit report       title: 'Next.js: Denial of Service in the Image Optimization API using SVGs',
274 silly audit report       severity: 'moderate',
274 silly audit report       vulnerable_versions: '>=15.5.0 <15.5.21',
274 silly audit report       cwe: [Array],
274 silly audit report       cvss: [Object]
274 silly audit report     },
274 silly audit report     {
274 silly audit report       id: 1124197,
274 silly audit report       url: 'https://github.com/advisories/GHSA-955p-x3mx-jcvp',
274 silly audit report       title: 'Next.js: Unauthenticated disclosure of internal Server Function endpoints',
274 silly audit report       severity: 'moderate',
274 silly audit report       vulnerable_versions: '>=13.0.0 <15.5.21',
274 silly audit report       cwe: [Array],
274 silly audit report       cvss: [Object]
274 silly audit report     },
274 silly audit report     {
274 silly audit report       id: 1193677,
274 silly audit report       url: 'https://github.com/advisories/GHSA-p293-qw3h-jr36',
274 silly audit report       title: 'Next.js: Unauthenticated Remote Code Execution on windows-hosted servers',
274 silly audit report       severity: 'critical',
274 silly audit report       vulnerable_versions: '>=13.4.0 <15.5.24',
274 silly audit report       cwe: [Array],
274 silly audit report       cvss: [Object]
274 silly audit report     },
274 silly audit report     {
274 silly audit report       id: 1193733,
274 silly audit report       url: 'https://github.com/advisories/GHSA-2xp9-vwfh-vxw4',
274 silly audit report       title: 'Next.js: Unauthenticated Remote Code Execution in Image Optimization API when AVIF files are used',
274 silly audit report       severity: 'critical',
274 silly audit report       vulnerable_versions: '>=10.0.0 <15.5.24',
274 silly audit report       cwe: [Array],
274 silly audit report       cvss: [Object]
274 silly audit report     }
274 silly audit report   ],
274 silly audit report   postcss: [
274 silly audit report     {
274 silly audit report       id: 1130709,
274 silly audit report       url: 'https://github.com/advisories/GHSA-fxqj-rqcc-2cmp',
274 silly audit report       title: 'PostCSS: incomplete fix of GHSA-6g55-p6wh-862q — attacker-controlled sourceMappingURL reads arbitrary .map files when `from` is unset',
274 silly audit report       severity: 'moderate',
274 silly audit report       vulnerable_versions: '<=8.5.22',
274 silly audit report       cwe: [Array],
274 silly audit report       cvss: [Object]
274 silly audit report     },
274 silly audit report     {
274 silly audit report       id: 1117015,
274 silly audit report       url: 'https://github.com/advisories/GHSA-qx2v-qp2m-jg93',
274 silly audit report       title: 'PostCSS has XSS via Unescaped </style> in its CSS Stringify Output',
274 silly audit report       severity: 'moderate',
274 silly audit report       vulnerable_versions: '<8.5.10',
274 silly audit report       cwe: [Array],
274 silly audit report       cvss: [Object]
274 silly audit report     },
274 silly audit report     {
274 silly audit report       id: 1124252,
274 silly audit report       url: 'https://github.com/advisories/GHSA-6g55-p6wh-862q',
274 silly audit report       title: 'PostCSS: Arbitrary file read and information disclosure via attacker-controlled sourceMappingURL in CSS comments',
274 silly audit report       severity: 'high',
274 silly audit report       vulnerable_versions: '<=8.5.11',
274 silly audit report       cwe: [Array],
274 silly audit report       cvss: [Object]
274 silly audit report     },
274 silly audit report     {
274 silly audit report       id: 1139510,
274 silly audit report       url: 'https://github.com/advisories/GHSA-r28c-9q8g-f849',
274 silly audit report       title: 'PostCSS: Path Traversal in Previous Source Map Auto-Loading (sourceMappingURL) leads to Arbitrary .map File Disclosure',
274 silly audit report       severity: 'high',
274 silly audit report       vulnerable_versions: '<=8.5.17',
274 silly audit report       cwe: [Array],
274 silly audit report       cvss: [Object]
274 silly audit report     }
274 silly audit report   ],
274 silly audit report   'postcss-selector-parser': [
274 silly audit report     {
274 silly audit report       id: 1153170,
274 silly audit report       url: 'https://github.com/advisories/GHSA-w9m9-85wc-3x92',
274 silly audit report       title: 'postcss-selector-parser allows denial of service through uncontrolled AST recursion',
274 silly audit report       severity: 'low',
274 silly audit report       vulnerable_versions: '>=6.1.0 <6.1.3',
274 silly audit report       cwe: [Array],
274 silly audit report       cvss: [Object]
274 silly audit report     }
274 silly audit report   ],
274 silly audit report   turbo: [
274 silly audit report     {
274 silly audit report       id: 1119389,
274 silly audit report       url: 'https://github.com/advisories/GHSA-3qcw-2rhx-2726',
274 silly audit report       title: 'Turbo: Unexpected local code execution during Yarn Berry detection',
274 silly audit report       severity: 'low',
274 silly audit report       vulnerable_versions: '>=1.1.0 <2.9.14',
274 silly audit report       cwe: [Array],
274 silly audit report       cvss: [Object]
274 silly audit report     },
274 silly audit report     {
274 silly audit report       id: 1121861,
274 silly audit report       url: 'https://github.com/advisories/GHSA-hcf7-66rw-9f5r',
274 silly audit report       title: 'Turbo: Login callback CSRF/session fixation',
274 silly audit report       severity: 'moderate',
274 silly audit report       vulnerable_versions: '<=2.9.13',
274 silly audit report       cwe: [Array],
274 silly audit report       cvss: [Object]
274 silly audit report     }
274 silly audit report   ],
274 silly audit report   sharp: [
274 silly audit report     {
274 silly audit report       id: 1124066,
274 silly audit report       url: 'https://github.com/advisories/GHSA-f88m-g3jw-g9cj',
274 silly audit report       title: 'sharp inherited vulnerabilities in libvips: CVE-2026-33327, CVE-2026-33328, CVE-2026-35590, CVE-2026-35591',
274 silly audit report       severity: 'high',
274 silly audit report       vulnerable_versions: '<0.35.0',
274 silly audit report       cwe: [Array],
274 silly audit report       cvss: [Object]
274 silly audit report     },
274 silly audit report     {
274 silly audit report       id: 1193725,
274 silly audit report       url: 'https://github.com/advisories/GHSA-rgj7-g3m4-5g8c',
274 silly audit report       title: 'sharp: Vulnerabilities in libheif: GHSA-g89c-p67h-r497 and GHSA-2jg2-4ch7-h545',
274 silly audit report       severity: 'high',
274 silly audit report       vulnerable_versions: '<0.35.4',
274 silly audit report       cwe: [Array],
274 silly audit report       cvss: [Object]
274 silly audit report     }
274 silly audit report   ]
274 silly audit report }
275 silly packumentCache corgi:https://registry.npmjs.org/brace-expansion cache-miss
276 silly packumentCache corgi:https://registry.npmjs.org/baseline-browser-mapping cache-miss
277 silly packumentCache corgi:https://registry.npmjs.org/browserslist cache-miss
278 silly packumentCache corgi:https://registry.npmjs.org/js-yaml cache-miss
279 silly packumentCache corgi:https://registry.npmjs.org/immutable cache-miss
280 silly packumentCache corgi:https://registry.npmjs.org/nanoid cache-miss
281 silly packumentCache corgi:https://registry.npmjs.org/next cache-miss
282 silly packumentCache corgi:https://registry.npmjs.org/postcss cache-miss
283 silly packumentCache corgi:https://registry.npmjs.org/postcss-selector-parser cache-miss
284 silly packumentCache corgi:https://registry.npmjs.org/turbo cache-miss
285 silly packumentCache corgi:https://registry.npmjs.org/sharp cache-miss
286 http fetch GET 200 https://registry.npmjs.org/brace-expansion 40ms (cache miss)
287 silly packumentCache corgi:https://registry.npmjs.org/brace-expansion set size:undefined disposed:false
288 http fetch GET 200 https://registry.npmjs.org/js-yaml 52ms (cache miss)
289 silly packumentCache corgi:https://registry.npmjs.org/js-yaml set size:undefined disposed:false
290 http fetch GET 200 https://registry.npmjs.org/immutable 73ms (cache miss)
291 silly packumentCache corgi:https://registry.npmjs.org/immutable set size:undefined disposed:false
292 http fetch GET 200 https://registry.npmjs.org/baseline-browser-mapping 79ms (cache miss)
293 silly packumentCache corgi:https://registry.npmjs.org/baseline-browser-mapping set size:undefined disposed:false
294 http fetch GET 200 https://registry.npmjs.org/nanoid 86ms (cache miss)
295 silly packumentCache corgi:https://registry.npmjs.org/nanoid set size:undefined disposed:false
296 http fetch GET 200 https://registry.npmjs.org/postcss-selector-parser 90ms (cache miss)
297 silly packumentCache corgi:https://registry.npmjs.org/postcss-selector-parser set size:undefined disposed:false
298 http fetch GET 200 https://registry.npmjs.org/sharp 94ms (cache miss)
299 silly packumentCache corgi:https://registry.npmjs.org/sharp set size:undefined disposed:false
300 http fetch GET 200 https://registry.npmjs.org/browserslist 111ms (cache miss)
301 silly packumentCache corgi:https://registry.npmjs.org/browserslist set size:undefined disposed:false
302 http fetch GET 200 https://registry.npmjs.org/postcss 115ms (cache miss)
303 silly packumentCache corgi:https://registry.npmjs.org/postcss set size:undefined disposed:false
304 http fetch GET 200 https://registry.npmjs.org/turbo 139ms (cache miss)
305 silly packumentCache corgi:https://registry.npmjs.org/turbo set size:undefined disposed:false
306 http fetch GET 200 https://registry.npmjs.org/next 352ms (cache miss)
307 silly packumentCache corgi:https://registry.npmjs.org/next set size:undefined disposed:false
308 silly packumentCache corgi:https://registry.npmjs.org/minimatch cache-miss
309 http fetch GET 200 https://registry.npmjs.org/minimatch 45ms (cache miss)
310 silly packumentCache corgi:https://registry.npmjs.org/minimatch set size:undefined disposed:false
311 silly packumentCache corgi:https://registry.npmjs.org/autoprefixer cache-miss
312 silly packumentCache corgi:https://registry.npmjs.org/postcss-preset-env cache-miss
313 silly packumentCache corgi:https://registry.npmjs.org/update-browserslist-db cache-miss
314 http fetch GET 200 https://registry.npmjs.org/update-browserslist-db 21ms (cache miss)
315 silly packumentCache corgi:https://registry.npmjs.org/update-browserslist-db set size:undefined disposed:false
316 http fetch GET 200 https://registry.npmjs.org/postcss-preset-env 34ms (cache miss)
317 silly packumentCache corgi:https://registry.npmjs.org/postcss-preset-env set size:undefined disposed:false
318 http fetch GET 200 https://registry.npmjs.org/autoprefixer 61ms (cache miss)
319 silly packumentCache corgi:https://registry.npmjs.org/autoprefixer set size:undefined disposed:false
320 silly packumentCache corgi:https://registry.npmjs.org/gray-matter cache-miss
321 http fetch GET 200 https://registry.npmjs.org/gray-matter 26ms (cache miss)
322 silly packumentCache corgi:https://registry.npmjs.org/gray-matter set size:undefined disposed:false
323 silly packumentCache corgi:https://registry.npmjs.org/@eslint%2feslintrc cache-miss
324 http fetch GET 200 https://registry.npmjs.org/@eslint%2feslintrc 87ms (cache miss)
325 silly packumentCache corgi:https://registry.npmjs.org/@eslint%2feslintrc set size:undefined disposed:false
326 silly packumentCache corgi:https://registry.npmjs.org/sass cache-miss
327 http fetch GET 200 https://registry.npmjs.org/sass 34ms (cache miss)
328 silly packumentCache corgi:https://registry.npmjs.org/sass set size:undefined disposed:false
329 silly packumentCache corgi:https://registry.npmjs.org/@once-ui-system%2fcore cache-miss
330 http fetch GET 200 https://registry.npmjs.org/@once-ui-system%2fcore 77ms (cache miss)
331 silly packumentCache corgi:https://registry.npmjs.org/@once-ui-system%2fcore set size:undefined disposed:false
332 silly packumentCache corgi:https://registry.npmjs.org/@csstools%2fpostcss-cascade-layers cache-miss
333 silly packumentCache corgi:https://registry.npmjs.org/@csstools%2fpostcss-color-function cache-miss
334 silly packumentCache corgi:https://registry.npmjs.org/@csstools%2fpostcss-color-mix-function cache-miss
335 silly packumentCache corgi:https://registry.npmjs.org/@csstools%2fpostcss-content-alt-text cache-miss
336 silly packumentCache corgi:https://registry.npmjs.org/@csstools%2fpostcss-exponential-functions cache-miss
337 silly packumentCache corgi:https://registry.npmjs.org/@csstools%2fpostcss-font-format-keywords cache-miss
338 silly packumentCache corgi:https://registry.npmjs.org/@csstools%2fpostcss-gamut-mapping cache-miss
339 silly packumentCache corgi:https://registry.npmjs.org/@csstools%2fpostcss-global-data cache-miss
340 silly packumentCache corgi:https://registry.npmjs.org/@csstools%2fpostcss-gradients-interpolation-method cache-miss
341 silly packumentCache corgi:https://registry.npmjs.org/@csstools%2fpostcss-hwb-function cache-miss
342 silly packumentCache corgi:https://registry.npmjs.org/@csstools%2fpostcss-ic-unit cache-miss
343 silly packumentCache corgi:https://registry.npmjs.org/@csstools%2fpostcss-initial cache-miss
344 silly packumentCache corgi:https://registry.npmjs.org/@csstools%2fpostcss-is-pseudo-class cache-miss
345 silly packumentCache corgi:https://registry.npmjs.org/@csstools%2fpostcss-light-dark-function cache-miss
346 silly packumentCache corgi:https://registry.npmjs.org/@csstools%2fpostcss-logical-float-and-clear cache-miss
347 silly packumentCache corgi:https://registry.npmjs.org/@csstools%2fpostcss-logical-overflow cache-miss
348 silly packumentCache corgi:https://registry.npmjs.org/@csstools%2fpostcss-logical-overscroll-behavior cache-miss
349 silly packumentCache corgi:https://registry.npmjs.org/@csstools%2fpostcss-logical-resize cache-miss
350 silly packumentCache corgi:https://registry.npmjs.org/@csstools%2fpostcss-logical-viewport-units cache-miss
351 silly packumentCache corgi:https://registry.npmjs.org/@csstools%2fpostcss-media-minmax cache-miss
352 silly packumentCache corgi:https://registry.npmjs.org/@csstools%2fpostcss-media-queries-aspect-ratio-number-values cache-miss
353 silly packumentCache corgi:https://registry.npmjs.org/@csstools%2fpostcss-nested-calc cache-miss
354 silly packumentCache corgi:https://registry.npmjs.org/@csstools%2fpostcss-normalize-display-values cache-miss
355 silly packumentCache corgi:https://registry.npmjs.org/@csstools%2fpostcss-oklab-function cache-miss
356 silly packumentCache corgi:https://registry.npmjs.org/@csstools%2fpostcss-progressive-custom-properties cache-miss
357 silly packumentCache corgi:https://registry.npmjs.org/@csstools%2fpostcss-relative-color-syntax cache-miss
358 silly packumentCache corgi:https://registry.npmjs.org/@csstools%2fpostcss-scope-pseudo-class cache-miss
359 silly packumentCache corgi:https://registry.npmjs.org/@csstools%2fpostcss-stepped-value-functions cache-miss
360 silly packumentCache corgi:https://registry.npmjs.org/@csstools%2fpostcss-text-decoration-shorthand cache-miss
361 silly packumentCache corgi:https://registry.npmjs.org/@csstools%2fpostcss-trigonometric-functions cache-miss
362 silly packumentCache corgi:https://registry.npmjs.org/@csstools%2fpostcss-unset-value cache-miss
363 silly packumentCache corgi:https://registry.npmjs.org/@csstools%2futilities cache-miss
364 silly packumentCache corgi:https://registry.npmjs.org/@tailwindcss%2fpostcss cache-miss
365 silly packumentCache corgi:https://registry.npmjs.org/css-blank-pseudo cache-miss
366 silly packumentCache corgi:https://registry.npmjs.org/css-has-pseudo cache-miss
367 silly packumentCache corgi:https://registry.npmjs.org/css-prefers-color-scheme cache-miss
368 silly packumentCache corgi:https://registry.npmjs.org/postcss-attribute-case-insensitive cache-miss
369 silly packumentCache corgi:https://registry.npmjs.org/postcss-clamp cache-miss
370 silly packumentCache corgi:https://registry.npmjs.org/postcss-color-functional-notation cache-miss
371 silly packumentCache corgi:https://registry.npmjs.org/postcss-color-hex-alpha cache-miss
372 silly packumentCache corgi:https://registry.npmjs.org/postcss-color-rebeccapurple cache-miss
373 silly packumentCache corgi:https://registry.npmjs.org/postcss-custom-media cache-miss
374 silly packumentCache corgi:https://registry.npmjs.org/postcss-custom-properties cache-miss
375 silly packumentCache corgi:https://registry.npmjs.org/postcss-custom-selectors cache-miss
376 silly packumentCache corgi:https://registry.npmjs.org/postcss-dir-pseudo-class cache-miss
377 silly packumentCache corgi:https://registry.npmjs.org/postcss-double-position-gradients cache-miss
378 silly packumentCache corgi:https://registry.npmjs.org/postcss-flexbugs-fixes cache-miss
379 silly packumentCache corgi:https://registry.npmjs.org/postcss-focus-visible cache-miss
380 silly packumentCache corgi:https://registry.npmjs.org/postcss-focus-within cache-miss
381 silly packumentCache corgi:https://registry.npmjs.org/postcss-font-variant cache-miss
382 silly packumentCache corgi:https://registry.npmjs.org/postcss-gap-properties cache-miss
383 silly packumentCache corgi:https://registry.npmjs.org/postcss-image-set-function cache-miss
384 silly packumentCache corgi:https://registry.npmjs.org/postcss-lab-function cache-miss
385 silly packumentCache corgi:https://registry.npmjs.org/postcss-logical cache-miss
386 silly packumentCache corgi:https://registry.npmjs.org/postcss-nesting cache-miss
387 silly packumentCache corgi:https://registry.npmjs.org/postcss-opacity-percentage cache-miss
388 silly packumentCache corgi:https://registry.npmjs.org/postcss-overflow-shorthand cache-miss
389 silly packumentCache corgi:https://registry.npmjs.org/postcss-page-break cache-miss
390 silly packumentCache corgi:https://registry.npmjs.org/postcss-place cache-miss
391 silly packumentCache corgi:https://registry.npmjs.org/postcss-pseudo-class-any-link cache-miss
392 silly packumentCache corgi:https://registry.npmjs.org/postcss-replace-overflow-wrap cache-miss
393 silly packumentCache corgi:https://registry.npmjs.org/postcss-selector-not cache-miss
394 http fetch GET 200 https://registry.npmjs.org/@csstools%2fpostcss-ic-unit 322ms (cache miss)
395 silly packumentCache corgi:https://registry.npmjs.org/@csstools%2fpostcss-ic-unit set size:undefined disposed:false
396 http fetch GET 200 https://registry.npmjs.org/@csstools%2fpostcss-exponential-functions 325ms (cache miss)
397 silly packumentCache corgi:https://registry.npmjs.org/@csstools%2fpostcss-exponential-functions set size:undefined disposed:false
398 http fetch GET 200 https://registry.npmjs.org/@csstools%2fpostcss-color-mix-function 328ms (cache miss)
399 silly packumentCache corgi:https://registry.npmjs.org/@csstools%2fpostcss-color-mix-function set size:undefined disposed:false
400 http fetch GET 200 https://registry.npmjs.org/@csstools%2fpostcss-content-alt-text 329ms (cache miss)
401 silly packumentCache corgi:https://registry.npmjs.org/@csstools%2fpostcss-content-alt-text set size:undefined disposed:false
402 http fetch GET 200 https://registry.npmjs.org/@csstools%2fpostcss-font-format-keywords 328ms (cache miss)
403 silly packumentCache corgi:https://registry.npmjs.org/@csstools%2fpostcss-font-format-keywords set size:undefined disposed:false
404 http fetch GET 200 https://registry.npmjs.org/@csstools%2fpostcss-gradients-interpolation-method 328ms (cache miss)
405 silly packumentCache corgi:https://registry.npmjs.org/@csstools%2fpostcss-gradients-interpolation-method set size:undefined disposed:false
406 http fetch GET 200 https://registry.npmjs.org/@csstools%2fpostcss-gamut-mapping 331ms (cache miss)
407 silly packumentCache corgi:https://registry.npmjs.org/@csstools%2fpostcss-gamut-mapping set size:undefined disposed:false
408 http fetch GET 200 https://registry.npmjs.org/@csstools%2fpostcss-color-function 332ms (cache miss)
409 silly packumentCache corgi:https://registry.npmjs.org/@csstools%2fpostcss-color-function set size:undefined disposed:false
410 http fetch GET 200 https://registry.npmjs.org/@csstools%2fpostcss-hwb-function 332ms (cache miss)
411 silly packumentCache corgi:https://registry.npmjs.org/@csstools%2fpostcss-hwb-function set size:undefined disposed:false
412 http fetch GET 200 https://registry.npmjs.org/@csstools%2fpostcss-logical-resize 347ms (cache miss)
413 silly packumentCache corgi:https://registry.npmjs.org/@csstools%2fpostcss-logical-resize set size:undefined disposed:false
414 http fetch GET 200 https://registry.npmjs.org/@csstools%2fpostcss-logical-overflow 349ms (cache miss)
415 silly packumentCache corgi:https://registry.npmjs.org/@csstools%2fpostcss-logical-overflow set size:undefined disposed:false
416 http fetch GET 200 https://registry.npmjs.org/@csstools%2fpostcss-nested-calc 348ms (cache miss)
417 silly packumentCache corgi:https://registry.npmjs.org/@csstools%2fpostcss-nested-calc set size:undefined disposed:false
418 http fetch GET 200 https://registry.npmjs.org/@csstools%2fpostcss-logical-viewport-units 349ms (cache miss)
419 silly packumentCache corgi:https://registry.npmjs.org/@csstools%2fpostcss-logical-viewport-units set size:undefined disposed:false
420 http fetch GET 200 https://registry.npmjs.org/@csstools%2fpostcss-logical-overscroll-behavior 352ms (cache miss)
421 silly packumentCache corgi:https://registry.npmjs.org/@csstools%2fpostcss-logical-overscroll-behavior set size:undefined disposed:false
422 http fetch GET 200 https://registry.npmjs.org/@csstools%2fpostcss-media-minmax 352ms (cache miss)
423 silly packumentCache corgi:https://registry.npmjs.org/@csstools%2fpostcss-media-minmax set size:undefined disposed:false
424 http fetch GET 200 https://registry.npmjs.org/@csstools%2fpostcss-normalize-display-values 356ms (cache miss)
425 silly packumentCache corgi:https://registry.npmjs.org/@csstools%2fpostcss-normalize-display-values set size:undefined disposed:false
426 http fetch GET 200 https://registry.npmjs.org/@csstools%2fpostcss-initial 360ms (cache miss)
427 silly packumentCache corgi:https://registry.npmjs.org/@csstools%2fpostcss-initial set size:undefined disposed:false
428 http fetch GET 200 https://registry.npmjs.org/@csstools%2fpostcss-is-pseudo-class 360ms (cache miss)
429 silly packumentCache corgi:https://registry.npmjs.org/@csstools%2fpostcss-is-pseudo-class set size:undefined disposed:false
430 http fetch GET 200 https://registry.npmjs.org/@csstools%2fpostcss-logical-float-and-clear 361ms (cache miss)
431 silly packumentCache corgi:https://registry.npmjs.org/@csstools%2fpostcss-logical-float-and-clear set size:undefined disposed:false
432 http fetch GET 200 https://registry.npmjs.org/@csstools%2fpostcss-cascade-layers 375ms (cache miss)
433 silly packumentCache corgi:https://registry.npmjs.org/@csstools%2fpostcss-cascade-layers set size:undefined disposed:false
434 http fetch GET 200 https://registry.npmjs.org/@csstools%2fpostcss-media-queries-aspect-ratio-number-values 376ms (cache miss)
435 silly packumentCache corgi:https://registry.npmjs.org/@csstools%2fpostcss-media-queries-aspect-ratio-number-values set size:undefined disposed:false
436 http fetch GET 200 https://registry.npmjs.org/@csstools%2fpostcss-oklab-function 377ms (cache miss)
437 silly packumentCache corgi:https://registry.npmjs.org/@csstools%2fpostcss-oklab-function set size:undefined disposed:false
438 http fetch GET 200 https://registry.npmjs.org/@csstools%2fpostcss-scope-pseudo-class 390ms (cache miss)
439 silly packumentCache corgi:https://registry.npmjs.org/@csstools%2fpostcss-scope-pseudo-class set size:undefined disposed:false
440 http fetch GET 200 https://registry.npmjs.org/@csstools%2fpostcss-progressive-custom-properties 391ms (cache miss)
441 silly packumentCache corgi:https://registry.npmjs.org/@csstools%2fpostcss-progressive-custom-properties set size:undefined disposed:false
442 http fetch GET 200 https://registry.npmjs.org/@csstools%2fpostcss-relative-color-syntax 394ms (cache miss)
443 silly packumentCache corgi:https://registry.npmjs.org/@csstools%2fpostcss-relative-color-syntax set size:undefined disposed:false
444 http fetch GET 200 https://registry.npmjs.org/@csstools%2fpostcss-trigonometric-functions 396ms (cache miss)
445 silly packumentCache corgi:https://registry.npmjs.org/@csstools%2fpostcss-trigonometric-functions set size:undefined disposed:false
446 http fetch GET 200 https://registry.npmjs.org/@csstools%2fpostcss-light-dark-function 401ms (cache miss)
447 silly packumentCache corgi:https://registry.npmjs.org/@csstools%2fpostcss-light-dark-function set size:undefined disposed:false
448 http fetch GET 200 https://registry.npmjs.org/@csstools%2fpostcss-text-decoration-shorthand 404ms (cache miss)
449 silly packumentCache corgi:https://registry.npmjs.org/@csstools%2fpostcss-text-decoration-shorthand set size:undefined disposed:false
450 http fetch GET 200 https://registry.npmjs.org/postcss-clamp 408ms (cache miss)
451 silly packumentCache corgi:https://registry.npmjs.org/postcss-clamp set size:undefined disposed:false
452 http fetch GET 200 https://registry.npmjs.org/@csstools%2futilities 415ms (cache miss)
453 silly packumentCache corgi:https://registry.npmjs.org/@csstools%2futilities set size:undefined disposed:false
454 http fetch GET 200 https://registry.npmjs.org/css-prefers-color-scheme 415ms (cache miss)
455 silly packumentCache corgi:https://registry.npmjs.org/css-prefers-color-scheme set size:undefined disposed:false
456 http fetch GET 200 https://registry.npmjs.org/@csstools%2fpostcss-stepped-value-functions 422ms (cache miss)
457 silly packumentCache corgi:https://registry.npmjs.org/@csstools%2fpostcss-stepped-value-functions set size:undefined disposed:false
458 http fetch GET 200 https://registry.npmjs.org/postcss-custom-media 422ms (cache miss)
459 silly packumentCache corgi:https://registry.npmjs.org/postcss-custom-media set size:undefined disposed:false
460 http fetch GET 200 https://registry.npmjs.org/postcss-attribute-case-insensitive 425ms (cache miss)
461 silly packumentCache corgi:https://registry.npmjs.org/postcss-attribute-case-insensitive set size:undefined disposed:false
462 http fetch GET 200 https://registry.npmjs.org/css-has-pseudo 427ms (cache miss)
463 silly packumentCache corgi:https://registry.npmjs.org/css-has-pseudo set size:undefined disposed:false
464 http fetch GET 200 https://registry.npmjs.org/css-blank-pseudo 431ms (cache miss)
465 silly packumentCache corgi:https://registry.npmjs.org/css-blank-pseudo set size:undefined disposed:false
466 http fetch GET 200 https://registry.npmjs.org/postcss-color-rebeccapurple 430ms (cache miss)
467 silly packumentCache corgi:https://registry.npmjs.org/postcss-color-rebeccapurple set size:undefined disposed:false
468 http fetch GET 200 https://registry.npmjs.org/@csstools%2fpostcss-unset-value 435ms (cache miss)
469 silly packumentCache corgi:https://registry.npmjs.org/@csstools%2fpostcss-unset-value set size:undefined disposed:false
470 http fetch GET 200 https://registry.npmjs.org/postcss-color-functional-notation 435ms (cache miss)
471 silly packumentCache corgi:https://registry.npmjs.org/postcss-color-functional-notation set size:undefined disposed:false
472 http fetch GET 200 https://registry.npmjs.org/postcss-custom-selectors 436ms (cache miss)
473 silly packumentCache corgi:https://registry.npmjs.org/postcss-custom-selectors set size:undefined disposed:false
474 http fetch GET 200 https://registry.npmjs.org/postcss-font-variant 437ms (cache miss)
475 silly packumentCache corgi:https://registry.npmjs.org/postcss-font-variant set size:undefined disposed:false
476 http fetch GET 200 https://registry.npmjs.org/postcss-flexbugs-fixes 439ms (cache miss)
477 silly packumentCache corgi:https://registry.npmjs.org/postcss-flexbugs-fixes set size:undefined disposed:false
478 http fetch GET 200 https://registry.npmjs.org/postcss-logical 440ms (cache miss)
479 silly packumentCache corgi:https://registry.npmjs.org/postcss-logical set size:undefined disposed:false
480 http fetch GET 200 https://registry.npmjs.org/postcss-dir-pseudo-class 446ms (cache miss)
481 silly packumentCache corgi:https://registry.npmjs.org/postcss-dir-pseudo-class set size:undefined disposed:false
482 http fetch GET 200 https://registry.npmjs.org/postcss-focus-within 447ms (cache miss)
483 silly packumentCache corgi:https://registry.npmjs.org/postcss-focus-within set size:undefined disposed:false
484 http fetch GET 200 https://registry.npmjs.org/postcss-image-set-function 447ms (cache miss)
485 silly packumentCache corgi:https://registry.npmjs.org/postcss-image-set-function set size:undefined disposed:false
486 http fetch GET 200 https://registry.npmjs.org/postcss-focus-visible 450ms (cache miss)
487 silly packumentCache corgi:https://registry.npmjs.org/postcss-focus-visible set size:undefined disposed:false
488 http fetch GET 200 https://registry.npmjs.org/postcss-overflow-shorthand 452ms (cache miss)
489 silly packumentCache corgi:https://registry.npmjs.org/postcss-overflow-shorthand set size:undefined disposed:false
490 http fetch GET 200 https://registry.npmjs.org/postcss-place 453ms (cache miss)
491 silly packumentCache corgi:https://registry.npmjs.org/postcss-place set size:undefined disposed:false
492 http fetch GET 200 https://registry.npmjs.org/postcss-color-hex-alpha 460ms (cache miss)
493 silly packumentCache corgi:https://registry.npmjs.org/postcss-color-hex-alpha set size:undefined disposed:false
494 http fetch GET 200 https://registry.npmjs.org/postcss-gap-properties 459ms (cache miss)
495 silly packumentCache corgi:https://registry.npmjs.org/postcss-gap-properties set size:undefined disposed:false
496 http fetch GET 200 https://registry.npmjs.org/postcss-nesting 459ms (cache miss)
497 silly packumentCache corgi:https://registry.npmjs.org/postcss-nesting set size:undefined disposed:false
498 http fetch GET 200 https://registry.npmjs.org/postcss-double-position-gradients 464ms (cache miss)
499 silly packumentCache corgi:https://registry.npmjs.org/postcss-double-position-gradients set size:undefined disposed:false
500 http fetch GET 200 https://registry.npmjs.org/postcss-lab-function 464ms (cache miss)
501 silly packumentCache corgi:https://registry.npmjs.org/postcss-lab-function set size:undefined disposed:false
502 http fetch GET 200 https://registry.npmjs.org/postcss-page-break 464ms (cache miss)
503 silly packumentCache corgi:https://registry.npmjs.org/postcss-page-break set size:undefined disposed:false
504 http fetch GET 200 https://registry.npmjs.org/postcss-opacity-percentage 466ms (cache miss)
505 silly packumentCache corgi:https://registry.npmjs.org/postcss-opacity-percentage set size:undefined disposed:false
506 http fetch GET 200 https://registry.npmjs.org/postcss-pseudo-class-any-link 466ms (cache miss)
507 silly packumentCache corgi:https://registry.npmjs.org/postcss-pseudo-class-any-link set size:undefined disposed:false
508 http fetch GET 200 https://registry.npmjs.org/postcss-replace-overflow-wrap 467ms (cache miss)
509 silly packumentCache corgi:https://registry.npmjs.org/postcss-replace-overflow-wrap set size:undefined disposed:false
510 http fetch GET 200 https://registry.npmjs.org/postcss-selector-not 469ms (cache miss)
511 silly packumentCache corgi:https://registry.npmjs.org/postcss-selector-not set size:undefined disposed:false
512 http fetch GET 200 https://registry.npmjs.org/postcss-custom-properties 491ms (cache miss)
513 silly packumentCache corgi:https://registry.npmjs.org/postcss-custom-properties set size:undefined disposed:false
514 http fetch GET 200 https://registry.npmjs.org/@tailwindcss%2fpostcss 500ms (cache miss)
515 silly packumentCache corgi:https://registry.npmjs.org/@tailwindcss%2fpostcss set size:undefined disposed:false
516 http fetch GET 200 https://registry.npmjs.org/@csstools%2fpostcss-global-data 632ms (cache miss)
517 silly packumentCache corgi:https://registry.npmjs.org/@csstools%2fpostcss-global-data set size:undefined disposed:false
518 silly packumentCache corgi:https://registry.npmjs.org/@csstools%2fselector-resolve-nested cache-miss
519 silly packumentCache corgi:https://registry.npmjs.org/@csstools%2fselector-specificity cache-miss
520 http fetch GET 200 https://registry.npmjs.org/@csstools%2fselector-specificity 39ms (cache miss)
521 silly packumentCache corgi:https://registry.npmjs.org/@csstools%2fselector-specificity set size:undefined disposed:false
522 http fetch GET 200 https://registry.npmjs.org/@csstools%2fselector-resolve-nested 45ms (cache miss)
523 silly packumentCache corgi:https://registry.npmjs.org/@csstools%2fselector-resolve-nested set size:undefined disposed:false
524 verbose cwd C:\Users\test\Desktop\Mathias final
525 verbose os Windows_NT 10.0.26200
526 verbose node v24.5.0
527 verbose npm  v11.19.0
528 verbose exit 0
529 info ok
