0 verbose cli C:\Program Files\nodejs\node.exe C:\Users\test\AppData\Roaming\npm\node_modules\npm\bin\npm-cli.js
1 info using npm@11.19.0
2 info using node@v24.5.0
3 silly config load:file:C:\Users\test\AppData\Roaming\npm\node_modules\npm\npmrc
4 silly config load:file:C:\Users\test\Desktop\Mathias final\.npmrc
5 silly config load:file:C:\Users\test\.npmrc
6 silly config load:file:C:\Users\test\AppData\Roaming\npm\etc\npmrc
7 verbose title npm ci
8 verbose argv "ci" "--cache" ".npm-cache"
9 verbose logfile logs-max:10 dir:C:\Users\test\Desktop\Mathias final\.npm-cache\_logs\2026-09-26T12_20_59_466Z-
10 verbose logfile C:\Users\test\Desktop\Mathias final\.npm-cache\_logs\2026-09-26T12_20_59_466Z-debug-0.log
11 silly logfile done cleaning log files
12 silly packumentCache heap:4496293888 maxSize:1124073472 maxEntrySize:562036736
13 silly packumentCache heap:4496293888 maxSize:1124073472 maxEntrySize:562036736
14 silly idealTree buildDeps
15 silly fetch manifest react@^16.8.0 || ^17.0.0 || ^18.0.0
16 silly packumentCache full:https://registry.npmjs.org/react cache-miss
17 http cache https://registry.npmjs.org/react 32ms (cache hit)
18 silly packumentCache full:https://registry.npmjs.org/react set size:7006748 disposed:false
19 warn ERESOLVE overriding peer dependency {
19 warn ERESOLVE   code: 'ERESOLVE',
19 warn ERESOLVE   edge: {
19 warn ERESOLVE     type: 'peer',
19 warn ERESOLVE     name: 'react',
19 warn ERESOLVE     spec: '^16.8.0 || ^17.0.0 || ^18.0.0',
19 warn ERESOLVE     error: 'INVALID',
19 warn ERESOLVE     from: {
19 warn ERESOLVE       name: 'use-sync-external-store',
19 warn ERESOLVE       version: '1.2.0',
19 warn ERESOLVE       location: 'node_modules/zustand/node_modules/use-sync-external-store',
19 warn ERESOLVE       isWorkspace: false,
19 warn ERESOLVE       dependents: [Array]
19 warn ERESOLVE     }
19 warn ERESOLVE   },
19 warn ERESOLVE   dep: {
19 warn ERESOLVE     name: 'react',
19 warn ERESOLVE     version: '18.3.1',
19 warn ERESOLVE     whileInstalling: {
19 warn ERESOLVE       name: 'use-sync-external-store',
19 warn ERESOLVE       version: '1.2.0',
19 warn ERESOLVE       path: 'C:\\Users\\test\\Desktop\\Mathias final\\node_modules\\zustand\\node_modules\\use-sync-external-store'
19 warn ERESOLVE     },
19 warn ERESOLVE     location: 'node_modules/react',
19 warn ERESOLVE     isWorkspace: false,
19 warn ERESOLVE     dependents: [ [Object] ]
19 warn ERESOLVE   },
19 warn ERESOLVE   force: false,
19 warn ERESOLVE   isMine: false,
19 warn ERESOLVE   strictPeerDeps: false,
19 warn ERESOLVE   current: {
19 warn ERESOLVE     name: 'react',
19 warn ERESOLVE     version: '19.0.0',
19 warn ERESOLVE     location: 'node_modules/react',
19 warn ERESOLVE     isWorkspace: false,
19 warn ERESOLVE     dependents: [
19 warn ERESOLVE       [Object], [Object], [Object], [Object],
19 warn ERESOLVE       [Object], [Object], [Object], [Object],
19 warn ERESOLVE       [Object], [Object], [Object], [Object],
19 warn ERESOLVE       [Object], [Object], [Object], [Object],
19 warn ERESOLVE       [Object], [Object], [Object], [Object],
19 warn ERESOLVE       [Object], [Object], [Object], [Object],
19 warn ERESOLVE       [Object], [Object], [Object], [Object],
19 warn ERESOLVE       [Object], [Object], [Object], [Object],
19 warn ERESOLVE       [Object], [Object], [Object], [Object],
19 warn ERESOLVE       [Object], [Object], [Object], [Object],
19 warn ERESOLVE       [Object], [Object], [Object], [Object],
19 warn ERESOLVE       [Object], [Object], [Object], [Object],
19 warn ERESOLVE       [Object], [Object], [Object], [Object],
19 warn ERESOLVE       [Object]
19 warn ERESOLVE     ]
19 warn ERESOLVE   },
19 warn ERESOLVE   peerConflict: {
19 warn ERESOLVE     current: {
19 warn ERESOLVE       name: 'react',
19 warn ERESOLVE       version: '19.0.0',
19 warn ERESOLVE       location: 'node_modules/react',
19 warn ERESOLVE       isWorkspace: false,
19 warn ERESOLVE       dependents: [Array]
19 warn ERESOLVE     },
19 warn ERESOLVE     peer: {
19 warn ERESOLVE       name: 'react',
19 warn ERESOLVE       version: '18.3.1',
19 warn ERESOLVE       whileInstalling: [Object],
19 warn ERESOLVE       location: 'node_modules/react',
19 warn ERESOLVE       isWorkspace: false,
19 warn ERESOLVE       dependents: [Array]
19 warn ERESOLVE     }
19 warn ERESOLVE   }
19 warn ERESOLVE }
20 silly reify moves {}
21 silly audit bulk request {
21 silly audit   '@alloc/quick-lru': [ '5.2.0' ],
21 silly audit   '@babel/code-frame': [ '7.29.0' ],
21 silly audit   '@babel/helper-validator-identifier': [ '7.28.5' ],
21 silly audit   '@babel/runtime': [ '7.29.2' ],
21 silly audit   '@csstools/cascade-layer-name-parser': [ '1.0.13' ],
21 silly audit   '@csstools/color-helpers': [ '4.2.1' ],
21 silly audit   '@csstools/css-calc': [ '1.2.4' ],
21 silly audit   '@csstools/css-color-parser': [ '2.0.5' ],
21 silly audit   '@csstools/css-parser-algorithms': [ '2.7.1' ],
21 silly audit   '@csstools/css-tokenizer': [ '2.4.1' ],
21 silly audit   '@csstools/media-query-list-parser': [ '2.1.13' ],
21 silly audit   '@csstools/postcss-cascade-layers': [ '4.0.6' ],
21 silly audit   '@csstools/postcss-color-function': [ '3.0.19' ],
21 silly audit   '@csstools/postcss-color-mix-function': [ '2.0.19' ],
21 silly audit   '@csstools/postcss-content-alt-text': [ '1.0.0' ],
21 silly audit   '@csstools/postcss-exponential-functions': [ '1.0.9' ],
21 silly audit   '@csstools/postcss-font-format-keywords': [ '3.0.2' ],
21 silly audit   '@csstools/postcss-gamut-mapping': [ '1.0.11' ],
21 silly audit   '@csstools/postcss-global-data': [ '2.1.1' ],
21 silly audit   '@csstools/postcss-gradients-interpolation-method': [ '4.0.20' ],
21 silly audit   '@csstools/postcss-hwb-function': [ '3.0.18' ],
21 silly audit   '@csstools/postcss-ic-unit': [ '3.0.7' ],
21 silly audit   '@csstools/postcss-initial': [ '1.0.1' ],
21 silly audit   '@csstools/postcss-is-pseudo-class': [ '4.0.8' ],
21 silly audit   '@csstools/postcss-light-dark-function': [ '1.0.8' ],
21 silly audit   '@csstools/postcss-logical-float-and-clear': [ '2.0.1' ],
21 silly audit   '@csstools/postcss-logical-overflow': [ '1.0.1' ],
21 silly audit   '@csstools/postcss-logical-overscroll-behavior': [ '1.0.1' ],
21 silly audit   '@csstools/postcss-logical-resize': [ '2.0.1' ],
21 silly audit   '@csstools/postcss-logical-viewport-units': [ '2.0.11' ],
21 silly audit   '@csstools/postcss-media-minmax': [ '1.1.8' ],
21 silly audit   '@csstools/postcss-media-queries-aspect-ratio-number-values': [ '2.0.11' ],
21 silly audit   '@csstools/postcss-nested-calc': [ '3.0.2' ],
21 silly audit   '@csstools/postcss-normalize-display-values': [ '3.0.2' ],
21 silly audit   '@csstools/postcss-oklab-function': [ '3.0.19' ],
21 silly audit   '@csstools/postcss-progressive-custom-properties': [ '3.3.0' ],
21 silly audit   '@csstools/postcss-relative-color-syntax': [ '2.0.19' ],
21 silly audit   '@csstools/postcss-scope-pseudo-class': [ '3.0.1' ],
21 silly audit   '@csstools/postcss-stepped-value-functions': [ '3.0.10' ],
21 silly audit   '@csstools/postcss-text-decoration-shorthand': [ '3.0.7' ],
21 silly audit   '@csstools/postcss-trigonometric-functions': [ '3.0.10' ],
21 silly audit   '@csstools/postcss-unset-value': [ '3.0.1' ],
21 silly audit   '@csstools/selector-resolve-nested': [ '1.1.0' ],
21 silly audit   '@csstools/selector-specificity': [ '3.1.1' ],
21 silly audit   '@csstools/utilities': [ '1.0.0' ],
21 silly audit   '@emnapi/core': [ '1.10.0', '1.8.1' ],
21 silly audit   '@emnapi/runtime': [ '1.10.0', '1.8.1' ],
21 silly audit   '@emnapi/wasi-threads': [ '1.2.1', '1.1.0' ],
21 silly audit   '@eslint-community/eslint-utils': [ '4.9.1' ],
21 silly audit   'eslint-visitor-keys': [ '3.4.3', '5.0.1', '4.2.1' ],
21 silly audit   '@eslint-community/regexpp': [ '4.12.2' ],
21 silly audit   '@eslint/config-array': [ '0.21.2' ],
21 silly audit   '@eslint/config-helpers': [ '0.4.2' ],
21 silly audit   '@eslint/core': [ '0.17.0' ],
21 silly audit   '@eslint/eslintrc': [ '3.3.5' ],
21 silly audit   '@eslint/js': [ '9.39.4' ],
21 silly audit   '@eslint/object-schema': [ '2.1.7' ],
21 silly audit   '@eslint/plugin-kit': [ '0.4.1' ],
21 silly audit   '@floating-ui/core': [ '1.7.5' ],
21 silly audit   '@floating-ui/dom': [ '1.7.6' ],
21 silly audit   '@floating-ui/react': [ '0.26.28' ],
21 silly audit   '@floating-ui/react-dom': [ '2.1.8' ],
21 silly audit   '@floating-ui/utils': [ '0.2.11' ],
21 silly audit   '@headlessui/react': [ '2.2.10' ],
21 silly audit   '@heroicons/react': [ '2.2.0' ],
21 silly audit   '@humanfs/core': [ '0.19.2' ],
21 silly audit   '@humanfs/node': [ '0.16.8' ],
21 silly audit   '@humanfs/types': [ '0.15.0' ],
21 silly audit   '@humanwhocodes/module-importer': [ '1.0.1' ],
21 silly audit   '@humanwhocodes/retry': [ '0.4.3' ],
21 silly audit   '@img/colour': [ '1.1.0' ],
21 silly audit   '@img/sharp-darwin-arm64': [ '0.33.5', '0.34.5' ],
21 silly audit   '@img/sharp-darwin-x64': [ '0.33.5', '0.34.5' ],
21 silly audit   '@img/sharp-libvips-darwin-arm64': [ '1.0.4', '1.2.4' ],
21 silly audit   '@img/sharp-libvips-darwin-x64': [ '1.0.4', '1.2.4' ],
21 silly audit   '@img/sharp-libvips-linux-arm': [ '1.0.5', '1.2.4' ],
21 silly audit   '@img/sharp-libvips-linux-arm64': [ '1.0.4', '1.2.4' ],
21 silly audit   '@img/sharp-libvips-linux-ppc64': [ '1.2.4' ],
21 silly audit   '@img/sharp-libvips-linux-riscv64': [ '1.2.4' ],
21 silly audit   '@img/sharp-libvips-linux-s390x': [ '1.0.4', '1.2.4' ],
21 silly audit   '@img/sharp-libvips-linux-x64': [ '1.0.4', '1.2.4' ],
21 silly audit   '@img/sharp-libvips-linuxmusl-arm64': [ '1.0.4', '1.2.4' ],
21 silly audit   '@img/sharp-libvips-linuxmusl-x64': [ '1.0.4', '1.2.4' ],
21 silly audit   '@img/sharp-linux-arm': [ '0.33.5', '0.34.5' ],
21 silly audit   '@img/sharp-linux-arm64': [ '0.33.5', '0.34.5' ],
21 silly audit   '@img/sharp-linux-ppc64': [ '0.34.5' ],
21 silly audit   '@img/sharp-linux-riscv64': [ '0.34.5' ],
21 silly audit   '@img/sharp-linux-s390x': [ '0.33.5', '0.34.5' ],
21 silly audit   '@img/sharp-linux-x64': [ '0.33.5', '0.34.5' ],
21 silly audit   '@img/sharp-linuxmusl-arm64': [ '0.33.5', '0.34.5' ],
21 silly audit   '@img/sharp-linuxmusl-x64': [ '0.33.5', '0.34.5' ],
21 silly audit   '@img/sharp-wasm32': [ '0.33.5', '0.34.5' ],
21 silly audit   '@img/sharp-win32-arm64': [ '0.34.5' ],
21 silly audit   '@img/sharp-win32-ia32': [ '0.33.5', '0.34.5' ],
21 silly audit   '@img/sharp-win32-x64': [ '0.33.5', '0.34.5' ],
21 silly audit   '@internationalized/date': [ '3.12.1' ],
21 silly audit   '@internationalized/number': [ '3.6.6' ],
21 silly audit   '@internationalized/string': [ '3.2.8' ],
21 silly audit   '@jridgewell/gen-mapping': [ '0.3.13' ],
21 silly audit   '@jridgewell/remapping': [ '2.3.5' ],
21 silly audit   '@jridgewell/resolve-uri': [ '3.1.2' ],
21 silly audit   '@jridgewell/sourcemap-codec': [ '1.5.5' ],
21 silly audit   '@jridgewell/trace-mapping': [ '0.3.31' ],
21 silly audit   '@mdx-js/loader': [ '3.1.1' ],
21 silly audit   '@mdx-js/mdx': [ '3.1.1' ],
21 silly audit   '@mdx-js/react': [ '3.1.1' ],
21 silly audit   '@napi-rs/wasm-runtime': [ '0.2.12', '1.1.1' ],
21 silly audit   '@next/env': [ '15.5.15' ],
21 silly audit   '@next/eslint-plugin-next': [ '15.5.15' ],
21 silly audit   '@next/mdx': [ '15.5.15' ],
21 silly audit   '@next/swc-darwin-arm64': [ '15.5.15' ],
21 silly audit   '@next/swc-darwin-x64': [ '15.5.15' ],
21 silly audit   '@next/swc-linux-arm64-gnu': [ '15.5.15' ],
21 silly audit   '@next/swc-linux-arm64-musl': [ '15.5.15' ],
21 silly audit   '@next/swc-linux-x64-gnu': [ '15.5.15' ],
21 silly audit   '@next/swc-linux-x64-musl': [ '15.5.15' ],
21 silly audit   '@next/swc-win32-arm64-msvc': [ '15.5.15' ],
21 silly audit   '@next/swc-win32-x64-msvc': [ '15.5.15' ],
21 silly audit   '@nodelib/fs.scandir': [ '2.1.5' ],
21 silly audit   '@nodelib/fs.stat': [ '2.0.5' ],
21 silly audit   '@nodelib/fs.walk': [ '1.2.8' ],
21 silly audit   '@nolyfill/is-core-module': [ '1.0.39' ],
21 silly audit   '@once-ui-system/core': [ '1.6.4' ],
21 silly audit   '@parcel/watcher': [ '2.5.6' ],
21 silly audit   '@parcel/watcher-android-arm64': [ '2.5.6' ],
21 silly audit   '@parcel/watcher-darwin-arm64': [ '2.5.6' ],
21 silly audit   '@parcel/watcher-darwin-x64': [ '2.5.6' ],
21 silly audit   '@parcel/watcher-freebsd-x64': [ '2.5.6' ],
21 silly audit   '@parcel/watcher-linux-arm-glibc': [ '2.5.6' ],
21 silly audit   '@parcel/watcher-linux-arm-musl': [ '2.5.6' ],
21 silly audit   '@parcel/watcher-linux-arm64-glibc': [ '2.5.6' ],
21 silly audit   '@parcel/watcher-linux-arm64-musl': [ '2.5.6' ],
21 silly audit   '@parcel/watcher-linux-x64-glibc': [ '2.5.6' ],
21 silly audit   '@parcel/watcher-linux-x64-musl': [ '2.5.6' ],
21 silly audit   '@parcel/watcher-win32-arm64': [ '2.5.6' ],
21 silly audit   '@parcel/watcher-win32-ia32': [ '2.5.6' ],
21 silly audit   '@parcel/watcher-win32-x64': [ '2.5.6' ],
21 silly audit   '@radix-ui/primitive': [ '1.1.3' ],
21 silly audit   '@radix-ui/react-compose-refs': [ '1.1.2' ],
21 silly audit   '@radix-ui/react-context': [ '1.1.2' ],
21 silly audit   '@radix-ui/react-dialog': [ '1.1.15' ],
21 silly audit   '@radix-ui/react-slot': [ '1.2.3', '1.2.4' ],
21 silly audit   '@radix-ui/react-dismissable-layer': [ '1.1.11' ],
21 silly audit   '@radix-ui/react-focus-guards': [ '1.1.3' ],
21 silly audit   '@radix-ui/react-focus-scope': [ '1.1.7' ],
21 silly audit   '@radix-ui/react-id': [ '1.1.1' ],
21 silly audit   '@radix-ui/react-portal': [ '1.1.9' ],
21 silly audit   '@radix-ui/react-presence': [ '1.1.5' ],
21 silly audit   '@radix-ui/react-primitive': [ '2.1.3', '2.1.4' ],
21 silly audit   '@radix-ui/react-use-callback-ref': [ '1.1.1' ],
21 silly audit   '@radix-ui/react-use-controllable-state': [ '1.2.2' ],
21 silly audit   '@radix-ui/react-use-effect-event': [ '0.0.2' ],
21 silly audit   '@radix-ui/react-use-escape-keydown': [ '1.1.1' ],
21 silly audit   '@radix-ui/react-use-layout-effect': [ '1.1.1' ],
21 silly audit   '@radix-ui/react-visually-hidden': [ '1.2.4' ],
21 silly audit   '@react-aria/focus': [ '3.22.0' ],
21 silly audit   '@react-aria/interactions': [ '3.28.0' ],
21 silly audit   '@react-types/shared': [ '3.34.0' ],
21 silly audit   '@rtsao/scc': [ '1.1.0' ],
21 silly audit   '@rushstack/eslint-patch': [ '1.16.1' ],
21 silly audit   '@swc/helpers': [ '0.5.21', '0.5.15' ],
21 silly audit   '@tailwindcss/node': [ '4.2.4' ],
21 silly audit   '@tailwindcss/oxide': [ '4.2.4' ],
21 silly audit   '@tailwindcss/oxide-android-arm64': [ '4.2.4' ],
21 silly audit   '@tailwindcss/oxide-darwin-arm64': [ '4.2.4' ],
21 silly audit   '@tailwindcss/oxide-darwin-x64': [ '4.2.4' ],
21 silly audit   '@tailwindcss/oxide-freebsd-x64': [ '4.2.4' ],
21 silly audit   '@tailwindcss/oxide-linux-arm-gnueabihf': [ '4.2.4' ],
21 silly audit   '@tailwindcss/oxide-linux-arm64-gnu': [ '4.2.4' ],
21 silly audit   '@tailwindcss/oxide-linux-arm64-musl': [ '4.2.4' ],
21 silly audit   '@tailwindcss/oxide-linux-x64-gnu': [ '4.2.4' ],
21 silly audit   '@tailwindcss/oxide-linux-x64-musl': [ '4.2.4' ],
21 silly audit   '@tailwindcss/oxide-wasm32-wasi': [ '4.2.4' ],
21 silly audit   '@tybys/wasm-util': [ '0.10.1' ],
21 silly audit   tslib: [ '2.8.1' ],
21 silly audit   '@tailwindcss/oxide-win32-arm64-msvc': [ '4.2.4' ],
21 silly audit   '@tailwindcss/oxide-win32-x64-msvc': [ '4.2.4' ],
21 silly audit   '@tailwindcss/postcss': [ '4.2.4' ],
21 silly audit   '@tanstack/react-virtual': [ '3.13.24' ],
21 silly audit   '@tanstack/virtual-core': [ '3.14.0' ],
21 silly audit   '@turbo/darwin-64': [ '2.9.6' ],
21 silly audit   '@turbo/darwin-arm64': [ '2.9.6' ],
21 silly audit   '@turbo/linux-64': [ '2.9.6' ],
21 silly audit   '@turbo/linux-arm64': [ '2.9.6' ],
21 silly audit   '@turbo/windows-64': [ '2.9.6' ],
21 silly audit   '@turbo/windows-arm64': [ '2.9.6' ],
21 silly audit   '@types/cookie': [ '0.6.0' ],
21 silly audit   '@types/d3-array': [ '3.2.2' ],
21 silly audit   '@types/d3-color': [ '3.1.3' ],
21 silly audit   '@types/d3-ease': [ '3.0.2' ],
21 silly audit   '@types/d3-interpolate': [ '3.0.4' ],
21 silly audit   '@types/d3-path': [ '3.1.1' ],
21 silly audit   '@types/d3-scale': [ '4.0.9' ],
21 silly audit   '@types/d3-shape': [ '3.1.8' ],
21 silly audit   '@types/d3-time': [ '3.0.4' ],
21 silly audit   '@types/d3-timer': [ '3.0.2' ],
21 silly audit   '@types/debug': [ '4.1.13' ],
21 silly audit   '@types/estree': [ '1.0.8' ],
21 silly audit   '@types/estree-jsx': [ '1.0.5' ],
21 silly audit   '@types/hast': [ '3.0.4' ],
21 silly audit   '@types/json-schema': [ '7.0.15' ],
21 silly audit   '@types/json5': [ '0.0.29' ],
21 silly audit   '@types/mdast': [ '4.0.4' ],
21 silly audit   '@types/mdx': [ '2.0.13' ],
21 silly audit   '@types/ms': [ '2.1.0' ],
21 silly audit   '@types/node': [ '20.19.39' ],
21 silly audit   '@types/prop-types': [ '15.7.15' ],
21 silly audit   '@types/react': [ '18.3.28' ],
21 silly audit   '@types/react-dom': [ '18.3.7' ],
21 silly audit   '@types/unist': [ '3.0.3', '2.0.11' ],
21 silly audit   '@typescript-eslint/eslint-plugin': [ '8.59.0' ],
21 silly audit   ignore: [ '7.0.5', '5.3.2' ],
21 silly audit   '@typescript-eslint/parser': [ '8.59.0' ],
21 silly audit   '@typescript-eslint/project-service': [ '8.59.0' ],
21 silly audit   '@typescript-eslint/scope-manager': [ '8.59.0' ],
21 silly audit   '@typescript-eslint/tsconfig-utils': [ '8.59.0' ],
21 silly audit   '@typescript-eslint/type-utils': [ '8.59.0' ],
21 silly audit   '@typescript-eslint/types': [ '8.59.0' ],
21 silly audit   '@typescript-eslint/typescript-estree': [ '8.59.0' ],
21 silly audit   'balanced-match': [ '4.0.4', '1.0.2' ],
21 silly audit   'brace-expansion': [ '5.0.5', '1.1.14' ],
21 silly audit   minimatch: [ '10.2.5', '3.1.5' ],
21 silly audit   '@typescript-eslint/utils': [ '8.59.0' ],
21 silly audit   '@typescript-eslint/visitor-keys': [ '8.59.0' ],
21 silly audit   '@ungap/structured-clone': [ '1.3.0' ],
21 silly audit   '@unrs/resolver-binding-android-arm-eabi': [ '1.11.1' ],
21 silly audit   '@unrs/resolver-binding-android-arm64': [ '1.11.1' ],
21 silly audit   '@unrs/resolver-binding-darwin-arm64': [ '1.11.1' ],
21 silly audit   '@unrs/resolver-binding-darwin-x64': [ '1.11.1' ],
21 silly audit   '@unrs/resolver-binding-freebsd-x64': [ '1.11.1' ],
21 silly audit   '@unrs/resolver-binding-linux-arm-gnueabihf': [ '1.11.1' ],
21 silly audit   '@unrs/resolver-binding-linux-arm-musleabihf': [ '1.11.1' ],
21 silly audit   '@unrs/resolver-binding-linux-arm64-gnu': [ '1.11.1' ],
21 silly audit   '@unrs/resolver-binding-linux-arm64-musl': [ '1.11.1' ],
21 silly audit   '@unrs/resolver-binding-linux-ppc64-gnu': [ '1.11.1' ],
21 silly audit   '@unrs/resolver-binding-linux-riscv64-gnu': [ '1.11.1' ],
21 silly audit   '@unrs/resolver-binding-linux-riscv64-musl': [ '1.11.1' ],
21 silly audit   '@unrs/resolver-binding-linux-s390x-gnu': [ '1.11.1' ],
21 silly audit   '@unrs/resolver-binding-linux-x64-gnu': [ '1.11.1' ],
21 silly audit   '@unrs/resolver-binding-linux-x64-musl': [ '1.11.1' ],
21 silly audit   '@unrs/resolver-binding-wasm32-wasi': [ '1.11.1' ],
21 silly audit   '@unrs/resolver-binding-win32-arm64-msvc': [ '1.11.1' ],
21 silly audit   '@unrs/resolver-binding-win32-ia32-msvc': [ '1.11.1' ],
21 silly audit   '@unrs/resolver-binding-win32-x64-msvc': [ '1.11.1' ],
21 silly audit   acorn: [ '8.16.0' ],
21 silly audit   'acorn-jsx': [ '5.3.2' ],
21 silly audit   ajv: [ '6.15.0' ],
21 silly audit   'ansi-styles': [ '4.3.0' ],
21 silly audit   argparse: [ '2.0.1', '1.0.10' ],
21 silly audit   'aria-hidden': [ '1.2.6' ],
21 silly audit   'aria-query': [ '5.3.2' ],
21 silly audit   'array-buffer-byte-length': [ '1.0.2' ],
21 silly audit   'array-includes': [ '3.1.9' ],
21 silly audit   'array.prototype.findlast': [ '1.2.5' ],
21 silly audit   'array.prototype.findlastindex': [ '1.2.6' ],
21 silly audit   'array.prototype.flat': [ '1.3.3' ],
21 silly audit   'array.prototype.flatmap': [ '1.3.3' ],
21 silly audit   'array.prototype.tosorted': [ '1.1.4' ],
21 silly audit   'arraybuffer.prototype.slice': [ '1.0.4' ],
21 silly audit   'ast-types-flow': [ '0.0.8' ],
21 silly audit   astring: [ '1.9.0' ],
21 silly audit   'async-function': [ '1.0.0' ],
21 silly audit   autoprefixer: [ '10.5.0' ],
21 silly audit   'available-typed-arrays': [ '1.0.7' ],
21 silly audit   'axe-core': [ '4.11.3' ],
21 silly audit   'axobject-query': [ '4.1.0' ],
21 silly audit   bail: [ '2.0.2' ],
21 silly audit   'baseline-browser-mapping': [ '2.10.21' ],
21 silly audit   'blueimp-canvas-to-blob': [ '3.29.0' ],
21 silly audit   braces: [ '3.0.3' ],
21 silly audit   browserslist: [ '4.28.2' ],
21 silly audit   'call-bind': [ '1.0.9' ],
21 silly audit   'call-bind-apply-helpers': [ '1.0.2' ],
21 silly audit   'call-bound': [ '1.0.4' ],
21 silly audit   callsites: [ '3.1.0' ],
21 silly audit   'caniuse-lite': [ '1.0.30001790' ],
21 silly audit   ccount: [ '2.0.1' ],
21 silly audit   chalk: [ '4.1.2' ],
21 silly audit   'character-entities': [ '2.0.2' ],
21 silly audit   'character-entities-html4': [ '2.1.0' ],
21 silly audit   'character-entities-legacy': [ '3.0.0' ],
21 silly audit   'character-reference-invalid': [ '2.0.1' ],
21 silly audit   chokidar: [ '4.0.3' ],
21 silly audit   'class-variance-authority': [ '0.7.1' ],
21 silly audit   classnames: [ '2.5.1' ],
21 silly audit   'client-only': [ '0.0.1' ],
21 silly audit   cloudinary: [ '2.9.0' ],
21 silly audit   clsx: [ '2.1.1' ],
21 silly audit   'collapse-white-space': [ '2.1.0' ],
21 silly audit   color: [ '4.2.3' ],
21 silly audit   'color-convert': [ '2.0.1' ],
21 silly audit   'color-name': [ '1.1.4' ],
21 silly audit   'color-string': [ '1.9.1' ],
21 silly audit   'comma-separated-tokens': [ '2.0.3' ],
21 silly audit   compressorjs: [ '1.3.0' ],
21 silly audit   'concat-map': [ '0.0.1' ],
21 silly audit   cookie: [ '1.1.1' ],
21 silly audit   'cross-spawn': [ '7.0.6' ],
21 silly audit   'css-blank-pseudo': [ '6.0.2' ],
21 silly audit   'css-has-pseudo': [ '6.0.5' ],
21 silly audit   'css-prefers-color-scheme': [ '9.0.1' ],
21 silly audit   cssdb: [ '8.8.0' ],
21 silly audit   cssesc: [ '3.0.0' ],
21 silly audit   csstype: [ '3.2.3' ],
21 silly audit   'd3-array': [ '3.2.4' ],
21 silly audit   'd3-color': [ '3.1.0' ],
21 silly audit   'd3-ease': [ '3.0.1' ],
21 silly audit   'd3-format': [ '3.1.2' ],
21 silly audit   'd3-interpolate': [ '3.0.1' ],
21 silly audit   'd3-path': [ '3.1.0' ],
21 silly audit   'd3-scale': [ '4.0.2' ],
21 silly audit   'd3-shape': [ '3.2.0' ],
21 silly audit   'd3-time': [ '3.1.0' ],
21 silly audit   'd3-time-format': [ '4.1.0' ],
21 silly audit   'd3-timer': [ '3.0.1' ],
21 silly audit   'damerau-levenshtein': [ '1.0.8' ],
21 silly audit   'data-view-buffer': [ '1.0.2' ],
21 silly audit   'data-view-byte-length': [ '1.0.2' ],
21 silly audit   'data-view-byte-offset': [ '1.0.1' ],
21 silly audit   'date-fns': [ '4.1.0' ],
21 silly audit   debug: [ '4.4.3', '3.2.7' ],
21 silly audit   'decimal.js-light': [ '2.5.1' ],
21 silly audit   'decode-named-character-reference': [ '1.3.0' ],
21 silly audit   'deep-is': [ '0.1.4' ],
21 silly audit   'define-data-property': [ '1.1.4' ],
21 silly audit   'define-properties': [ '1.2.1' ],
21 silly audit   dequal: [ '2.0.3' ],
21 silly audit   'detect-libc': [ '2.1.2' ],
21 silly audit   'detect-node-es': [ '1.1.0' ],
21 silly audit   devlop: [ '1.1.0' ],
21 silly audit   doctrine: [ '2.1.0' ],
21 silly audit   'dom-helpers': [ '5.2.1' ],
21 silly audit   'dunder-proto': [ '1.0.1' ],
21 silly audit   'electron-to-chromium': [ '1.5.344' ],
21 silly audit   'emoji-regex': [ '9.2.2' ],
21 silly audit   'enhanced-resolve': [ '5.21.0' ],
21 silly audit   'es-abstract': [ '1.24.2' ],
21 silly audit   'es-define-property': [ '1.0.1' ],
21 silly audit   'es-errors': [ '1.3.0' ],
21 silly audit   'es-iterator-helpers': [ '1.3.2' ],
21 silly audit   'es-object-atoms': [ '1.1.1' ],
21 silly audit   'es-set-tostringtag': [ '2.1.0' ],
21 silly audit   'es-shim-unscopables': [ '1.1.0' ],
21 silly audit   'es-to-primitive': [ '1.3.0' ],
21 silly audit   'esast-util-from-estree': [ '2.0.0' ],
21 silly audit   'esast-util-from-js': [ '2.0.1' ],
21 silly audit   escalade: [ '3.2.0' ],
21 silly audit   'escape-string-regexp': [ '4.0.0' ],
21 silly audit   eslint: [ '9.39.4' ],
21 silly audit   'eslint-config-next': [ '15.5.15' ],
21 silly audit   'eslint-import-resolver-node': [ '0.3.10' ],
21 silly audit   'eslint-import-resolver-typescript': [ '3.10.1' ],
21 silly audit   'eslint-module-utils': [ '2.12.1' ],
21 silly audit   'eslint-plugin-import': [ '2.32.0' ],
21 silly audit   semver: [ '6.3.1', '7.7.4' ],
21 silly audit   'eslint-plugin-jsx-a11y': [ '6.10.2' ],
21 silly audit   'eslint-plugin-react': [ '7.37.5' ],
21 silly audit   'eslint-plugin-react-hooks': [ '5.2.0' ],
21 silly audit   'eslint-scope': [ '8.4.0' ],
21 silly audit   espree: [ '10.4.0' ],
21 silly audit   esprima: [ '4.0.1' ],
21 silly audit   esquery: [ '1.7.0' ],
21 silly audit   esrecurse: [ '4.3.0' ],
21 silly audit   estraverse: [ '5.3.0' ],
21 silly audit   'estree-util-attach-comments': [ '3.0.0' ],
21 silly audit   'estree-util-build-jsx': [ '3.0.1' ],
21 silly audit   'estree-util-is-identifier-name': [ '3.0.0' ],
21 silly audit   'estree-util-scope': [ '1.0.0' ],
21 silly audit   'estree-util-to-js': [ '2.0.0' ],
21 silly audit   'estree-util-visit': [ '2.0.0' ],
21 silly audit   'estree-walker': [ '3.0.3' ],
21 silly audit   esutils: [ '2.0.3' ],
21 silly audit   eventemitter3: [ '4.0.7' ],
21 silly audit   extend: [ '3.0.2' ],
21 silly audit   'extend-shallow': [ '2.0.1' ],
21 silly audit   'fast-deep-equal': [ '3.1.3' ],
21 silly audit   'fast-equals': [ '5.4.0' ],
21 silly audit   'fast-glob': [ '3.3.1' ],
21 silly audit   'glob-parent': [ '5.1.2', '6.0.2' ],
21 silly audit   'fast-json-stable-stringify': [ '2.1.0' ],
21 silly audit   'fast-levenshtein': [ '2.0.6' ],
21 silly audit   fastq: [ '1.20.1' ],
21 silly audit   fdir: [ '6.5.0' ],
21 silly audit   'file-entry-cache': [ '8.0.0' ],
21 silly audit   'fill-range': [ '7.1.1' ],
21 silly audit   'find-up': [ '5.0.0' ],
21 silly audit   'flat-cache': [ '4.0.1' ],
21 silly audit   flatted: [ '3.4.2' ],
21 silly audit   'for-each': [ '0.3.5' ],
21 silly audit   'fraction.js': [ '5.3.4' ],
21 silly audit   'framer-motion': [ '12.38.0' ],
21 silly audit   'function-bind': [ '1.1.2' ],
21 silly audit   'function.prototype.name': [ '1.1.8' ],
21 silly audit   'functions-have-names': [ '1.2.3' ],
21 silly audit   'generator-function': [ '2.0.1' ],
21 silly audit   'get-intrinsic': [ '1.3.0' ],
21 silly audit   'get-nonce': [ '1.0.1' ],
21 silly audit   'get-proto': [ '1.0.1' ],
21 silly audit   'get-symbol-description': [ '1.1.0' ],
21 silly audit   'get-tsconfig': [ '4.14.0' ],
21 silly audit   globals: [ '14.0.0' ],
21 silly audit   globalthis: [ '1.0.4' ],
21 silly audit   gopd: [ '1.2.0' ],
21 silly audit   'graceful-fs': [ '4.2.11' ],
21 silly audit   'gray-matter': [ '4.0.3' ],
21 silly audit   'js-yaml': [ '3.14.2', '4.1.1' ],
21 silly audit   'has-bigints': [ '1.1.0' ],
21 silly audit   'has-flag': [ '4.0.0' ],
21 silly audit   'has-property-descriptors': [ '1.0.2' ],
21 silly audit   'has-proto': [ '1.2.0' ],
21 silly audit   'has-symbols': [ '1.1.0' ],
21 silly audit   'has-tostringtag': [ '1.0.2' ],
21 silly audit   hasown: [ '2.0.3' ],
21 silly audit   'hast-util-sanitize': [ '5.0.2' ],
21 silly audit   'hast-util-to-estree': [ '3.1.3' ],
21 silly audit   'hast-util-to-html': [ '9.0.5' ],
21 silly audit   'hast-util-to-jsx-runtime': [ '2.3.6' ],
21 silly audit   'hast-util-whitespace': [ '3.0.0' ],
21 silly audit   'html-void-elements': [ '3.0.0' ],
21 silly audit   immutable: [ '5.1.5' ],
21 silly audit   'import-fresh': [ '3.3.1' ],
21 silly audit   imurmurhash: [ '0.1.4' ],
21 silly audit   'inline-style-parser': [ '0.2.7' ],
21 silly audit   'internal-slot': [ '1.1.0' ],
21 silly audit   internmap: [ '2.0.3' ],
21 silly audit   'is-alphabetical': [ '2.0.1' ],
21 silly audit   'is-alphanumerical': [ '2.0.1' ],
21 silly audit   'is-array-buffer': [ '3.0.5' ],
21 silly audit   'is-arrayish': [ '0.3.4' ],
21 silly audit   'is-async-function': [ '2.1.1' ],
21 silly audit   'is-bigint': [ '1.1.0' ],
21 silly audit   'is-blob': [ '2.1.0' ],
21 silly audit   'is-boolean-object': [ '1.2.2' ],
21 silly audit   'is-bun-module': [ '2.0.0' ],
21 silly audit   'is-callable': [ '1.2.7' ],
21 silly audit   'is-core-module': [ '2.16.1' ],
21 silly audit   'is-data-view': [ '1.0.2' ],
21 silly audit   'is-date-object': [ '1.1.0' ],
21 silly audit   'is-decimal': [ '2.0.1' ],
21 silly audit   'is-extendable': [ '0.1.1' ],
21 silly audit   'is-extglob': [ '2.1.1' ],
21 silly audit   'is-finalizationregistry': [ '1.1.1' ],
21 silly audit   'is-generator-function': [ '1.1.2' ],
21 silly audit   'is-glob': [ '4.0.3' ],
21 silly audit   'is-hexadecimal': [ '2.0.1' ],
21 silly audit   'is-map': [ '2.0.3' ],
21 silly audit   'is-negative-zero': [ '2.0.3' ],
21 silly audit   'is-number': [ '7.0.0' ],
21 silly audit   'is-number-object': [ '1.1.1' ],
21 silly audit   'is-plain-obj': [ '4.1.0' ],
21 silly audit   'is-regex': [ '1.2.1' ],
21 silly audit   'is-set': [ '2.0.3' ],
21 silly audit   'is-shared-array-buffer': [ '1.0.4' ],
21 silly audit   'is-string': [ '1.1.1' ],
21 silly audit   'is-symbol': [ '1.1.1' ],
21 silly audit   'is-typed-array': [ '1.1.15' ],
21 silly audit   'is-weakmap': [ '2.0.2' ],
21 silly audit   'is-weakref': [ '1.1.1' ],
21 silly audit   'is-weakset': [ '2.0.4' ],
21 silly audit   isarray: [ '2.0.5' ],
21 silly audit   isexe: [ '2.0.0' ],
21 silly audit   'iterator.prototype': [ '1.1.5' ],
21 silly audit   jiti: [ '2.6.1' ],
21 silly audit   'js-tokens': [ '4.0.0' ],
21 silly audit   'json-buffer': [ '3.0.1' ],
21 silly audit   'json-schema-traverse': [ '0.4.1' ],
21 silly audit   'json-stable-stringify-without-jsonify': [ '1.0.1' ],
21 silly audit   json5: [ '1.0.2' ],
21 silly audit   'jsx-ast-utils': [ '3.3.5' ],
21 silly audit   keyv: [ '4.5.4' ],
21 silly audit   'kind-of': [ '6.0.3' ],
21 silly audit   'language-subtag-registry': [ '0.3.23' ],
21 silly audit   'language-tags': [ '1.0.9' ],
21 silly audit   levn: [ '0.4.1' ],
21 silly audit   lightningcss: [ '1.32.0' ],
21 silly audit   'lightningcss-android-arm64': [ '1.32.0' ],
21 silly audit   'lightningcss-darwin-arm64': [ '1.32.0' ],
21 silly audit   'lightningcss-darwin-x64': [ '1.32.0' ],
21 silly audit   'lightningcss-freebsd-x64': [ '1.32.0' ],
21 silly audit   'lightningcss-linux-arm-gnueabihf': [ '1.32.0' ],
21 silly audit   'lightningcss-linux-arm64-gnu': [ '1.32.0' ],
21 silly audit   'lightningcss-linux-arm64-musl': [ '1.32.0' ],
21 silly audit   'lightningcss-linux-x64-gnu': [ '1.32.0' ],
21 silly audit   'lightningcss-linux-x64-musl': [ '1.32.0' ],
21 silly audit   'lightningcss-win32-arm64-msvc': [ '1.32.0' ],
21 silly audit   'lightningcss-win32-x64-msvc': [ '1.32.0' ],
21 silly audit   'locate-path': [ '6.0.0' ],
21 silly audit   lodash: [ '4.18.1' ],
21 silly audit   'lodash.merge': [ '4.6.2' ],
21 silly audit   'longest-streak': [ '3.1.0' ],
21 silly audit   'loose-envify': [ '1.4.0' ],
21 silly audit   'lucide-react': [ '0.509.0' ],
21 silly audit   'magic-string': [ '0.30.21' ],
21 silly audit   'markdown-extensions': [ '2.0.0' ],
21 silly audit   'math-intrinsics': [ '1.1.0' ],
21 silly audit   'mdast-util-from-markdown': [ '2.0.3' ],
21 silly audit   'mdast-util-mdx': [ '3.0.0' ],
21 silly audit   'mdast-util-mdx-expression': [ '2.0.1' ],
21 silly audit   'mdast-util-mdx-jsx': [ '3.2.0' ],
21 silly audit   'mdast-util-mdxjs-esm': [ '2.0.1' ],
21 silly audit   'mdast-util-phrasing': [ '4.1.0' ],
21 silly audit   'mdast-util-to-hast': [ '13.2.1' ],
21 silly audit   'mdast-util-to-markdown': [ '2.1.2' ],
21 silly audit   'mdast-util-to-string': [ '4.0.0' ],
21 silly audit   merge2: [ '1.4.1' ],
21 silly audit   micromark: [ '4.0.2' ],
21 silly audit   'micromark-core-commonmark': [ '2.0.3' ],
21 silly audit   'micromark-extension-mdx-expression': [ '3.0.1' ],
21 silly audit   'micromark-extension-mdx-jsx': [ '3.0.2' ],
21 silly audit   'micromark-extension-mdx-md': [ '2.0.0' ],
21 silly audit   'micromark-extension-mdxjs': [ '3.0.0' ],
21 silly audit   'micromark-extension-mdxjs-esm': [ '3.0.0' ],
21 silly audit   'micromark-factory-destination': [ '2.0.1' ],
21 silly audit   'micromark-factory-label': [ '2.0.1' ],
21 silly audit   'micromark-factory-mdx-expression': [ '2.0.3' ],
21 silly audit   'micromark-factory-space': [ '2.0.1' ],
21 silly audit   'micromark-factory-title': [ '2.0.1' ],
21 silly audit   'micromark-factory-whitespace': [ '2.0.1' ],
21 silly audit   'micromark-util-character': [ '2.1.1' ],
21 silly audit   'micromark-util-chunked': [ '2.0.1' ],
21 silly audit   'micromark-util-classify-character': [ '2.0.1' ],
21 silly audit   'micromark-util-combine-extensions': [ '2.0.1' ],
21 silly audit   'micromark-util-decode-numeric-character-reference': [ '2.0.2' ],
21 silly audit   'micromark-util-decode-string': [ '2.0.1' ],
21 silly audit   'micromark-util-encode': [ '2.0.1' ],
21 silly audit   'micromark-util-events-to-acorn': [ '2.0.3' ],
21 silly audit   'micromark-util-html-tag-name': [ '2.0.1' ],
21 silly audit   'micromark-util-normalize-identifier': [ '2.0.1' ],
21 silly audit   'micromark-util-resolve-all': [ '2.0.1' ],
21 silly audit   'micromark-util-sanitize-uri': [ '2.0.1' ],
21 silly audit   'micromark-util-subtokenize': [ '2.1.0' ],
21 silly audit   'micromark-util-symbol': [ '2.0.1' ],
21 silly audit   'micromark-util-types': [ '2.0.2' ],
21 silly audit   micromatch: [ '4.0.8' ],
21 silly audit   picomatch: [ '2.3.2', '4.0.4' ],
21 silly audit   minimist: [ '1.2.8' ],
21 silly audit   'motion-dom': [ '12.38.0' ],
21 silly audit   'motion-utils': [ '12.36.0' ],
21 silly audit   ms: [ '2.1.3' ],
21 silly audit   nanoid: [ '3.3.11' ],
21 silly audit   'napi-postinstall': [ '0.3.4' ],
21 silly audit   'natural-compare': [ '1.4.0' ],
21 silly audit   next: [ '15.5.15' ],
21 silly audit   'next-mdx-remote': [ '6.0.0' ],
21 silly audit   postcss: [ '8.4.31', '8.5.10' ],
21 silly audit   sharp: [ '0.34.5', '0.33.5' ],
21 silly audit   'node-addon-api': [ '7.1.1' ],
21 silly audit   'node-exports-info': [ '1.6.0' ],
21 silly audit   'node-releases': [ '2.0.38' ],
21 silly audit   'object-assign': [ '4.1.1' ],
21 silly audit   'object-inspect': [ '1.13.4' ],
21 silly audit   'object-keys': [ '1.1.1' ],
21 silly audit   'object.assign': [ '4.1.7' ],
21 silly audit   'object.entries': [ '1.1.9' ],
21 silly audit   'object.fromentries': [ '2.0.8' ],
21 silly audit   'object.groupby': [ '1.0.3' ],
21 silly audit   'object.values': [ '1.2.1' ],
21 silly audit   optionator: [ '0.9.4' ],
21 silly audit   'own-keys': [ '1.0.1' ],
21 silly audit   'p-limit': [ '3.1.0' ],
21 silly audit   'p-locate': [ '5.0.0' ],
21 silly audit   'parent-module': [ '1.0.1' ],
21 silly audit   'parse-entities': [ '4.0.2' ],
21 silly audit   'path-exists': [ '4.0.0' ],
21 silly audit   'path-key': [ '3.1.1' ],
21 silly audit   'path-parse': [ '1.0.7' ],
21 silly audit   picocolors: [ '1.1.1' ],
21 silly audit   'possible-typed-array-names': [ '1.1.0' ],
21 silly audit   'postcss-attribute-case-insensitive': [ '6.0.3' ],
21 silly audit   'postcss-clamp': [ '4.1.0' ],
21 silly audit   'postcss-color-functional-notation': [ '6.0.14' ],
21 silly audit   'postcss-color-hex-alpha': [ '9.0.4' ],
21 silly audit   'postcss-color-rebeccapurple': [ '9.0.3' ],
21 silly audit   'postcss-custom-media': [ '10.0.8' ],
21 silly audit   'postcss-custom-properties': [ '13.3.12' ],
21 silly audit   'postcss-custom-selectors': [ '7.1.12' ],
21 silly audit   'postcss-dir-pseudo-class': [ '8.0.1' ],
21 silly audit   'postcss-double-position-gradients': [ '5.0.7' ],
21 silly audit   'postcss-flexbugs-fixes': [ '5.0.2' ],
21 silly audit   'postcss-focus-visible': [ '9.0.1' ],
21 silly audit   'postcss-focus-within': [ '8.0.1' ],
21 silly audit   'postcss-font-variant': [ '5.0.0' ],
21 silly audit   'postcss-gap-properties': [ '5.0.1' ],
21 silly audit   'postcss-image-set-function': [ '6.0.3' ],
21 silly audit   'postcss-lab-function': [ '6.0.19' ],
21 silly audit   'postcss-logical': [ '7.0.1' ],
21 silly audit   'postcss-nesting': [ '12.1.5' ],
21 silly audit   'postcss-opacity-percentage': [ '2.0.0' ],
21 silly audit   'postcss-overflow-shorthand': [ '5.0.1' ],
21 silly audit   'postcss-page-break': [ '3.0.4' ],
21 silly audit   'postcss-place': [ '9.0.1' ],
21 silly audit   'postcss-preset-env': [ '9.6.0' ],
21 silly audit   'postcss-pseudo-class-any-link': [ '9.0.2' ],
21 silly audit   'postcss-replace-overflow-wrap': [ '4.0.0' ],
21 silly audit   'postcss-selector-not': [ '7.0.2' ],
21 silly audit   'postcss-selector-parser': [ '6.1.2' ],
21 silly audit   'postcss-value-parser': [ '4.2.0' ],
21 silly audit   'prelude-ls': [ '1.2.1' ],
21 silly audit   prismjs: [ '1.30.0' ],
21 silly audit   'prop-types': [ '15.8.1' ],
21 silly audit   'property-information': [ '7.1.0' ],
21 silly audit   punycode: [ '2.3.1' ],
21 silly audit   'queue-microtask': [ '1.2.3' ],
21 silly audit   react: [ '19.0.0' ],
21 silly audit   'react-aria': [ '3.48.0' ],
21 silly audit   'react-dom': [ '19.0.0' ],
21 silly audit   'react-hooks-global-state': [ '2.1.0' ],
21 silly audit   'react-icons': [ '5.6.0' ],
21 silly audit   'react-is': [ '16.13.1', '18.3.1' ],
21 silly audit   'react-masonry-css': [ '1.0.16' ],
21 silly audit   'react-remove-scroll': [ '2.7.2' ],
21 silly audit   'react-remove-scroll-bar': [ '2.3.8' ],
21 silly audit   'react-smooth': [ '4.0.4' ],
21 silly audit   'react-stately': [ '3.46.0' ],
21 silly audit   'react-style-singleton': [ '2.2.3' ],
21 silly audit   'react-swipeable': [ '7.0.2' ],
21 silly audit   'react-transition-group': [ '4.4.5' ],
21 silly audit   readdirp: [ '4.1.2' ],
21 silly audit   recharts: [ '2.15.4' ],
21 silly audit   'recharts-scale': [ '0.4.5' ],
21 silly audit   'recma-build-jsx': [ '1.0.0' ],
21 silly audit   'recma-jsx': [ '1.0.1' ],
21 silly audit   'recma-parse': [ '1.0.0' ],
21 silly audit   'recma-stringify': [ '1.0.0' ],
21 silly audit   'reflect.getprototypeof': [ '1.0.10' ],
21 silly audit   'regexp.prototype.flags': [ '1.5.4' ],
21 silly audit   'rehype-recma': [ '1.0.0' ],
21 silly audit   remark: [ '15.0.1' ],
21 silly audit   'remark-html': [ '16.0.1' ],
21 silly audit   'remark-mdx': [ '3.1.1' ],
21 silly audit   'remark-parse': [ '11.0.0' ],
21 silly audit   'remark-rehype': [ '11.1.2' ],
21 silly audit   'remark-stringify': [ '11.0.0' ],
21 silly audit   resolve: [ '2.0.0-next.6' ],
21 silly audit   'resolve-from': [ '4.0.0' ],
21 silly audit   'resolve-pkg-maps': [ '1.0.0' ],
21 silly audit   reusify: [ '1.1.0' ],
21 silly audit   'run-parallel': [ '1.2.0' ],
21 silly audit   'safe-array-concat': [ '1.1.4' ],
21 silly audit   'safe-push-apply': [ '1.0.0' ],
21 silly audit   'safe-regex-test': [ '1.1.0' ],
21 silly audit   sass: [ '1.99.0' ],
21 silly audit   scheduler: [ '0.25.0' ],
21 silly audit   'section-matter': [ '1.0.0' ],
21 silly audit   'set-function-length': [ '1.2.2' ],
21 silly audit   'set-function-name': [ '2.0.2' ],
21 silly audit   'set-proto': [ '1.0.0' ],
21 silly audit   'shebang-command': [ '2.0.0' ],
21 silly audit   'shebang-regex': [ '3.0.0' ],
21 silly audit   'side-channel': [ '1.1.0' ],
21 silly audit   'side-channel-list': [ '1.0.1' ],
21 silly audit   'side-channel-map': [ '1.0.1' ],
21 silly audit   'side-channel-weakmap': [ '1.0.2' ],
21 silly audit   'simple-swizzle': [ '0.2.4' ],
21 silly audit   'source-map': [ '0.7.6' ],
21 silly audit   'source-map-js': [ '1.2.1' ],
21 silly audit   'space-separated-tokens': [ '2.0.2' ],
21 silly audit   'sprintf-js': [ '1.0.3' ],
21 silly audit   'stable-hash': [ '0.0.5' ],
21 silly audit   'stop-iteration-iterator': [ '1.1.0' ],
21 silly audit   'string.prototype.includes': [ '2.0.1' ],
21 silly audit   'string.prototype.matchall': [ '4.0.12' ],
21 silly audit   'string.prototype.repeat': [ '1.0.0' ],
21 silly audit   'string.prototype.trim': [ '1.2.10' ],
21 silly audit   'string.prototype.trimend': [ '1.0.9' ],
21 silly audit   'string.prototype.trimstart': [ '1.0.8' ],
21 silly audit   'stringify-entities': [ '4.0.4' ],
21 silly audit   'strip-bom': [ '3.0.0' ],
21 silly audit   'strip-bom-string': [ '1.0.0' ],
21 silly audit   'strip-json-comments': [ '3.1.1' ],
21 silly audit   'style-to-js': [ '1.1.21' ],
21 silly audit   'style-to-object': [ '1.0.14' ],
21 silly audit   'styled-jsx': [ '5.1.6' ],
21 silly audit   'supports-color': [ '7.2.0' ],
21 silly audit   'supports-preserve-symlinks-flag': [ '1.0.0' ],
21 silly audit   tabbable: [ '6.4.0' ],
21 silly audit   'tailwind-merge': [ '3.5.0' ],
21 silly audit   tailwindcss: [ '4.2.4' ],
21 silly audit   tapable: [ '2.3.3' ],
21 silly audit   'tiny-invariant': [ '1.3.3' ],
21 silly audit   tinyglobby: [ '0.2.16' ],
21 silly audit   'to-regex-range': [ '5.0.1' ],
21 silly audit   'trim-lines': [ '3.0.1' ],
21 silly audit   trough: [ '2.2.0' ],
21 silly audit   'ts-api-utils': [ '2.5.0' ],
21 silly audit   'tsconfig-paths': [ '3.15.0' ],
21 silly audit   turbo: [ '2.9.6' ],
21 silly audit   'tw-animate-css': [ '1.4.0' ],
21 silly audit   'type-check': [ '0.4.0' ],
21 silly audit   'typed-array-buffer': [ '1.0.3' ],
21 silly audit   'typed-array-byte-length': [ '1.0.3' ],
21 silly audit   'typed-array-byte-offset': [ '1.0.4' ],
21 silly audit   'typed-array-length': [ '1.0.7' ],
21 silly audit   typescript: [ '5.9.3' ],
21 silly audit   'unbox-primitive': [ '1.1.0' ],
21 silly audit   'undici-types': [ '6.21.0' ],
21 silly audit   unified: [ '11.0.5' ],
21 silly audit   'unist-util-is': [ '6.0.1' ],
21 silly audit   'unist-util-position': [ '5.0.0' ],
21 silly audit   'unist-util-position-from-estree': [ '2.0.0' ],
21 silly audit   'unist-util-remove': [ '4.0.0' ],
21 silly audit   'unist-util-stringify-position': [ '4.0.0' ],
21 silly audit   'unist-util-visit': [ '5.1.0' ],
21 silly audit   'unist-util-visit-parents': [ '6.0.2' ],
21 silly audit   'unrs-resolver': [ '1.11.1' ],
21 silly audit   'update-browserslist-db': [ '1.2.3' ],
21 silly audit   'uri-js': [ '4.4.1' ],
21 silly audit   'use-callback-ref': [ '1.3.3' ],
21 silly audit   'use-sidecar': [ '1.1.3' ],
21 silly audit   'use-sync-external-store': [ '1.6.0', '1.2.0' ],
21 silly audit   'util-deprecate': [ '1.0.2' ],
21 silly audit   vfile: [ '6.0.3' ],
21 silly audit   'vfile-matter': [ '5.0.1' ],
21 silly audit   'vfile-message': [ '4.0.3' ],
21 silly audit   'victory-vendor': [ '36.9.2' ],
21 silly audit   which: [ '2.0.2' ],
21 silly audit   'which-boxed-primitive': [ '1.1.1' ],
21 silly audit   'which-builtin-type': [ '1.2.1' ],
21 silly audit   'which-collection': [ '1.0.2' ],
21 silly audit   'which-typed-array': [ '1.1.20' ],
21 silly audit   'word-wrap': [ '1.2.5' ],
21 silly audit   yaml: [ '2.8.3' ],
21 silly audit   'yocto-queue': [ '0.1.0' ],
21 silly audit   zustand: [ '4.0.0' ],
21 silly audit   zwitch: [ '2.0.4' ]
21 silly audit }
22 http cache yocto-queue@https://registry.npmjs.org/yocto-queue/-/yocto-queue-0.1.0.tgz 0ms (cache hit)
23 http cache yaml@https://registry.npmjs.org/yaml/-/yaml-2.8.3.tgz 0ms (cache hit)
24 http cache zwitch@https://registry.npmjs.org/zwitch/-/zwitch-2.0.4.tgz 0ms (cache hit)
25 http cache word-wrap@https://registry.npmjs.org/word-wrap/-/word-wrap-1.2.5.tgz 0ms (cache hit)
26 http cache which-typed-array@https://registry.npmjs.org/which-typed-array/-/which-typed-array-1.1.20.tgz 0ms (cache hit)
27 http cache which-collection@https://registry.npmjs.org/which-collection/-/which-collection-1.0.2.tgz 0ms (cache hit)
28 http cache which-builtin-type@https://registry.npmjs.org/which-builtin-type/-/which-builtin-type-1.2.1.tgz 0ms (cache hit)
29 http cache zustand@https://registry.npmjs.org/zustand/-/zustand-4.0.0.tgz 0ms (cache hit)
30 http cache which-boxed-primitive@https://registry.npmjs.org/which-boxed-primitive/-/which-boxed-primitive-1.1.1.tgz 0ms (cache hit)
31 http cache victory-vendor@https://registry.npmjs.org/victory-vendor/-/victory-vendor-36.9.2.tgz 0ms (cache hit)
32 http cache which@https://registry.npmjs.org/which/-/which-2.0.2.tgz 0ms (cache hit)
33 http cache vfile-matter@https://registry.npmjs.org/vfile-matter/-/vfile-matter-5.0.1.tgz 0ms (cache hit)
34 http cache util-deprecate@https://registry.npmjs.org/util-deprecate/-/util-deprecate-1.0.2.tgz 0ms (cache hit)
35 http cache use-sidecar@https://registry.npmjs.org/use-sidecar/-/use-sidecar-1.1.3.tgz 0ms (cache hit)
36 http cache vfile@https://registry.npmjs.org/vfile/-/vfile-6.0.3.tgz 0ms (cache hit)
37 http cache vfile-message@https://registry.npmjs.org/vfile-message/-/vfile-message-4.0.3.tgz 0ms (cache hit)
38 http cache use-sync-external-store@https://registry.npmjs.org/use-sync-external-store/-/use-sync-external-store-1.6.0.tgz 0ms (cache hit)
39 http cache use-callback-ref@https://registry.npmjs.org/use-callback-ref/-/use-callback-ref-1.3.3.tgz 0ms (cache hit)
40 http cache uri-js@https://registry.npmjs.org/uri-js/-/uri-js-4.4.1.tgz 0ms (cache hit)
41 http cache update-browserslist-db@https://registry.npmjs.org/update-browserslist-db/-/update-browserslist-db-1.2.3.tgz 0ms (cache hit)
42 http cache unrs-resolver@https://registry.npmjs.org/unrs-resolver/-/unrs-resolver-1.11.1.tgz 0ms (cache hit)
43 http cache unist-util-visit-parents@https://registry.npmjs.org/unist-util-visit-parents/-/unist-util-visit-parents-6.0.2.tgz 0ms (cache hit)
44 http cache unist-util-stringify-position@https://registry.npmjs.org/unist-util-stringify-position/-/unist-util-stringify-position-4.0.0.tgz 0ms (cache hit)
45 http cache unist-util-position-from-estree@https://registry.npmjs.org/unist-util-position-from-estree/-/unist-util-position-from-estree-2.0.0.tgz 0ms (cache hit)
46 http cache unist-util-remove@https://registry.npmjs.org/unist-util-remove/-/unist-util-remove-4.0.0.tgz 0ms (cache hit)
47 http cache unist-util-visit@https://registry.npmjs.org/unist-util-visit/-/unist-util-visit-5.1.0.tgz 0ms (cache hit)
48 http cache unist-util-position@https://registry.npmjs.org/unist-util-position/-/unist-util-position-5.0.0.tgz 0ms (cache hit)
49 http cache unist-util-is@https://registry.npmjs.org/unist-util-is/-/unist-util-is-6.0.1.tgz 0ms (cache hit)
50 http cache unbox-primitive@https://registry.npmjs.org/unbox-primitive/-/unbox-primitive-1.1.0.tgz 0ms (cache hit)
51 http cache unified@https://registry.npmjs.org/unified/-/unified-11.0.5.tgz 0ms (cache hit)
52 http cache undici-types@https://registry.npmjs.org/undici-types/-/undici-types-6.21.0.tgz 0ms (cache hit)
53 http cache typescript@https://registry.npmjs.org/typescript/-/typescript-5.9.3.tgz 0ms (cache hit)
54 http cache typed-array-length@https://registry.npmjs.org/typed-array-length/-/typed-array-length-1.0.7.tgz 0ms (cache hit)
55 http cache typed-array-byte-length@https://registry.npmjs.org/typed-array-byte-length/-/typed-array-byte-length-1.0.3.tgz 0ms (cache hit)
56 http cache typed-array-buffer@https://registry.npmjs.org/typed-array-buffer/-/typed-array-buffer-1.0.3.tgz 0ms (cache hit)
57 http cache typed-array-byte-offset@https://registry.npmjs.org/typed-array-byte-offset/-/typed-array-byte-offset-1.0.4.tgz 0ms (cache hit)
58 http cache type-check@https://registry.npmjs.org/type-check/-/type-check-0.4.0.tgz 0ms (cache hit)
59 http cache tw-animate-css@https://registry.npmjs.org/tw-animate-css/-/tw-animate-css-1.4.0.tgz 1ms (cache hit)
60 http cache tsconfig-paths@https://registry.npmjs.org/tsconfig-paths/-/tsconfig-paths-3.15.0.tgz 0ms (cache hit)
61 http cache turbo@https://registry.npmjs.org/turbo/-/turbo-2.9.6.tgz 0ms (cache hit)
62 http cache tslib@https://registry.npmjs.org/tslib/-/tslib-2.8.1.tgz 0ms (cache hit)
63 http cache ts-api-utils@https://registry.npmjs.org/ts-api-utils/-/ts-api-utils-2.5.0.tgz 0ms (cache hit)
64 http cache trough@https://registry.npmjs.org/trough/-/trough-2.2.0.tgz 0ms (cache hit)
65 http cache tinyglobby@https://registry.npmjs.org/tinyglobby/-/tinyglobby-0.2.16.tgz 0ms (cache hit)
66 http cache trim-lines@https://registry.npmjs.org/trim-lines/-/trim-lines-3.0.1.tgz 0ms (cache hit)
67 http cache tapable@https://registry.npmjs.org/tapable/-/tapable-2.3.3.tgz 0ms (cache hit)
68 http cache to-regex-range@https://registry.npmjs.org/to-regex-range/-/to-regex-range-5.0.1.tgz 0ms (cache hit)
69 http cache tiny-invariant@https://registry.npmjs.org/tiny-invariant/-/tiny-invariant-1.3.3.tgz 0ms (cache hit)
70 http cache tailwindcss@https://registry.npmjs.org/tailwindcss/-/tailwindcss-4.2.4.tgz 0ms (cache hit)
71 http cache tailwind-merge@https://registry.npmjs.org/tailwind-merge/-/tailwind-merge-3.5.0.tgz 0ms (cache hit)
72 http cache supports-preserve-symlinks-flag@https://registry.npmjs.org/supports-preserve-symlinks-flag/-/supports-preserve-symlinks-flag-1.0.0.tgz 0ms (cache hit)
73 http cache tabbable@https://registry.npmjs.org/tabbable/-/tabbable-6.4.0.tgz 0ms (cache hit)
74 http cache supports-color@https://registry.npmjs.org/supports-color/-/supports-color-7.2.0.tgz 0ms (cache hit)
75 http cache styled-jsx@https://registry.npmjs.org/styled-jsx/-/styled-jsx-5.1.6.tgz 0ms (cache hit)
76 http cache style-to-object@https://registry.npmjs.org/style-to-object/-/style-to-object-1.0.14.tgz 0ms (cache hit)
77 http cache strip-json-comments@https://registry.npmjs.org/strip-json-comments/-/strip-json-comments-3.1.1.tgz 0ms (cache hit)
78 http cache style-to-js@https://registry.npmjs.org/style-to-js/-/style-to-js-1.1.21.tgz 0ms (cache hit)
79 http cache strip-bom@https://registry.npmjs.org/strip-bom/-/strip-bom-3.0.0.tgz 0ms (cache hit)
80 http cache strip-bom-string@https://registry.npmjs.org/strip-bom-string/-/strip-bom-string-1.0.0.tgz 0ms (cache hit)
81 http cache stringify-entities@https://registry.npmjs.org/stringify-entities/-/stringify-entities-4.0.4.tgz 0ms (cache hit)
82 http cache string.prototype.trimend@https://registry.npmjs.org/string.prototype.trimend/-/string.prototype.trimend-1.0.9.tgz 0ms (cache hit)
83 http cache string.prototype.trimstart@https://registry.npmjs.org/string.prototype.trimstart/-/string.prototype.trimstart-1.0.8.tgz 0ms (cache hit)
84 http cache string.prototype.repeat@https://registry.npmjs.org/string.prototype.repeat/-/string.prototype.repeat-1.0.0.tgz 0ms (cache hit)
85 http cache string.prototype.trim@https://registry.npmjs.org/string.prototype.trim/-/string.prototype.trim-1.2.10.tgz 0ms (cache hit)
86 http cache string.prototype.matchall@https://registry.npmjs.org/string.prototype.matchall/-/string.prototype.matchall-4.0.12.tgz 0ms (cache hit)
87 http cache string.prototype.includes@https://registry.npmjs.org/string.prototype.includes/-/string.prototype.includes-2.0.1.tgz 0ms (cache hit)
88 http cache stop-iteration-iterator@https://registry.npmjs.org/stop-iteration-iterator/-/stop-iteration-iterator-1.1.0.tgz 0ms (cache hit)
89 http cache sprintf-js@https://registry.npmjs.org/sprintf-js/-/sprintf-js-1.0.3.tgz 0ms (cache hit)
90 http cache stable-hash@https://registry.npmjs.org/stable-hash/-/stable-hash-0.0.5.tgz 0ms (cache hit)
91 http cache source-map@https://registry.npmjs.org/source-map/-/source-map-0.7.6.tgz 0ms (cache hit)
92 http cache space-separated-tokens@https://registry.npmjs.org/space-separated-tokens/-/space-separated-tokens-2.0.2.tgz 0ms (cache hit)
93 http cache side-channel-weakmap@https://registry.npmjs.org/side-channel-weakmap/-/side-channel-weakmap-1.0.2.tgz 0ms (cache hit)
94 http cache simple-swizzle@https://registry.npmjs.org/simple-swizzle/-/simple-swizzle-0.2.4.tgz 0ms (cache hit)
95 http cache source-map-js@https://registry.npmjs.org/source-map-js/-/source-map-js-1.2.1.tgz 0ms (cache hit)
96 http cache side-channel@https://registry.npmjs.org/side-channel/-/side-channel-1.1.0.tgz 0ms (cache hit)
97 http cache side-channel-list@https://registry.npmjs.org/side-channel-list/-/side-channel-list-1.0.1.tgz 0ms (cache hit)
98 http cache side-channel-map@https://registry.npmjs.org/side-channel-map/-/side-channel-map-1.0.1.tgz 0ms (cache hit)
99 http cache sharp@https://registry.npmjs.org/sharp/-/sharp-0.33.5.tgz 0ms (cache hit)
100 http cache shebang-regex@https://registry.npmjs.org/shebang-regex/-/shebang-regex-3.0.0.tgz 0ms (cache hit)
101 http cache set-function-name@https://registry.npmjs.org/set-function-name/-/set-function-name-2.0.2.tgz 0ms (cache hit)
102 http cache set-function-length@https://registry.npmjs.org/set-function-length/-/set-function-length-1.2.2.tgz 0ms (cache hit)
103 http cache set-proto@https://registry.npmjs.org/set-proto/-/set-proto-1.0.0.tgz 0ms (cache hit)
104 http cache shebang-command@https://registry.npmjs.org/shebang-command/-/shebang-command-2.0.0.tgz 0ms (cache hit)
105 http cache semver@https://registry.npmjs.org/semver/-/semver-7.7.4.tgz 0ms (cache hit)
106 http cache scheduler@https://registry.npmjs.org/scheduler/-/scheduler-0.25.0.tgz 0ms (cache hit)
107 http cache sass@https://registry.npmjs.org/sass/-/sass-1.99.0.tgz 0ms (cache hit)
108 http cache section-matter@https://registry.npmjs.org/section-matter/-/section-matter-1.0.0.tgz 0ms (cache hit)
109 http cache safe-regex-test@https://registry.npmjs.org/safe-regex-test/-/safe-regex-test-1.1.0.tgz 0ms (cache hit)
110 http cache safe-push-apply@https://registry.npmjs.org/safe-push-apply/-/safe-push-apply-1.0.0.tgz 0ms (cache hit)
111 http cache reusify@https://registry.npmjs.org/reusify/-/reusify-1.1.0.tgz 0ms (cache hit)
112 http cache resolve-pkg-maps@https://registry.npmjs.org/resolve-pkg-maps/-/resolve-pkg-maps-1.0.0.tgz 0ms (cache hit)
113 http cache safe-array-concat@https://registry.npmjs.org/safe-array-concat/-/safe-array-concat-1.1.4.tgz 0ms (cache hit)
114 http cache run-parallel@https://registry.npmjs.org/run-parallel/-/run-parallel-1.2.0.tgz 0ms (cache hit)
115 http cache resolve-from@https://registry.npmjs.org/resolve-from/-/resolve-from-4.0.0.tgz 0ms (cache hit)
116 http cache resolve@https://registry.npmjs.org/resolve/-/resolve-2.0.0-next.6.tgz 0ms (cache hit)
117 http cache remark-parse@https://registry.npmjs.org/remark-parse/-/remark-parse-11.0.0.tgz 0ms (cache hit)
118 http cache remark-mdx@https://registry.npmjs.org/remark-mdx/-/remark-mdx-3.1.1.tgz 0ms (cache hit)
119 http cache remark-rehype@https://registry.npmjs.org/remark-rehype/-/remark-rehype-11.1.2.tgz 0ms (cache hit)
120 http cache remark-stringify@https://registry.npmjs.org/remark-stringify/-/remark-stringify-11.0.0.tgz 0ms (cache hit)
121 http cache remark@https://registry.npmjs.org/remark/-/remark-15.0.1.tgz 0ms (cache hit)
122 http cache reflect.getprototypeof@https://registry.npmjs.org/reflect.getprototypeof/-/reflect.getprototypeof-1.0.10.tgz 0ms (cache hit)
123 http cache rehype-recma@https://registry.npmjs.org/rehype-recma/-/rehype-recma-1.0.0.tgz 0ms (cache hit)
124 http cache regexp.prototype.flags@https://registry.npmjs.org/regexp.prototype.flags/-/regexp.prototype.flags-1.5.4.tgz 0ms (cache hit)
125 http cache recma-stringify@https://registry.npmjs.org/recma-stringify/-/recma-stringify-1.0.0.tgz 0ms (cache hit)
126 http cache recma-build-jsx@https://registry.npmjs.org/recma-build-jsx/-/recma-build-jsx-1.0.0.tgz 0ms (cache hit)
127 http cache recma-parse@https://registry.npmjs.org/recma-parse/-/recma-parse-1.0.0.tgz 0ms (cache hit)
128 http cache recma-jsx@https://registry.npmjs.org/recma-jsx/-/recma-jsx-1.0.1.tgz 0ms (cache hit)
129 http cache recharts-scale@https://registry.npmjs.org/recharts-scale/-/recharts-scale-0.4.5.tgz 0ms (cache hit)
130 http cache recharts@https://registry.npmjs.org/recharts/-/recharts-2.15.4.tgz 0ms (cache hit)
131 http cache readdirp@https://registry.npmjs.org/readdirp/-/readdirp-4.1.2.tgz 0ms (cache hit)
132 http cache react-transition-group@https://registry.npmjs.org/react-transition-group/-/react-transition-group-4.4.5.tgz 0ms (cache hit)
133 http cache react-stately@https://registry.npmjs.org/react-stately/-/react-stately-3.46.0.tgz 0ms (cache hit)
134 http cache react-swipeable@https://registry.npmjs.org/react-swipeable/-/react-swipeable-7.0.2.tgz 0ms (cache hit)
135 http cache react-style-singleton@https://registry.npmjs.org/react-style-singleton/-/react-style-singleton-2.2.3.tgz 0ms (cache hit)
136 http cache remark-html@https://registry.npmjs.org/remark-html/-/remark-html-16.0.1.tgz 0ms (cache hit)
137 http cache react-smooth@https://registry.npmjs.org/react-smooth/-/react-smooth-4.0.4.tgz 0ms (cache hit)
138 http cache react-remove-scroll-bar@https://registry.npmjs.org/react-remove-scroll-bar/-/react-remove-scroll-bar-2.3.8.tgz 0ms (cache hit)
139 http cache react-is@https://registry.npmjs.org/react-is/-/react-is-16.13.1.tgz 0ms (cache hit)
140 http cache react-remove-scroll@https://registry.npmjs.org/react-remove-scroll/-/react-remove-scroll-2.7.2.tgz 0ms (cache hit)
141 http cache react-masonry-css@https://registry.npmjs.org/react-masonry-css/-/react-masonry-css-1.0.16.tgz 0ms (cache hit)
142 http cache react@https://registry.npmjs.org/react/-/react-19.0.0.tgz 0ms (cache hit)
143 http cache react-aria@https://registry.npmjs.org/react-aria/-/react-aria-3.48.0.tgz 0ms (cache hit)
144 http cache react-dom@https://registry.npmjs.org/react-dom/-/react-dom-19.0.0.tgz 0ms (cache hit)
145 http cache react-hooks-global-state@https://registry.npmjs.org/react-hooks-global-state/-/react-hooks-global-state-2.1.0.tgz 0ms (cache hit)
146 http cache queue-microtask@https://registry.npmjs.org/queue-microtask/-/queue-microtask-1.2.3.tgz 0ms (cache hit)
147 http cache react-icons@https://registry.npmjs.org/react-icons/-/react-icons-5.6.0.tgz 0ms (cache hit)
148 http cache punycode@https://registry.npmjs.org/punycode/-/punycode-2.3.1.tgz 0ms (cache hit)
149 http cache property-information@https://registry.npmjs.org/property-information/-/property-information-7.1.0.tgz 0ms (cache hit)
150 http cache prop-types@https://registry.npmjs.org/prop-types/-/prop-types-15.8.1.tgz 0ms (cache hit)
151 http cache prelude-ls@https://registry.npmjs.org/prelude-ls/-/prelude-ls-1.2.1.tgz 0ms (cache hit)
152 http cache postcss-value-parser@https://registry.npmjs.org/postcss-value-parser/-/postcss-value-parser-4.2.0.tgz 0ms (cache hit)
153 http cache prismjs@https://registry.npmjs.org/prismjs/-/prismjs-1.30.0.tgz 0ms (cache hit)
154 http cache postcss-selector-parser@https://registry.npmjs.org/postcss-selector-parser/-/postcss-selector-parser-6.1.2.tgz 0ms (cache hit)
155 http cache postcss-selector-not@https://registry.npmjs.org/postcss-selector-not/-/postcss-selector-not-7.0.2.tgz 0ms (cache hit)
156 http cache postcss-replace-overflow-wrap@https://registry.npmjs.org/postcss-replace-overflow-wrap/-/postcss-replace-overflow-wrap-4.0.0.tgz 0ms (cache hit)
157 http cache postcss-pseudo-class-any-link@https://registry.npmjs.org/postcss-pseudo-class-any-link/-/postcss-pseudo-class-any-link-9.0.2.tgz 0ms (cache hit)
158 http cache postcss-preset-env@https://registry.npmjs.org/postcss-preset-env/-/postcss-preset-env-9.6.0.tgz 0ms (cache hit)
159 http cache postcss-place@https://registry.npmjs.org/postcss-place/-/postcss-place-9.0.1.tgz 0ms (cache hit)
160 http cache postcss-page-break@https://registry.npmjs.org/postcss-page-break/-/postcss-page-break-3.0.4.tgz 0ms (cache hit)
161 http cache postcss-overflow-shorthand@https://registry.npmjs.org/postcss-overflow-shorthand/-/postcss-overflow-shorthand-5.0.1.tgz 0ms (cache hit)
162 http cache postcss-nesting@https://registry.npmjs.org/postcss-nesting/-/postcss-nesting-12.1.5.tgz 0ms (cache hit)
163 http cache postcss-opacity-percentage@https://registry.npmjs.org/postcss-opacity-percentage/-/postcss-opacity-percentage-2.0.0.tgz 0ms (cache hit)
164 http cache postcss-logical@https://registry.npmjs.org/postcss-logical/-/postcss-logical-7.0.1.tgz 0ms (cache hit)
165 http cache postcss-lab-function@https://registry.npmjs.org/postcss-lab-function/-/postcss-lab-function-6.0.19.tgz 0ms (cache hit)
166 http cache postcss-image-set-function@https://registry.npmjs.org/postcss-image-set-function/-/postcss-image-set-function-6.0.3.tgz 0ms (cache hit)
167 http cache postcss-gap-properties@https://registry.npmjs.org/postcss-gap-properties/-/postcss-gap-properties-5.0.1.tgz 0ms (cache hit)
168 http cache postcss-focus-within@https://registry.npmjs.org/postcss-focus-within/-/postcss-focus-within-8.0.1.tgz 0ms (cache hit)
169 http cache postcss-font-variant@https://registry.npmjs.org/postcss-font-variant/-/postcss-font-variant-5.0.0.tgz 0ms (cache hit)
170 http cache postcss-focus-visible@https://registry.npmjs.org/postcss-focus-visible/-/postcss-focus-visible-9.0.1.tgz 0ms (cache hit)
171 http cache postcss-flexbugs-fixes@https://registry.npmjs.org/postcss-flexbugs-fixes/-/postcss-flexbugs-fixes-5.0.2.tgz 0ms (cache hit)
172 http cache postcss-double-position-gradients@https://registry.npmjs.org/postcss-double-position-gradients/-/postcss-double-position-gradients-5.0.7.tgz 0ms (cache hit)
173 http cache postcss-dir-pseudo-class@https://registry.npmjs.org/postcss-dir-pseudo-class/-/postcss-dir-pseudo-class-8.0.1.tgz 0ms (cache hit)
174 http cache postcss-custom-selectors@https://registry.npmjs.org/postcss-custom-selectors/-/postcss-custom-selectors-7.1.12.tgz 0ms (cache hit)
175 http cache postcss-custom-properties@https://registry.npmjs.org/postcss-custom-properties/-/postcss-custom-properties-13.3.12.tgz 0ms (cache hit)
176 http cache postcss-custom-media@https://registry.npmjs.org/postcss-custom-media/-/postcss-custom-media-10.0.8.tgz 0ms (cache hit)
177 http cache postcss-color-rebeccapurple@https://registry.npmjs.org/postcss-color-rebeccapurple/-/postcss-color-rebeccapurple-9.0.3.tgz 0ms (cache hit)
178 http cache postcss-color-hex-alpha@https://registry.npmjs.org/postcss-color-hex-alpha/-/postcss-color-hex-alpha-9.0.4.tgz 0ms (cache hit)
179 http cache postcss-color-functional-notation@https://registry.npmjs.org/postcss-color-functional-notation/-/postcss-color-functional-notation-6.0.14.tgz 0ms (cache hit)
180 http cache postcss-clamp@https://registry.npmjs.org/postcss-clamp/-/postcss-clamp-4.1.0.tgz 0ms (cache hit)
181 http cache postcss-attribute-case-insensitive@https://registry.npmjs.org/postcss-attribute-case-insensitive/-/postcss-attribute-case-insensitive-6.0.3.tgz 0ms (cache hit)
182 http cache possible-typed-array-names@https://registry.npmjs.org/possible-typed-array-names/-/possible-typed-array-names-1.1.0.tgz 0ms (cache hit)
183 http cache picomatch@https://registry.npmjs.org/picomatch/-/picomatch-4.0.4.tgz 0ms (cache hit)
184 http cache picocolors@https://registry.npmjs.org/picocolors/-/picocolors-1.1.1.tgz 0ms (cache hit)
185 http cache path-parse@https://registry.npmjs.org/path-parse/-/path-parse-1.0.7.tgz 0ms (cache hit)
186 http cache path-key@https://registry.npmjs.org/path-key/-/path-key-3.1.1.tgz 0ms (cache hit)
187 http cache path-exists@https://registry.npmjs.org/path-exists/-/path-exists-4.0.0.tgz 0ms (cache hit)
188 http cache parent-module@https://registry.npmjs.org/parent-module/-/parent-module-1.0.1.tgz 0ms (cache hit)
189 http cache postcss@https://registry.npmjs.org/postcss/-/postcss-8.5.10.tgz 0ms (cache hit)
190 http cache parse-entities@https://registry.npmjs.org/parse-entities/-/parse-entities-4.0.2.tgz 0ms (cache hit)
191 http cache p-locate@https://registry.npmjs.org/p-locate/-/p-locate-5.0.0.tgz 0ms (cache hit)
192 http cache p-limit@https://registry.npmjs.org/p-limit/-/p-limit-3.1.0.tgz 0ms (cache hit)
193 http cache own-keys@https://registry.npmjs.org/own-keys/-/own-keys-1.0.1.tgz 0ms (cache hit)
194 http cache object.values@https://registry.npmjs.org/object.values/-/object.values-1.2.1.tgz 0ms (cache hit)
195 http cache optionator@https://registry.npmjs.org/optionator/-/optionator-0.9.4.tgz 0ms (cache hit)
196 http cache object.groupby@https://registry.npmjs.org/object.groupby/-/object.groupby-1.0.3.tgz 0ms (cache hit)
197 http cache object.fromentries@https://registry.npmjs.org/object.fromentries/-/object.fromentries-2.0.8.tgz 0ms (cache hit)
198 http cache object.entries@https://registry.npmjs.org/object.entries/-/object.entries-1.1.9.tgz 0ms (cache hit)
199 http cache object.assign@https://registry.npmjs.org/object.assign/-/object.assign-4.1.7.tgz 0ms (cache hit)
200 http cache object-keys@https://registry.npmjs.org/object-keys/-/object-keys-1.1.1.tgz 0ms (cache hit)
201 http cache object-inspect@https://registry.npmjs.org/object-inspect/-/object-inspect-1.13.4.tgz 0ms (cache hit)
202 http cache object-assign@https://registry.npmjs.org/object-assign/-/object-assign-4.1.1.tgz 0ms (cache hit)
203 http cache node-releases@https://registry.npmjs.org/node-releases/-/node-releases-2.0.38.tgz 0ms (cache hit)
204 http cache node-exports-info@https://registry.npmjs.org/node-exports-info/-/node-exports-info-1.6.0.tgz 0ms (cache hit)
205 http cache node-addon-api@https://registry.npmjs.org/node-addon-api/-/node-addon-api-7.1.1.tgz 0ms (cache hit)
206 http cache next-mdx-remote@https://registry.npmjs.org/next-mdx-remote/-/next-mdx-remote-6.0.0.tgz 0ms (cache hit)
207 http cache natural-compare@https://registry.npmjs.org/natural-compare/-/natural-compare-1.4.0.tgz 0ms (cache hit)
208 http cache next@https://registry.npmjs.org/next/-/next-15.5.15.tgz 0ms (cache hit)
209 http cache napi-postinstall@https://registry.npmjs.org/napi-postinstall/-/napi-postinstall-0.3.4.tgz 0ms (cache hit)
210 http cache nanoid@https://registry.npmjs.org/nanoid/-/nanoid-3.3.11.tgz 0ms (cache hit)
211 http cache ms@https://registry.npmjs.org/ms/-/ms-2.1.3.tgz 0ms (cache hit)
212 http cache motion-utils@https://registry.npmjs.org/motion-utils/-/motion-utils-12.36.0.tgz 0ms (cache hit)
213 http cache motion-dom@https://registry.npmjs.org/motion-dom/-/motion-dom-12.38.0.tgz 0ms (cache hit)
214 http cache minimist@https://registry.npmjs.org/minimist/-/minimist-1.2.8.tgz 0ms (cache hit)
215 http cache minimatch@https://registry.npmjs.org/minimatch/-/minimatch-3.1.5.tgz 0ms (cache hit)
216 http cache micromark-util-types@https://registry.npmjs.org/micromark-util-types/-/micromark-util-types-2.0.2.tgz 0ms (cache hit)
217 http cache micromark-util-subtokenize@https://registry.npmjs.org/micromark-util-subtokenize/-/micromark-util-subtokenize-2.1.0.tgz 0ms (cache hit)
218 http cache micromatch@https://registry.npmjs.org/micromatch/-/micromatch-4.0.8.tgz 0ms (cache hit)
219 http cache micromark-util-sanitize-uri@https://registry.npmjs.org/micromark-util-sanitize-uri/-/micromark-util-sanitize-uri-2.0.1.tgz 0ms (cache hit)
220 http cache micromark-util-symbol@https://registry.npmjs.org/micromark-util-symbol/-/micromark-util-symbol-2.0.1.tgz 0ms (cache hit)
221 http cache micromark-util-resolve-all@https://registry.npmjs.org/micromark-util-resolve-all/-/micromark-util-resolve-all-2.0.1.tgz 0ms (cache hit)
222 http cache micromark-util-normalize-identifier@https://registry.npmjs.org/micromark-util-normalize-identifier/-/micromark-util-normalize-identifier-2.0.1.tgz 0ms (cache hit)
223 http cache micromark-util-html-tag-name@https://registry.npmjs.org/micromark-util-html-tag-name/-/micromark-util-html-tag-name-2.0.1.tgz 0ms (cache hit)
224 http cache micromark-util-events-to-acorn@https://registry.npmjs.org/micromark-util-events-to-acorn/-/micromark-util-events-to-acorn-2.0.3.tgz 0ms (cache hit)
225 http cache micromark-util-encode@https://registry.npmjs.org/micromark-util-encode/-/micromark-util-encode-2.0.1.tgz 0ms (cache hit)
226 http cache micromark-util-decode-string@https://registry.npmjs.org/micromark-util-decode-string/-/micromark-util-decode-string-2.0.1.tgz 0ms (cache hit)
227 http cache micromark-util-decode-numeric-character-reference@https://registry.npmjs.org/micromark-util-decode-numeric-character-reference/-/micromark-util-decode-numeric-character-reference-2.0.2.tgz 0ms (cache hit)
228 http cache micromark-util-combine-extensions@https://registry.npmjs.org/micromark-util-combine-extensions/-/micromark-util-combine-extensions-2.0.1.tgz 0ms (cache hit)
229 http cache micromark-util-classify-character@https://registry.npmjs.org/micromark-util-classify-character/-/micromark-util-classify-character-2.0.1.tgz 0ms (cache hit)
230 http cache micromark-util-chunked@https://registry.npmjs.org/micromark-util-chunked/-/micromark-util-chunked-2.0.1.tgz 0ms (cache hit)
231 http cache micromark-factory-whitespace@https://registry.npmjs.org/micromark-factory-whitespace/-/micromark-factory-whitespace-2.0.1.tgz 0ms (cache hit)
232 http cache micromark-util-character@https://registry.npmjs.org/micromark-util-character/-/micromark-util-character-2.1.1.tgz 0ms (cache hit)
233 http cache micromark-factory-title@https://registry.npmjs.org/micromark-factory-title/-/micromark-factory-title-2.0.1.tgz 0ms (cache hit)
234 http cache micromark-factory-space@https://registry.npmjs.org/micromark-factory-space/-/micromark-factory-space-2.0.1.tgz 0ms (cache hit)
235 http cache micromark-factory-mdx-expression@https://registry.npmjs.org/micromark-factory-mdx-expression/-/micromark-factory-mdx-expression-2.0.3.tgz 0ms (cache hit)
236 http cache micromark-factory-label@https://registry.npmjs.org/micromark-factory-label/-/micromark-factory-label-2.0.1.tgz 0ms (cache hit)
237 http cache micromark-extension-mdxjs-esm@https://registry.npmjs.org/micromark-extension-mdxjs-esm/-/micromark-extension-mdxjs-esm-3.0.0.tgz 0ms (cache hit)
238 http cache micromark-extension-mdxjs@https://registry.npmjs.org/micromark-extension-mdxjs/-/micromark-extension-mdxjs-3.0.0.tgz 0ms (cache hit)
239 http cache micromark-extension-mdx-md@https://registry.npmjs.org/micromark-extension-mdx-md/-/micromark-extension-mdx-md-2.0.0.tgz 0ms (cache hit)
240 http cache micromark-core-commonmark@https://registry.npmjs.org/micromark-core-commonmark/-/micromark-core-commonmark-2.0.3.tgz 0ms (cache hit)
241 http cache micromark-extension-mdx-expression@https://registry.npmjs.org/micromark-extension-mdx-expression/-/micromark-extension-mdx-expression-3.0.1.tgz 0ms (cache hit)
242 http cache micromark@https://registry.npmjs.org/micromark/-/micromark-4.0.2.tgz 0ms (cache hit)
243 http cache micromark-extension-mdx-jsx@https://registry.npmjs.org/micromark-extension-mdx-jsx/-/micromark-extension-mdx-jsx-3.0.2.tgz 0ms (cache hit)
244 http cache merge2@https://registry.npmjs.org/merge2/-/merge2-1.4.1.tgz 0ms (cache hit)
245 http cache micromark-factory-destination@https://registry.npmjs.org/micromark-factory-destination/-/micromark-factory-destination-2.0.1.tgz 0ms (cache hit)
246 http cache mdast-util-to-string@https://registry.npmjs.org/mdast-util-to-string/-/mdast-util-to-string-4.0.0.tgz 1ms (cache hit)
247 http cache mdast-util-to-hast@https://registry.npmjs.org/mdast-util-to-hast/-/mdast-util-to-hast-13.2.1.tgz 0ms (cache hit)
248 http cache mdast-util-phrasing@https://registry.npmjs.org/mdast-util-phrasing/-/mdast-util-phrasing-4.1.0.tgz 0ms (cache hit)
249 http cache mdast-util-to-markdown@https://registry.npmjs.org/mdast-util-to-markdown/-/mdast-util-to-markdown-2.1.2.tgz 0ms (cache hit)
250 http cache mdast-util-mdxjs-esm@https://registry.npmjs.org/mdast-util-mdxjs-esm/-/mdast-util-mdxjs-esm-2.0.1.tgz 0ms (cache hit)
251 http cache mdast-util-mdx-jsx@https://registry.npmjs.org/mdast-util-mdx-jsx/-/mdast-util-mdx-jsx-3.2.0.tgz 0ms (cache hit)
252 http cache mdast-util-mdx@https://registry.npmjs.org/mdast-util-mdx/-/mdast-util-mdx-3.0.0.tgz 0ms (cache hit)
253 http cache mdast-util-mdx-expression@https://registry.npmjs.org/mdast-util-mdx-expression/-/mdast-util-mdx-expression-2.0.1.tgz 0ms (cache hit)
254 http cache mdast-util-from-markdown@https://registry.npmjs.org/mdast-util-from-markdown/-/mdast-util-from-markdown-2.0.3.tgz 0ms (cache hit)
255 http cache math-intrinsics@https://registry.npmjs.org/math-intrinsics/-/math-intrinsics-1.1.0.tgz 0ms (cache hit)
256 http cache markdown-extensions@https://registry.npmjs.org/markdown-extensions/-/markdown-extensions-2.0.0.tgz 0ms (cache hit)
257 http cache magic-string@https://registry.npmjs.org/magic-string/-/magic-string-0.30.21.tgz 0ms (cache hit)
258 http cache lucide-react@https://registry.npmjs.org/lucide-react/-/lucide-react-0.509.0.tgz 0ms (cache hit)
259 http cache loose-envify@https://registry.npmjs.org/loose-envify/-/loose-envify-1.4.0.tgz 0ms (cache hit)
260 http cache longest-streak@https://registry.npmjs.org/longest-streak/-/longest-streak-3.1.0.tgz 0ms (cache hit)
261 http cache lodash.merge@https://registry.npmjs.org/lodash.merge/-/lodash.merge-4.6.2.tgz 0ms (cache hit)
262 http cache lodash@https://registry.npmjs.org/lodash/-/lodash-4.18.1.tgz 0ms (cache hit)
263 http cache locate-path@https://registry.npmjs.org/locate-path/-/locate-path-6.0.0.tgz 0ms (cache hit)
264 http cache lightningcss-win32-x64-msvc@https://registry.npmjs.org/lightningcss-win32-x64-msvc/-/lightningcss-win32-x64-msvc-1.32.0.tgz 0ms (cache hit)
265 http cache lightningcss@https://registry.npmjs.org/lightningcss/-/lightningcss-1.32.0.tgz 0ms (cache hit)
266 http cache language-tags@https://registry.npmjs.org/language-tags/-/language-tags-1.0.9.tgz 0ms (cache hit)
267 http cache levn@https://registry.npmjs.org/levn/-/levn-0.4.1.tgz 0ms (cache hit)
268 http cache language-subtag-registry@https://registry.npmjs.org/language-subtag-registry/-/language-subtag-registry-0.3.23.tgz 0ms (cache hit)
269 http cache kind-of@https://registry.npmjs.org/kind-of/-/kind-of-6.0.3.tgz 0ms (cache hit)
270 http cache keyv@https://registry.npmjs.org/keyv/-/keyv-4.5.4.tgz 0ms (cache hit)
271 http cache jsx-ast-utils@https://registry.npmjs.org/jsx-ast-utils/-/jsx-ast-utils-3.3.5.tgz 0ms (cache hit)
272 http cache json5@https://registry.npmjs.org/json5/-/json5-1.0.2.tgz 0ms (cache hit)
273 http cache json-stable-stringify-without-jsonify@https://registry.npmjs.org/json-stable-stringify-without-jsonify/-/json-stable-stringify-without-jsonify-1.0.1.tgz 0ms (cache hit)
274 http cache json-schema-traverse@https://registry.npmjs.org/json-schema-traverse/-/json-schema-traverse-0.4.1.tgz 0ms (cache hit)
275 http cache js-tokens@https://registry.npmjs.org/js-tokens/-/js-tokens-4.0.0.tgz 0ms (cache hit)
276 http cache js-yaml@https://registry.npmjs.org/js-yaml/-/js-yaml-4.1.1.tgz 0ms (cache hit)
277 http cache jiti@https://registry.npmjs.org/jiti/-/jiti-2.6.1.tgz 0ms (cache hit)
278 http cache iterator.prototype@https://registry.npmjs.org/iterator.prototype/-/iterator.prototype-1.1.5.tgz 0ms (cache hit)
279 http cache isexe@https://registry.npmjs.org/isexe/-/isexe-2.0.0.tgz 0ms (cache hit)
280 http cache json-buffer@https://registry.npmjs.org/json-buffer/-/json-buffer-3.0.1.tgz 0ms (cache hit)
281 http cache isarray@https://registry.npmjs.org/isarray/-/isarray-2.0.5.tgz 0ms (cache hit)
282 http cache is-weakset@https://registry.npmjs.org/is-weakset/-/is-weakset-2.0.4.tgz 0ms (cache hit)
283 http cache is-weakref@https://registry.npmjs.org/is-weakref/-/is-weakref-1.1.1.tgz 0ms (cache hit)
284 http cache is-weakmap@https://registry.npmjs.org/is-weakmap/-/is-weakmap-2.0.2.tgz 0ms (cache hit)
285 http cache is-typed-array@https://registry.npmjs.org/is-typed-array/-/is-typed-array-1.1.15.tgz 0ms (cache hit)
286 http cache is-symbol@https://registry.npmjs.org/is-symbol/-/is-symbol-1.1.1.tgz 0ms (cache hit)
287 http cache is-string@https://registry.npmjs.org/is-string/-/is-string-1.1.1.tgz 0ms (cache hit)
288 http cache is-set@https://registry.npmjs.org/is-set/-/is-set-2.0.3.tgz 0ms (cache hit)
289 http cache is-shared-array-buffer@https://registry.npmjs.org/is-shared-array-buffer/-/is-shared-array-buffer-1.0.4.tgz 0ms (cache hit)
290 http cache is-regex@https://registry.npmjs.org/is-regex/-/is-regex-1.2.1.tgz 0ms (cache hit)
291 http cache is-plain-obj@https://registry.npmjs.org/is-plain-obj/-/is-plain-obj-4.1.0.tgz 0ms (cache hit)
292 http cache is-number-object@https://registry.npmjs.org/is-number-object/-/is-number-object-1.1.1.tgz 0ms (cache hit)
293 http cache is-number@https://registry.npmjs.org/is-number/-/is-number-7.0.0.tgz 0ms (cache hit)
294 http cache is-negative-zero@https://registry.npmjs.org/is-negative-zero/-/is-negative-zero-2.0.3.tgz 0ms (cache hit)
295 http cache is-map@https://registry.npmjs.org/is-map/-/is-map-2.0.3.tgz 0ms (cache hit)
296 http cache is-hexadecimal@https://registry.npmjs.org/is-hexadecimal/-/is-hexadecimal-2.0.1.tgz 0ms (cache hit)
297 http cache is-glob@https://registry.npmjs.org/is-glob/-/is-glob-4.0.3.tgz 0ms (cache hit)
298 http cache is-generator-function@https://registry.npmjs.org/is-generator-function/-/is-generator-function-1.1.2.tgz 0ms (cache hit)
299 http cache is-finalizationregistry@https://registry.npmjs.org/is-finalizationregistry/-/is-finalizationregistry-1.1.1.tgz 0ms (cache hit)
300 http cache is-extglob@https://registry.npmjs.org/is-extglob/-/is-extglob-2.1.1.tgz 0ms (cache hit)
301 http cache is-extendable@https://registry.npmjs.org/is-extendable/-/is-extendable-0.1.1.tgz 0ms (cache hit)
302 http cache is-decimal@https://registry.npmjs.org/is-decimal/-/is-decimal-2.0.1.tgz 0ms (cache hit)
303 http cache is-date-object@https://registry.npmjs.org/is-date-object/-/is-date-object-1.1.0.tgz 0ms (cache hit)
304 http cache is-data-view@https://registry.npmjs.org/is-data-view/-/is-data-view-1.0.2.tgz 0ms (cache hit)
305 http cache is-core-module@https://registry.npmjs.org/is-core-module/-/is-core-module-2.16.1.tgz 0ms (cache hit)
306 http cache is-boolean-object@https://registry.npmjs.org/is-boolean-object/-/is-boolean-object-1.2.2.tgz 0ms (cache hit)
307 http cache is-callable@https://registry.npmjs.org/is-callable/-/is-callable-1.2.7.tgz 0ms (cache hit)
308 http cache is-bun-module@https://registry.npmjs.org/is-bun-module/-/is-bun-module-2.0.0.tgz 0ms (cache hit)
309 http cache is-blob@https://registry.npmjs.org/is-blob/-/is-blob-2.1.0.tgz 0ms (cache hit)
310 http cache is-bigint@https://registry.npmjs.org/is-bigint/-/is-bigint-1.1.0.tgz 0ms (cache hit)
311 http cache is-async-function@https://registry.npmjs.org/is-async-function/-/is-async-function-2.1.1.tgz 0ms (cache hit)
312 http cache is-arrayish@https://registry.npmjs.org/is-arrayish/-/is-arrayish-0.3.4.tgz 0ms (cache hit)
313 http cache is-alphanumerical@https://registry.npmjs.org/is-alphanumerical/-/is-alphanumerical-2.0.1.tgz 0ms (cache hit)
314 http cache is-alphabetical@https://registry.npmjs.org/is-alphabetical/-/is-alphabetical-2.0.1.tgz 0ms (cache hit)
315 http cache internmap@https://registry.npmjs.org/internmap/-/internmap-2.0.3.tgz 0ms (cache hit)
316 http cache is-array-buffer@https://registry.npmjs.org/is-array-buffer/-/is-array-buffer-3.0.5.tgz 0ms (cache hit)
317 http cache internal-slot@https://registry.npmjs.org/internal-slot/-/internal-slot-1.1.0.tgz 1ms (cache hit)
318 http cache inline-style-parser@https://registry.npmjs.org/inline-style-parser/-/inline-style-parser-0.2.7.tgz 0ms (cache hit)
319 http cache imurmurhash@https://registry.npmjs.org/imurmurhash/-/imurmurhash-0.1.4.tgz 0ms (cache hit)
320 http cache immutable@https://registry.npmjs.org/immutable/-/immutable-5.1.5.tgz 0ms (cache hit)
321 http cache import-fresh@https://registry.npmjs.org/import-fresh/-/import-fresh-3.3.1.tgz 0ms (cache hit)
322 http cache ignore@https://registry.npmjs.org/ignore/-/ignore-5.3.2.tgz 0ms (cache hit)
323 http cache html-void-elements@https://registry.npmjs.org/html-void-elements/-/html-void-elements-3.0.0.tgz 0ms (cache hit)
324 http cache hast-util-whitespace@https://registry.npmjs.org/hast-util-whitespace/-/hast-util-whitespace-3.0.0.tgz 0ms (cache hit)
325 http cache hast-util-to-jsx-runtime@https://registry.npmjs.org/hast-util-to-jsx-runtime/-/hast-util-to-jsx-runtime-2.3.6.tgz 0ms (cache hit)
326 http cache hast-util-to-html@https://registry.npmjs.org/hast-util-to-html/-/hast-util-to-html-9.0.5.tgz 0ms (cache hit)
327 http cache hast-util-to-estree@https://registry.npmjs.org/hast-util-to-estree/-/hast-util-to-estree-3.1.3.tgz 0ms (cache hit)
328 http cache hast-util-sanitize@https://registry.npmjs.org/hast-util-sanitize/-/hast-util-sanitize-5.0.2.tgz 0ms (cache hit)
329 http cache hasown@https://registry.npmjs.org/hasown/-/hasown-2.0.3.tgz 0ms (cache hit)
330 http cache has-tostringtag@https://registry.npmjs.org/has-tostringtag/-/has-tostringtag-1.0.2.tgz 0ms (cache hit)
331 http cache has-symbols@https://registry.npmjs.org/has-symbols/-/has-symbols-1.1.0.tgz 0ms (cache hit)
332 http cache has-property-descriptors@https://registry.npmjs.org/has-property-descriptors/-/has-property-descriptors-1.0.2.tgz 0ms (cache hit)
333 http cache has-proto@https://registry.npmjs.org/has-proto/-/has-proto-1.2.0.tgz 0ms (cache hit)
334 http cache has-flag@https://registry.npmjs.org/has-flag/-/has-flag-4.0.0.tgz 0ms (cache hit)
335 http cache has-bigints@https://registry.npmjs.org/has-bigints/-/has-bigints-1.1.0.tgz 0ms (cache hit)
336 http cache gray-matter@https://registry.npmjs.org/gray-matter/-/gray-matter-4.0.3.tgz 0ms (cache hit)
337 http cache graceful-fs@https://registry.npmjs.org/graceful-fs/-/graceful-fs-4.2.11.tgz 0ms (cache hit)
338 http cache gopd@https://registry.npmjs.org/gopd/-/gopd-1.2.0.tgz 0ms (cache hit)
339 http cache globalthis@https://registry.npmjs.org/globalthis/-/globalthis-1.0.4.tgz 0ms (cache hit)
340 http cache globals@https://registry.npmjs.org/globals/-/globals-14.0.0.tgz 0ms (cache hit)
341 http cache glob-parent@https://registry.npmjs.org/glob-parent/-/glob-parent-6.0.2.tgz 0ms (cache hit)
342 http cache get-tsconfig@https://registry.npmjs.org/get-tsconfig/-/get-tsconfig-4.14.0.tgz 0ms (cache hit)
343 http cache get-symbol-description@https://registry.npmjs.org/get-symbol-description/-/get-symbol-description-1.1.0.tgz 0ms (cache hit)
344 http cache get-proto@https://registry.npmjs.org/get-proto/-/get-proto-1.0.1.tgz 0ms (cache hit)
345 http cache get-nonce@https://registry.npmjs.org/get-nonce/-/get-nonce-1.0.1.tgz 0ms (cache hit)
346 http cache get-intrinsic@https://registry.npmjs.org/get-intrinsic/-/get-intrinsic-1.3.0.tgz 0ms (cache hit)
347 http cache generator-function@https://registry.npmjs.org/generator-function/-/generator-function-2.0.1.tgz 0ms (cache hit)
348 http cache functions-have-names@https://registry.npmjs.org/functions-have-names/-/functions-have-names-1.2.3.tgz 0ms (cache hit)
349 http cache function.prototype.name@https://registry.npmjs.org/function.prototype.name/-/function.prototype.name-1.1.8.tgz 0ms (cache hit)
350 http cache framer-motion@https://registry.npmjs.org/framer-motion/-/framer-motion-12.38.0.tgz 0ms (cache hit)
351 http cache function-bind@https://registry.npmjs.org/function-bind/-/function-bind-1.1.2.tgz 0ms (cache hit)
352 http cache fraction.js@https://registry.npmjs.org/fraction.js/-/fraction.js-5.3.4.tgz 0ms (cache hit)
353 http cache for-each@https://registry.npmjs.org/for-each/-/for-each-0.3.5.tgz 0ms (cache hit)
354 http cache flatted@https://registry.npmjs.org/flatted/-/flatted-3.4.2.tgz 0ms (cache hit)
355 http cache flat-cache@https://registry.npmjs.org/flat-cache/-/flat-cache-4.0.1.tgz 0ms (cache hit)
356 http cache find-up@https://registry.npmjs.org/find-up/-/find-up-5.0.0.tgz 0ms (cache hit)
357 http cache fill-range@https://registry.npmjs.org/fill-range/-/fill-range-7.1.1.tgz 0ms (cache hit)
358 http cache file-entry-cache@https://registry.npmjs.org/file-entry-cache/-/file-entry-cache-8.0.0.tgz 0ms (cache hit)
359 http cache fdir@https://registry.npmjs.org/fdir/-/fdir-6.5.0.tgz 0ms (cache hit)
360 http cache fast-levenshtein@https://registry.npmjs.org/fast-levenshtein/-/fast-levenshtein-2.0.6.tgz 0ms (cache hit)
361 http cache fast-json-stable-stringify@https://registry.npmjs.org/fast-json-stable-stringify/-/fast-json-stable-stringify-2.1.0.tgz 0ms (cache hit)
362 http cache fast-equals@https://registry.npmjs.org/fast-equals/-/fast-equals-5.4.0.tgz 0ms (cache hit)
363 http cache fast-deep-equal@https://registry.npmjs.org/fast-deep-equal/-/fast-deep-equal-3.1.3.tgz 0ms (cache hit)
364 http cache extend-shallow@https://registry.npmjs.org/extend-shallow/-/extend-shallow-2.0.1.tgz 0ms (cache hit)
365 http cache fast-glob@https://registry.npmjs.org/fast-glob/-/fast-glob-3.3.1.tgz 0ms (cache hit)
366 http cache extend@https://registry.npmjs.org/extend/-/extend-3.0.2.tgz 0ms (cache hit)
367 http cache eventemitter3@https://registry.npmjs.org/eventemitter3/-/eventemitter3-4.0.7.tgz 0ms (cache hit)
368 http cache esutils@https://registry.npmjs.org/esutils/-/esutils-2.0.3.tgz 0ms (cache hit)
369 http cache estree-walker@https://registry.npmjs.org/estree-walker/-/estree-walker-3.0.3.tgz 0ms (cache hit)
370 http cache estree-util-visit@https://registry.npmjs.org/estree-util-visit/-/estree-util-visit-2.0.0.tgz 0ms (cache hit)
371 http cache estree-util-is-identifier-name@https://registry.npmjs.org/estree-util-is-identifier-name/-/estree-util-is-identifier-name-3.0.0.tgz 0ms (cache hit)
372 http cache estree-util-build-jsx@https://registry.npmjs.org/estree-util-build-jsx/-/estree-util-build-jsx-3.0.1.tgz 0ms (cache hit)
373 http cache estree-util-scope@https://registry.npmjs.org/estree-util-scope/-/estree-util-scope-1.0.0.tgz 0ms (cache hit)
374 http cache estree-util-to-js@https://registry.npmjs.org/estree-util-to-js/-/estree-util-to-js-2.0.0.tgz 0ms (cache hit)
375 http cache estree-util-attach-comments@https://registry.npmjs.org/estree-util-attach-comments/-/estree-util-attach-comments-3.0.0.tgz 0ms (cache hit)
376 http cache fastq@https://registry.npmjs.org/fastq/-/fastq-1.20.1.tgz 0ms (cache hit)
377 http cache esrecurse@https://registry.npmjs.org/esrecurse/-/esrecurse-4.3.0.tgz 0ms (cache hit)
378 http cache estraverse@https://registry.npmjs.org/estraverse/-/estraverse-5.3.0.tgz 0ms (cache hit)
379 http cache esquery@https://registry.npmjs.org/esquery/-/esquery-1.7.0.tgz 0ms (cache hit)
380 http cache esprima@https://registry.npmjs.org/esprima/-/esprima-4.0.1.tgz 0ms (cache hit)
381 http cache eslint-plugin-react-hooks@https://registry.npmjs.org/eslint-plugin-react-hooks/-/eslint-plugin-react-hooks-5.2.0.tgz 0ms (cache hit)
382 http cache eslint-scope@https://registry.npmjs.org/eslint-scope/-/eslint-scope-8.4.0.tgz 0ms (cache hit)
383 http cache eslint-plugin-react@https://registry.npmjs.org/eslint-plugin-react/-/eslint-plugin-react-7.37.5.tgz 0ms (cache hit)
384 http cache eslint-plugin-jsx-a11y@https://registry.npmjs.org/eslint-plugin-jsx-a11y/-/eslint-plugin-jsx-a11y-6.10.2.tgz 0ms (cache hit)
385 http cache eslint-plugin-import@https://registry.npmjs.org/eslint-plugin-import/-/eslint-plugin-import-2.32.0.tgz 0ms (cache hit)
386 http cache eslint-visitor-keys@https://registry.npmjs.org/eslint-visitor-keys/-/eslint-visitor-keys-4.2.1.tgz 0ms (cache hit)
387 http cache eslint-module-utils@https://registry.npmjs.org/eslint-module-utils/-/eslint-module-utils-2.12.1.tgz 0ms (cache hit)
388 http cache espree@https://registry.npmjs.org/espree/-/espree-10.4.0.tgz 0ms (cache hit)
389 http cache eslint-import-resolver-typescript@https://registry.npmjs.org/eslint-import-resolver-typescript/-/eslint-import-resolver-typescript-3.10.1.tgz 0ms (cache hit)
390 http cache eslint-config-next@https://registry.npmjs.org/eslint-config-next/-/eslint-config-next-15.5.15.tgz 0ms (cache hit)
391 http cache eslint@https://registry.npmjs.org/eslint/-/eslint-9.39.4.tgz 0ms (cache hit)
392 http cache escalade@https://registry.npmjs.org/escalade/-/escalade-3.2.0.tgz 0ms (cache hit)
393 http cache escape-string-regexp@https://registry.npmjs.org/escape-string-regexp/-/escape-string-regexp-4.0.0.tgz 0ms (cache hit)
394 http cache esast-util-from-js@https://registry.npmjs.org/esast-util-from-js/-/esast-util-from-js-2.0.1.tgz 0ms (cache hit)
395 http cache esast-util-from-estree@https://registry.npmjs.org/esast-util-from-estree/-/esast-util-from-estree-2.0.0.tgz 0ms (cache hit)
396 http cache es-to-primitive@https://registry.npmjs.org/es-to-primitive/-/es-to-primitive-1.3.0.tgz 0ms (cache hit)
397 http cache es-shim-unscopables@https://registry.npmjs.org/es-shim-unscopables/-/es-shim-unscopables-1.1.0.tgz 0ms (cache hit)
398 http cache eslint-import-resolver-node@https://registry.npmjs.org/eslint-import-resolver-node/-/eslint-import-resolver-node-0.3.10.tgz 0ms (cache hit)
399 http cache es-set-tostringtag@https://registry.npmjs.org/es-set-tostringtag/-/es-set-tostringtag-2.1.0.tgz 0ms (cache hit)
400 http cache es-object-atoms@https://registry.npmjs.org/es-object-atoms/-/es-object-atoms-1.1.1.tgz 0ms (cache hit)
401 http cache es-iterator-helpers@https://registry.npmjs.org/es-iterator-helpers/-/es-iterator-helpers-1.3.2.tgz 0ms (cache hit)
402 http cache es-errors@https://registry.npmjs.org/es-errors/-/es-errors-1.3.0.tgz 0ms (cache hit)
403 http cache es-define-property@https://registry.npmjs.org/es-define-property/-/es-define-property-1.0.1.tgz 0ms (cache hit)
404 http cache es-abstract@https://registry.npmjs.org/es-abstract/-/es-abstract-1.24.2.tgz 0ms (cache hit)
405 http cache enhanced-resolve@https://registry.npmjs.org/enhanced-resolve/-/enhanced-resolve-5.21.0.tgz 0ms (cache hit)
406 http cache emoji-regex@https://registry.npmjs.org/emoji-regex/-/emoji-regex-9.2.2.tgz 0ms (cache hit)
407 http cache electron-to-chromium@https://registry.npmjs.org/electron-to-chromium/-/electron-to-chromium-1.5.344.tgz 0ms (cache hit)
408 http cache dunder-proto@https://registry.npmjs.org/dunder-proto/-/dunder-proto-1.0.1.tgz 0ms (cache hit)
409 http cache dom-helpers@https://registry.npmjs.org/dom-helpers/-/dom-helpers-5.2.1.tgz 0ms (cache hit)
410 http cache doctrine@https://registry.npmjs.org/doctrine/-/doctrine-2.1.0.tgz 0ms (cache hit)
411 http cache devlop@https://registry.npmjs.org/devlop/-/devlop-1.1.0.tgz 0ms (cache hit)
412 http cache detect-libc@https://registry.npmjs.org/detect-libc/-/detect-libc-2.1.2.tgz 0ms (cache hit)
413 http cache detect-node-es@https://registry.npmjs.org/detect-node-es/-/detect-node-es-1.1.0.tgz 0ms (cache hit)
414 http cache dequal@https://registry.npmjs.org/dequal/-/dequal-2.0.3.tgz 0ms (cache hit)
415 http cache define-properties@https://registry.npmjs.org/define-properties/-/define-properties-1.2.1.tgz 1ms (cache hit)
416 http cache define-data-property@https://registry.npmjs.org/define-data-property/-/define-data-property-1.1.4.tgz 0ms (cache hit)
417 http cache deep-is@https://registry.npmjs.org/deep-is/-/deep-is-0.1.4.tgz 0ms (cache hit)
418 http cache decode-named-character-reference@https://registry.npmjs.org/decode-named-character-reference/-/decode-named-character-reference-1.3.0.tgz 0ms (cache hit)
419 http cache decimal.js-light@https://registry.npmjs.org/decimal.js-light/-/decimal.js-light-2.5.1.tgz 0ms (cache hit)
420 http cache debug@https://registry.npmjs.org/debug/-/debug-4.4.3.tgz 0ms (cache hit)
421 http cache date-fns@https://registry.npmjs.org/date-fns/-/date-fns-4.1.0.tgz 0ms (cache hit)
422 http cache data-view-byte-offset@https://registry.npmjs.org/data-view-byte-offset/-/data-view-byte-offset-1.0.1.tgz 0ms (cache hit)
423 http cache data-view-byte-length@https://registry.npmjs.org/data-view-byte-length/-/data-view-byte-length-1.0.2.tgz 0ms (cache hit)
424 http cache data-view-buffer@https://registry.npmjs.org/data-view-buffer/-/data-view-buffer-1.0.2.tgz 0ms (cache hit)
425 http cache damerau-levenshtein@https://registry.npmjs.org/damerau-levenshtein/-/damerau-levenshtein-1.0.8.tgz 0ms (cache hit)
426 http cache d3-time-format@https://registry.npmjs.org/d3-time-format/-/d3-time-format-4.1.0.tgz 0ms (cache hit)
427 http cache d3-time@https://registry.npmjs.org/d3-time/-/d3-time-3.1.0.tgz 0ms (cache hit)
428 http cache d3-shape@https://registry.npmjs.org/d3-shape/-/d3-shape-3.2.0.tgz 0ms (cache hit)
429 http cache d3-timer@https://registry.npmjs.org/d3-timer/-/d3-timer-3.0.1.tgz 0ms (cache hit)
430 http cache d3-path@https://registry.npmjs.org/d3-path/-/d3-path-3.1.0.tgz 0ms (cache hit)
431 http cache d3-interpolate@https://registry.npmjs.org/d3-interpolate/-/d3-interpolate-3.0.1.tgz 0ms (cache hit)
432 http cache d3-format@https://registry.npmjs.org/d3-format/-/d3-format-3.1.2.tgz 0ms (cache hit)
433 http cache d3-ease@https://registry.npmjs.org/d3-ease/-/d3-ease-3.0.1.tgz 0ms (cache hit)
434 http cache d3-color@https://registry.npmjs.org/d3-color/-/d3-color-3.1.0.tgz 0ms (cache hit)
435 http cache d3-array@https://registry.npmjs.org/d3-array/-/d3-array-3.2.4.tgz 0ms (cache hit)
436 http cache csstype@https://registry.npmjs.org/csstype/-/csstype-3.2.3.tgz 0ms (cache hit)
437 http cache d3-scale@https://registry.npmjs.org/d3-scale/-/d3-scale-4.0.2.tgz 0ms (cache hit)
438 http cache cssesc@https://registry.npmjs.org/cssesc/-/cssesc-3.0.0.tgz 1ms (cache hit)
439 http cache cssdb@https://registry.npmjs.org/cssdb/-/cssdb-8.8.0.tgz 0ms (cache hit)
440 http cache css-prefers-color-scheme@https://registry.npmjs.org/css-prefers-color-scheme/-/css-prefers-color-scheme-9.0.1.tgz 0ms (cache hit)
441 http cache css-has-pseudo@https://registry.npmjs.org/css-has-pseudo/-/css-has-pseudo-6.0.5.tgz 0ms (cache hit)
442 http cache css-blank-pseudo@https://registry.npmjs.org/css-blank-pseudo/-/css-blank-pseudo-6.0.2.tgz 0ms (cache hit)
443 http cache cross-spawn@https://registry.npmjs.org/cross-spawn/-/cross-spawn-7.0.6.tgz 0ms (cache hit)
444 http cache cookie@https://registry.npmjs.org/cookie/-/cookie-1.1.1.tgz 0ms (cache hit)
445 http cache concat-map@https://registry.npmjs.org/concat-map/-/concat-map-0.0.1.tgz 0ms (cache hit)
446 http cache compressorjs@https://registry.npmjs.org/compressorjs/-/compressorjs-1.3.0.tgz 0ms (cache hit)
447 http cache comma-separated-tokens@https://registry.npmjs.org/comma-separated-tokens/-/comma-separated-tokens-2.0.3.tgz 0ms (cache hit)
448 http cache color-string@https://registry.npmjs.org/color-string/-/color-string-1.9.1.tgz 0ms (cache hit)
449 http cache color-name@https://registry.npmjs.org/color-name/-/color-name-1.1.4.tgz 0ms (cache hit)
450 http cache color-convert@https://registry.npmjs.org/color-convert/-/color-convert-2.0.1.tgz 0ms (cache hit)
451 http cache color@https://registry.npmjs.org/color/-/color-4.2.3.tgz 0ms (cache hit)
452 http cache collapse-white-space@https://registry.npmjs.org/collapse-white-space/-/collapse-white-space-2.1.0.tgz 0ms (cache hit)
453 http cache cloudinary@https://registry.npmjs.org/cloudinary/-/cloudinary-2.9.0.tgz 0ms (cache hit)
454 http cache clsx@https://registry.npmjs.org/clsx/-/clsx-2.1.1.tgz 0ms (cache hit)
455 http cache client-only@https://registry.npmjs.org/client-only/-/client-only-0.0.1.tgz 0ms (cache hit)
456 http cache classnames@https://registry.npmjs.org/classnames/-/classnames-2.5.1.tgz 0ms (cache hit)
457 http cache character-reference-invalid@https://registry.npmjs.org/character-reference-invalid/-/character-reference-invalid-2.0.1.tgz 0ms (cache hit)
458 http cache class-variance-authority@https://registry.npmjs.org/class-variance-authority/-/class-variance-authority-0.7.1.tgz 0ms (cache hit)
459 http cache chokidar@https://registry.npmjs.org/chokidar/-/chokidar-4.0.3.tgz 0ms (cache hit)
460 http cache character-entities-legacy@https://registry.npmjs.org/character-entities-legacy/-/character-entities-legacy-3.0.0.tgz 0ms (cache hit)
461 http cache character-entities-html4@https://registry.npmjs.org/character-entities-html4/-/character-entities-html4-2.1.0.tgz 0ms (cache hit)
462 http cache character-entities@https://registry.npmjs.org/character-entities/-/character-entities-2.0.2.tgz 0ms (cache hit)
463 http cache chalk@https://registry.npmjs.org/chalk/-/chalk-4.1.2.tgz 0ms (cache hit)
464 http cache ccount@https://registry.npmjs.org/ccount/-/ccount-2.0.1.tgz 0ms (cache hit)
465 http cache caniuse-lite@https://registry.npmjs.org/caniuse-lite/-/caniuse-lite-1.0.30001790.tgz 0ms (cache hit)
466 http cache callsites@https://registry.npmjs.org/callsites/-/callsites-3.1.0.tgz 0ms (cache hit)
467 http cache call-bound@https://registry.npmjs.org/call-bound/-/call-bound-1.0.4.tgz 0ms (cache hit)
468 http cache call-bind-apply-helpers@https://registry.npmjs.org/call-bind-apply-helpers/-/call-bind-apply-helpers-1.0.2.tgz 0ms (cache hit)
469 http cache call-bind@https://registry.npmjs.org/call-bind/-/call-bind-1.0.9.tgz 0ms (cache hit)
470 http cache browserslist@https://registry.npmjs.org/browserslist/-/browserslist-4.28.2.tgz 0ms (cache hit)
471 http cache braces@https://registry.npmjs.org/braces/-/braces-3.0.3.tgz 0ms (cache hit)
472 http cache brace-expansion@https://registry.npmjs.org/brace-expansion/-/brace-expansion-1.1.14.tgz 0ms (cache hit)
473 http cache blueimp-canvas-to-blob@https://registry.npmjs.org/blueimp-canvas-to-blob/-/blueimp-canvas-to-blob-3.29.0.tgz 0ms (cache hit)
474 http cache baseline-browser-mapping@https://registry.npmjs.org/baseline-browser-mapping/-/baseline-browser-mapping-2.10.21.tgz 0ms (cache hit)
475 http cache balanced-match@https://registry.npmjs.org/balanced-match/-/balanced-match-1.0.2.tgz 0ms (cache hit)
476 http cache bail@https://registry.npmjs.org/bail/-/bail-2.0.2.tgz 0ms (cache hit)
477 http cache axobject-query@https://registry.npmjs.org/axobject-query/-/axobject-query-4.1.0.tgz 0ms (cache hit)
478 http cache axe-core@https://registry.npmjs.org/axe-core/-/axe-core-4.11.3.tgz 0ms (cache hit)
479 http cache autoprefixer@https://registry.npmjs.org/autoprefixer/-/autoprefixer-10.5.0.tgz 0ms (cache hit)
480 http cache available-typed-arrays@https://registry.npmjs.org/available-typed-arrays/-/available-typed-arrays-1.0.7.tgz 0ms (cache hit)
481 http cache async-function@https://registry.npmjs.org/async-function/-/async-function-1.0.0.tgz 0ms (cache hit)
482 http cache astring@https://registry.npmjs.org/astring/-/astring-1.9.0.tgz 0ms (cache hit)
483 http cache ast-types-flow@https://registry.npmjs.org/ast-types-flow/-/ast-types-flow-0.0.8.tgz 0ms (cache hit)
484 http cache arraybuffer.prototype.slice@https://registry.npmjs.org/arraybuffer.prototype.slice/-/arraybuffer.prototype.slice-1.0.4.tgz 0ms (cache hit)
485 http cache array.prototype.tosorted@https://registry.npmjs.org/array.prototype.tosorted/-/array.prototype.tosorted-1.1.4.tgz 0ms (cache hit)
486 http cache array.prototype.flatmap@https://registry.npmjs.org/array.prototype.flatmap/-/array.prototype.flatmap-1.3.3.tgz 0ms (cache hit)
487 http cache array.prototype.flat@https://registry.npmjs.org/array.prototype.flat/-/array.prototype.flat-1.3.3.tgz 0ms (cache hit)
488 http cache array.prototype.findlastindex@https://registry.npmjs.org/array.prototype.findlastindex/-/array.prototype.findlastindex-1.2.6.tgz 0ms (cache hit)
489 http cache array.prototype.findlast@https://registry.npmjs.org/array.prototype.findlast/-/array.prototype.findlast-1.2.5.tgz 0ms (cache hit)
490 http cache array-includes@https://registry.npmjs.org/array-includes/-/array-includes-3.1.9.tgz 0ms (cache hit)
491 http cache aria-query@https://registry.npmjs.org/aria-query/-/aria-query-5.3.2.tgz 0ms (cache hit)
492 http cache array-buffer-byte-length@https://registry.npmjs.org/array-buffer-byte-length/-/array-buffer-byte-length-1.0.2.tgz 0ms (cache hit)
493 http cache aria-hidden@https://registry.npmjs.org/aria-hidden/-/aria-hidden-1.2.6.tgz 0ms (cache hit)
494 http cache argparse@https://registry.npmjs.org/argparse/-/argparse-2.0.1.tgz 0ms (cache hit)
495 http cache ansi-styles@https://registry.npmjs.org/ansi-styles/-/ansi-styles-4.3.0.tgz 0ms (cache hit)
496 http cache ajv@https://registry.npmjs.org/ajv/-/ajv-6.15.0.tgz 0ms (cache hit)
497 http cache acorn-jsx@https://registry.npmjs.org/acorn-jsx/-/acorn-jsx-5.3.2.tgz 0ms (cache hit)
498 http cache acorn@https://registry.npmjs.org/acorn/-/acorn-8.16.0.tgz 0ms (cache hit)
499 http cache @unrs/resolver-binding-win32-x64-msvc@https://registry.npmjs.org/@unrs/resolver-binding-win32-x64-msvc/-/resolver-binding-win32-x64-msvc-1.11.1.tgz 0ms (cache hit)
500 http cache @ungap/structured-clone@https://registry.npmjs.org/@ungap/structured-clone/-/structured-clone-1.3.0.tgz 0ms (cache hit)
501 http cache @typescript-eslint/visitor-keys@https://registry.npmjs.org/@typescript-eslint/visitor-keys/-/visitor-keys-8.59.0.tgz 0ms (cache hit)
502 http cache @typescript-eslint/utils@https://registry.npmjs.org/@typescript-eslint/utils/-/utils-8.59.0.tgz 0ms (cache hit)
503 http cache @typescript-eslint/typescript-estree@https://registry.npmjs.org/@typescript-eslint/typescript-estree/-/typescript-estree-8.59.0.tgz 0ms (cache hit)
504 http cache @typescript-eslint/types@https://registry.npmjs.org/@typescript-eslint/types/-/types-8.59.0.tgz 0ms (cache hit)
505 http cache @typescript-eslint/type-utils@https://registry.npmjs.org/@typescript-eslint/type-utils/-/type-utils-8.59.0.tgz 0ms (cache hit)
506 http cache @typescript-eslint/tsconfig-utils@https://registry.npmjs.org/@typescript-eslint/tsconfig-utils/-/tsconfig-utils-8.59.0.tgz 0ms (cache hit)
507 http cache @typescript-eslint/scope-manager@https://registry.npmjs.org/@typescript-eslint/scope-manager/-/scope-manager-8.59.0.tgz 0ms (cache hit)
508 http cache @typescript-eslint/project-service@https://registry.npmjs.org/@typescript-eslint/project-service/-/project-service-8.59.0.tgz 0ms (cache hit)
509 http cache @typescript-eslint/parser@https://registry.npmjs.org/@typescript-eslint/parser/-/parser-8.59.0.tgz 0ms (cache hit)
510 http cache @typescript-eslint/eslint-plugin@https://registry.npmjs.org/@typescript-eslint/eslint-plugin/-/eslint-plugin-8.59.0.tgz 0ms (cache hit)
511 http cache @types/unist@https://registry.npmjs.org/@types/unist/-/unist-3.0.3.tgz 0ms (cache hit)
512 http cache @types/react-dom@https://registry.npmjs.org/@types/react-dom/-/react-dom-18.3.7.tgz 0ms (cache hit)
513 http cache @types/react@https://registry.npmjs.org/@types/react/-/react-18.3.28.tgz 0ms (cache hit)
514 http cache @types/ms@https://registry.npmjs.org/@types/ms/-/ms-2.1.0.tgz 0ms (cache hit)
515 http cache @types/prop-types@https://registry.npmjs.org/@types/prop-types/-/prop-types-15.7.15.tgz 0ms (cache hit)
516 http cache @types/mdx@https://registry.npmjs.org/@types/mdx/-/mdx-2.0.13.tgz 0ms (cache hit)
517 http cache @types/mdast@https://registry.npmjs.org/@types/mdast/-/mdast-4.0.4.tgz 0ms (cache hit)
518 http cache @types/json-schema@https://registry.npmjs.org/@types/json-schema/-/json-schema-7.0.15.tgz 0ms (cache hit)
519 http cache @types/json5@https://registry.npmjs.org/@types/json5/-/json5-0.0.29.tgz 0ms (cache hit)
520 http cache @types/node@https://registry.npmjs.org/@types/node/-/node-20.19.39.tgz 0ms (cache hit)
521 http cache @types/hast@https://registry.npmjs.org/@types/hast/-/hast-3.0.4.tgz 0ms (cache hit)
522 http cache @types/estree-jsx@https://registry.npmjs.org/@types/estree-jsx/-/estree-jsx-1.0.5.tgz 0ms (cache hit)
523 http cache @types/d3-time@https://registry.npmjs.org/@types/d3-time/-/d3-time-3.0.4.tgz 0ms (cache hit)
524 http cache @types/estree@https://registry.npmjs.org/@types/estree/-/estree-1.0.8.tgz 0ms (cache hit)
525 http cache @types/d3-timer@https://registry.npmjs.org/@types/d3-timer/-/d3-timer-3.0.2.tgz 0ms (cache hit)
526 http cache @types/d3-shape@https://registry.npmjs.org/@types/d3-shape/-/d3-shape-3.1.8.tgz 0ms (cache hit)
527 http cache @types/d3-path@https://registry.npmjs.org/@types/d3-path/-/d3-path-3.1.1.tgz 0ms (cache hit)
528 http cache @types/debug@https://registry.npmjs.org/@types/debug/-/debug-4.1.13.tgz 0ms (cache hit)
529 http cache @types/d3-scale@https://registry.npmjs.org/@types/d3-scale/-/d3-scale-4.0.9.tgz 0ms (cache hit)
530 http cache @types/d3-interpolate@https://registry.npmjs.org/@types/d3-interpolate/-/d3-interpolate-3.0.4.tgz 0ms (cache hit)
531 http cache @types/d3-ease@https://registry.npmjs.org/@types/d3-ease/-/d3-ease-3.0.2.tgz 0ms (cache hit)
532 http cache @types/d3-color@https://registry.npmjs.org/@types/d3-color/-/d3-color-3.1.3.tgz 0ms (cache hit)
533 http cache @types/cookie@https://registry.npmjs.org/@types/cookie/-/cookie-0.6.0.tgz 0ms (cache hit)
534 http cache @types/d3-array@https://registry.npmjs.org/@types/d3-array/-/d3-array-3.2.2.tgz 0ms (cache hit)
535 http cache @turbo/windows-64@https://registry.npmjs.org/@turbo/windows-64/-/windows-64-2.9.6.tgz 0ms (cache hit)
536 http cache @tanstack/react-virtual@https://registry.npmjs.org/@tanstack/react-virtual/-/react-virtual-3.13.24.tgz 0ms (cache hit)
537 http cache @tanstack/virtual-core@https://registry.npmjs.org/@tanstack/virtual-core/-/virtual-core-3.14.0.tgz 0ms (cache hit)
538 http cache @tailwindcss/oxide@https://registry.npmjs.org/@tailwindcss/oxide/-/oxide-4.2.4.tgz 0ms (cache hit)
539 http cache @tailwindcss/node@https://registry.npmjs.org/@tailwindcss/node/-/node-4.2.4.tgz 0ms (cache hit)
540 http cache @tailwindcss/postcss@https://registry.npmjs.org/@tailwindcss/postcss/-/postcss-4.2.4.tgz 0ms (cache hit)
541 http cache @swc/helpers@https://registry.npmjs.org/@swc/helpers/-/helpers-0.5.21.tgz 0ms (cache hit)
542 http cache @rtsao/scc@https://registry.npmjs.org/@rtsao/scc/-/scc-1.1.0.tgz 0ms (cache hit)
543 http cache @rushstack/eslint-patch@https://registry.npmjs.org/@rushstack/eslint-patch/-/eslint-patch-1.16.1.tgz 0ms (cache hit)
544 http cache @react-types/shared@https://registry.npmjs.org/@react-types/shared/-/shared-3.34.0.tgz 0ms (cache hit)
545 http cache @react-aria/focus@https://registry.npmjs.org/@react-aria/focus/-/focus-3.22.0.tgz 0ms (cache hit)
546 http cache @radix-ui/react-visually-hidden@https://registry.npmjs.org/@radix-ui/react-visually-hidden/-/react-visually-hidden-1.2.4.tgz 0ms (cache hit)
547 http cache @react-aria/interactions@https://registry.npmjs.org/@react-aria/interactions/-/interactions-3.28.0.tgz 0ms (cache hit)
548 http cache @radix-ui/react-use-layout-effect@https://registry.npmjs.org/@radix-ui/react-use-layout-effect/-/react-use-layout-effect-1.1.1.tgz 0ms (cache hit)
549 http cache @radix-ui/react-use-effect-event@https://registry.npmjs.org/@radix-ui/react-use-effect-event/-/react-use-effect-event-0.0.2.tgz 0ms (cache hit)
550 http cache @radix-ui/react-use-escape-keydown@https://registry.npmjs.org/@radix-ui/react-use-escape-keydown/-/react-use-escape-keydown-1.1.1.tgz 0ms (cache hit)
551 http cache @radix-ui/react-use-controllable-state@https://registry.npmjs.org/@radix-ui/react-use-controllable-state/-/react-use-controllable-state-1.2.2.tgz 0ms (cache hit)
552 http cache @radix-ui/react-slot@https://registry.npmjs.org/@radix-ui/react-slot/-/react-slot-1.2.4.tgz 0ms (cache hit)
553 http cache @radix-ui/react-primitive@https://registry.npmjs.org/@radix-ui/react-primitive/-/react-primitive-2.1.3.tgz 0ms (cache hit)
554 http cache @radix-ui/react-use-callback-ref@https://registry.npmjs.org/@radix-ui/react-use-callback-ref/-/react-use-callback-ref-1.1.1.tgz 0ms (cache hit)
555 http cache @radix-ui/react-portal@https://registry.npmjs.org/@radix-ui/react-portal/-/react-portal-1.1.9.tgz 0ms (cache hit)
556 http cache @radix-ui/react-id@https://registry.npmjs.org/@radix-ui/react-id/-/react-id-1.1.1.tgz 0ms (cache hit)
557 http cache @radix-ui/react-focus-scope@https://registry.npmjs.org/@radix-ui/react-focus-scope/-/react-focus-scope-1.1.7.tgz 0ms (cache hit)
558 http cache @radix-ui/react-presence@https://registry.npmjs.org/@radix-ui/react-presence/-/react-presence-1.1.5.tgz 0ms (cache hit)
559 http cache @radix-ui/react-focus-guards@https://registry.npmjs.org/@radix-ui/react-focus-guards/-/react-focus-guards-1.1.3.tgz 0ms (cache hit)
560 http cache @radix-ui/react-dismissable-layer@https://registry.npmjs.org/@radix-ui/react-dismissable-layer/-/react-dismissable-layer-1.1.11.tgz 0ms (cache hit)
561 http cache @radix-ui/react-compose-refs@https://registry.npmjs.org/@radix-ui/react-compose-refs/-/react-compose-refs-1.1.2.tgz 0ms (cache hit)
562 http cache @radix-ui/primitive@https://registry.npmjs.org/@radix-ui/primitive/-/primitive-1.1.3.tgz 0ms (cache hit)
563 http cache @radix-ui/react-dialog@https://registry.npmjs.org/@radix-ui/react-dialog/-/react-dialog-1.1.15.tgz 0ms (cache hit)
564 http cache @parcel/watcher-win32-x64@https://registry.npmjs.org/@parcel/watcher-win32-x64/-/watcher-win32-x64-2.5.6.tgz 0ms (cache hit)
565 http cache @parcel/watcher@https://registry.npmjs.org/@parcel/watcher/-/watcher-2.5.6.tgz 0ms (cache hit)
566 http cache @radix-ui/react-context@https://registry.npmjs.org/@radix-ui/react-context/-/react-context-1.1.2.tgz 0ms (cache hit)
567 http cache @nolyfill/is-core-module@https://registry.npmjs.org/@nolyfill/is-core-module/-/is-core-module-1.0.39.tgz 0ms (cache hit)
568 http cache @once-ui-system/core@https://registry.npmjs.org/@once-ui-system/core/-/core-1.6.4.tgz 0ms (cache hit)
569 http cache @nodelib/fs.walk@https://registry.npmjs.org/@nodelib/fs.walk/-/fs.walk-1.2.8.tgz 0ms (cache hit)
570 http cache @nodelib/fs.scandir@https://registry.npmjs.org/@nodelib/fs.scandir/-/fs.scandir-2.1.5.tgz 0ms (cache hit)
571 http cache @nodelib/fs.stat@https://registry.npmjs.org/@nodelib/fs.stat/-/fs.stat-2.0.5.tgz 0ms (cache hit)
572 http cache @next/swc-win32-x64-msvc@https://registry.npmjs.org/@next/swc-win32-x64-msvc/-/swc-win32-x64-msvc-15.5.15.tgz 0ms (cache hit)
573 http cache @next/mdx@https://registry.npmjs.org/@next/mdx/-/mdx-15.5.15.tgz 0ms (cache hit)
574 http cache @next/eslint-plugin-next@https://registry.npmjs.org/@next/eslint-plugin-next/-/eslint-plugin-next-15.5.15.tgz 0ms (cache hit)
575 http cache @next/env@https://registry.npmjs.org/@next/env/-/env-15.5.15.tgz 0ms (cache hit)
576 http cache @mdx-js/react@https://registry.npmjs.org/@mdx-js/react/-/react-3.1.1.tgz 0ms (cache hit)
577 http cache @mdx-js/mdx@https://registry.npmjs.org/@mdx-js/mdx/-/mdx-3.1.1.tgz 0ms (cache hit)
578 http cache @mdx-js/loader@https://registry.npmjs.org/@mdx-js/loader/-/loader-3.1.1.tgz 0ms (cache hit)
579 http cache @jridgewell/trace-mapping@https://registry.npmjs.org/@jridgewell/trace-mapping/-/trace-mapping-0.3.31.tgz 0ms (cache hit)
580 http cache @jridgewell/sourcemap-codec@https://registry.npmjs.org/@jridgewell/sourcemap-codec/-/sourcemap-codec-1.5.5.tgz 0ms (cache hit)
581 http cache @jridgewell/resolve-uri@https://registry.npmjs.org/@jridgewell/resolve-uri/-/resolve-uri-3.1.2.tgz 0ms (cache hit)
582 http cache @jridgewell/remapping@https://registry.npmjs.org/@jridgewell/remapping/-/remapping-2.3.5.tgz 0ms (cache hit)
583 http cache @jridgewell/gen-mapping@https://registry.npmjs.org/@jridgewell/gen-mapping/-/gen-mapping-0.3.13.tgz 0ms (cache hit)
584 http cache @internationalized/string@https://registry.npmjs.org/@internationalized/string/-/string-3.2.8.tgz 0ms (cache hit)
585 http cache @internationalized/date@https://registry.npmjs.org/@internationalized/date/-/date-3.12.1.tgz 0ms (cache hit)
586 http cache @internationalized/number@https://registry.npmjs.org/@internationalized/number/-/number-3.6.6.tgz 0ms (cache hit)
587 http cache @img/sharp-win32-x64@https://registry.npmjs.org/@img/sharp-win32-x64/-/sharp-win32-x64-0.33.5.tgz 0ms (cache hit)
588 http cache @img/colour@https://registry.npmjs.org/@img/colour/-/colour-1.1.0.tgz 0ms (cache hit)
589 http cache @humanwhocodes/retry@https://registry.npmjs.org/@humanwhocodes/retry/-/retry-0.4.3.tgz 0ms (cache hit)
590 http cache @humanwhocodes/module-importer@https://registry.npmjs.org/@humanwhocodes/module-importer/-/module-importer-1.0.1.tgz 0ms (cache hit)
591 http cache @humanfs/types@https://registry.npmjs.org/@humanfs/types/-/types-0.15.0.tgz 0ms (cache hit)
592 http cache @humanfs/node@https://registry.npmjs.org/@humanfs/node/-/node-0.16.8.tgz 0ms (cache hit)
593 http cache @humanfs/core@https://registry.npmjs.org/@humanfs/core/-/core-0.19.2.tgz 0ms (cache hit)
594 http cache @heroicons/react@https://registry.npmjs.org/@heroicons/react/-/react-2.2.0.tgz 0ms (cache hit)
595 http cache @headlessui/react@https://registry.npmjs.org/@headlessui/react/-/react-2.2.10.tgz 0ms (cache hit)
596 http cache @floating-ui/react@https://registry.npmjs.org/@floating-ui/react/-/react-0.26.28.tgz 0ms (cache hit)
597 http cache @floating-ui/dom@https://registry.npmjs.org/@floating-ui/dom/-/dom-1.7.6.tgz 0ms (cache hit)
598 http cache @floating-ui/react-dom@https://registry.npmjs.org/@floating-ui/react-dom/-/react-dom-2.1.8.tgz 0ms (cache hit)
599 http cache @floating-ui/core@https://registry.npmjs.org/@floating-ui/core/-/core-1.7.5.tgz 0ms (cache hit)
600 http cache @eslint/plugin-kit@https://registry.npmjs.org/@eslint/plugin-kit/-/plugin-kit-0.4.1.tgz 0ms (cache hit)
601 http cache @eslint/eslintrc@https://registry.npmjs.org/@eslint/eslintrc/-/eslintrc-3.3.5.tgz 0ms (cache hit)
602 http cache @floating-ui/utils@https://registry.npmjs.org/@floating-ui/utils/-/utils-0.2.11.tgz 0ms (cache hit)
603 http cache @eslint/object-schema@https://registry.npmjs.org/@eslint/object-schema/-/object-schema-2.1.7.tgz 0ms (cache hit)
604 http cache @eslint/core@https://registry.npmjs.org/@eslint/core/-/core-0.17.0.tgz 0ms (cache hit)
605 http cache @eslint/js@https://registry.npmjs.org/@eslint/js/-/js-9.39.4.tgz 0ms (cache hit)
606 http cache @eslint/config-array@https://registry.npmjs.org/@eslint/config-array/-/config-array-0.21.2.tgz 0ms (cache hit)
607 http cache @eslint-community/regexpp@https://registry.npmjs.org/@eslint-community/regexpp/-/regexpp-4.12.2.tgz 0ms (cache hit)
608 http cache @eslint-community/eslint-utils@https://registry.npmjs.org/@eslint-community/eslint-utils/-/eslint-utils-4.9.1.tgz 0ms (cache hit)
609 http cache @eslint/config-helpers@https://registry.npmjs.org/@eslint/config-helpers/-/config-helpers-0.4.2.tgz 0ms (cache hit)
610 http cache @csstools/selector-specificity@https://registry.npmjs.org/@csstools/selector-specificity/-/selector-specificity-3.1.1.tgz 0ms (cache hit)
611 http cache @csstools/utilities@https://registry.npmjs.org/@csstools/utilities/-/utilities-1.0.0.tgz 0ms (cache hit)
612 http cache @csstools/selector-resolve-nested@https://registry.npmjs.org/@csstools/selector-resolve-nested/-/selector-resolve-nested-1.1.0.tgz 0ms (cache hit)
613 http cache @csstools/postcss-trigonometric-functions@https://registry.npmjs.org/@csstools/postcss-trigonometric-functions/-/postcss-trigonometric-functions-3.0.10.tgz 0ms (cache hit)
614 http cache @csstools/postcss-unset-value@https://registry.npmjs.org/@csstools/postcss-unset-value/-/postcss-unset-value-3.0.1.tgz 0ms (cache hit)
615 http cache @csstools/postcss-stepped-value-functions@https://registry.npmjs.org/@csstools/postcss-stepped-value-functions/-/postcss-stepped-value-functions-3.0.10.tgz 0ms (cache hit)
616 http cache @csstools/postcss-text-decoration-shorthand@https://registry.npmjs.org/@csstools/postcss-text-decoration-shorthand/-/postcss-text-decoration-shorthand-3.0.7.tgz 0ms (cache hit)
617 http cache @csstools/postcss-scope-pseudo-class@https://registry.npmjs.org/@csstools/postcss-scope-pseudo-class/-/postcss-scope-pseudo-class-3.0.1.tgz 0ms (cache hit)
618 http cache @csstools/postcss-progressive-custom-properties@https://registry.npmjs.org/@csstools/postcss-progressive-custom-properties/-/postcss-progressive-custom-properties-3.3.0.tgz 0ms (cache hit)
619 http cache @csstools/postcss-relative-color-syntax@https://registry.npmjs.org/@csstools/postcss-relative-color-syntax/-/postcss-relative-color-syntax-2.0.19.tgz 0ms (cache hit)
620 http cache @csstools/postcss-oklab-function@https://registry.npmjs.org/@csstools/postcss-oklab-function/-/postcss-oklab-function-3.0.19.tgz 0ms (cache hit)
621 http cache @csstools/postcss-normalize-display-values@https://registry.npmjs.org/@csstools/postcss-normalize-display-values/-/postcss-normalize-display-values-3.0.2.tgz 0ms (cache hit)
622 http cache @csstools/postcss-nested-calc@https://registry.npmjs.org/@csstools/postcss-nested-calc/-/postcss-nested-calc-3.0.2.tgz 0ms (cache hit)
623 http cache @csstools/postcss-logical-viewport-units@https://registry.npmjs.org/@csstools/postcss-logical-viewport-units/-/postcss-logical-viewport-units-2.0.11.tgz 0ms (cache hit)
624 http cache @csstools/postcss-logical-resize@https://registry.npmjs.org/@csstools/postcss-logical-resize/-/postcss-logical-resize-2.0.1.tgz 0ms (cache hit)
625 http cache @csstools/postcss-media-queries-aspect-ratio-number-values@https://registry.npmjs.org/@csstools/postcss-media-queries-aspect-ratio-number-values/-/postcss-media-queries-aspect-ratio-number-values-2.0.11.tgz 0ms (cache hit)
626 http cache @csstools/postcss-logical-overscroll-behavior@https://registry.npmjs.org/@csstools/postcss-logical-overscroll-behavior/-/postcss-logical-overscroll-behavior-1.0.1.tgz 0ms (cache hit)
627 http cache @csstools/postcss-media-minmax@https://registry.npmjs.org/@csstools/postcss-media-minmax/-/postcss-media-minmax-1.1.8.tgz 0ms (cache hit)
628 http cache @csstools/postcss-logical-overflow@https://registry.npmjs.org/@csstools/postcss-logical-overflow/-/postcss-logical-overflow-1.0.1.tgz 0ms (cache hit)
629 http cache @csstools/postcss-light-dark-function@https://registry.npmjs.org/@csstools/postcss-light-dark-function/-/postcss-light-dark-function-1.0.8.tgz 0ms (cache hit)
630 http cache @csstools/postcss-initial@https://registry.npmjs.org/@csstools/postcss-initial/-/postcss-initial-1.0.1.tgz 0ms (cache hit)
631 http cache @csstools/postcss-logical-float-and-clear@https://registry.npmjs.org/@csstools/postcss-logical-float-and-clear/-/postcss-logical-float-and-clear-2.0.1.tgz 0ms (cache hit)
632 http cache @csstools/postcss-is-pseudo-class@https://registry.npmjs.org/@csstools/postcss-is-pseudo-class/-/postcss-is-pseudo-class-4.0.8.tgz 0ms (cache hit)
633 http cache @csstools/postcss-ic-unit@https://registry.npmjs.org/@csstools/postcss-ic-unit/-/postcss-ic-unit-3.0.7.tgz 0ms (cache hit)
634 http cache @csstools/postcss-hwb-function@https://registry.npmjs.org/@csstools/postcss-hwb-function/-/postcss-hwb-function-3.0.18.tgz 0ms (cache hit)
635 http cache @csstools/postcss-gamut-mapping@https://registry.npmjs.org/@csstools/postcss-gamut-mapping/-/postcss-gamut-mapping-1.0.11.tgz 0ms (cache hit)
636 http cache @csstools/postcss-font-format-keywords@https://registry.npmjs.org/@csstools/postcss-font-format-keywords/-/postcss-font-format-keywords-3.0.2.tgz 0ms (cache hit)
637 http cache @csstools/postcss-global-data@https://registry.npmjs.org/@csstools/postcss-global-data/-/postcss-global-data-2.1.1.tgz 0ms (cache hit)
638 http cache @csstools/postcss-gradients-interpolation-method@https://registry.npmjs.org/@csstools/postcss-gradients-interpolation-method/-/postcss-gradients-interpolation-method-4.0.20.tgz 0ms (cache hit)
639 http cache @csstools/postcss-exponential-functions@https://registry.npmjs.org/@csstools/postcss-exponential-functions/-/postcss-exponential-functions-1.0.9.tgz 0ms (cache hit)
640 http cache @csstools/postcss-content-alt-text@https://registry.npmjs.org/@csstools/postcss-content-alt-text/-/postcss-content-alt-text-1.0.0.tgz 0ms (cache hit)
641 http cache @csstools/postcss-cascade-layers@https://registry.npmjs.org/@csstools/postcss-cascade-layers/-/postcss-cascade-layers-4.0.6.tgz 0ms (cache hit)
642 http cache @csstools/media-query-list-parser@https://registry.npmjs.org/@csstools/media-query-list-parser/-/media-query-list-parser-2.1.13.tgz 0ms (cache hit)
643 http cache @csstools/postcss-color-mix-function@https://registry.npmjs.org/@csstools/postcss-color-mix-function/-/postcss-color-mix-function-2.0.19.tgz 0ms (cache hit)
644 http cache @csstools/postcss-color-function@https://registry.npmjs.org/@csstools/postcss-color-function/-/postcss-color-function-3.0.19.tgz 0ms (cache hit)
645 http cache @csstools/css-tokenizer@https://registry.npmjs.org/@csstools/css-tokenizer/-/css-tokenizer-2.4.1.tgz 0ms (cache hit)
646 http cache @csstools/css-parser-algorithms@https://registry.npmjs.org/@csstools/css-parser-algorithms/-/css-parser-algorithms-2.7.1.tgz 0ms (cache hit)
647 http cache @csstools/color-helpers@https://registry.npmjs.org/@csstools/color-helpers/-/color-helpers-4.2.1.tgz 0ms (cache hit)
648 http cache @csstools/cascade-layer-name-parser@https://registry.npmjs.org/@csstools/cascade-layer-name-parser/-/cascade-layer-name-parser-1.0.13.tgz 0ms (cache hit)
649 http cache @csstools/css-color-parser@https://registry.npmjs.org/@csstools/css-color-parser/-/css-color-parser-2.0.5.tgz 0ms (cache hit)
650 http cache @csstools/css-calc@https://registry.npmjs.org/@csstools/css-calc/-/css-calc-1.2.4.tgz 0ms (cache hit)
651 http cache @babel/runtime@https://registry.npmjs.org/@babel/runtime/-/runtime-7.29.2.tgz 0ms (cache hit)
652 http cache @babel/helper-validator-identifier@https://registry.npmjs.org/@babel/helper-validator-identifier/-/helper-validator-identifier-7.28.5.tgz 0ms (cache hit)
653 http cache use-sync-external-store@https://registry.npmjs.org/use-sync-external-store/-/use-sync-external-store-1.2.0.tgz 0ms (cache hit)
654 http cache @alloc/quick-lru@https://registry.npmjs.org/@alloc/quick-lru/-/quick-lru-5.2.0.tgz 0ms (cache hit)
655 http cache @babel/code-frame@https://registry.npmjs.org/@babel/code-frame/-/code-frame-7.29.0.tgz 0ms (cache hit)
656 http cache react-is@https://registry.npmjs.org/react-is/-/react-is-18.3.1.tgz 0ms (cache hit)
657 http cache @types/unist@https://registry.npmjs.org/@types/unist/-/unist-2.0.11.tgz 0ms (cache hit)
658 http cache postcss@https://registry.npmjs.org/postcss/-/postcss-8.4.31.tgz 0ms (cache hit)
659 http cache sharp@https://registry.npmjs.org/sharp/-/sharp-0.34.5.tgz 0ms (cache hit)
660 http cache semver@https://registry.npmjs.org/semver/-/semver-6.3.1.tgz 0ms (cache hit)
661 http cache @swc/helpers@https://registry.npmjs.org/@swc/helpers/-/helpers-0.5.15.tgz 0ms (cache hit)
662 http cache @img/sharp-win32-x64@https://registry.npmjs.org/@img/sharp-win32-x64/-/sharp-win32-x64-0.34.5.tgz 0ms (cache hit)
663 http cache argparse@https://registry.npmjs.org/argparse/-/argparse-1.0.10.tgz 0ms (cache hit)
664 http cache picomatch@https://registry.npmjs.org/picomatch/-/picomatch-2.3.2.tgz 0ms (cache hit)
665 http cache js-yaml@https://registry.npmjs.org/js-yaml/-/js-yaml-3.14.2.tgz 0ms (cache hit)
666 http cache glob-parent@https://registry.npmjs.org/glob-parent/-/glob-parent-5.1.2.tgz 0ms (cache hit)
667 http cache semver@https://registry.npmjs.org/semver/-/semver-6.3.1.tgz 0ms (cache hit)
668 http cache debug@https://registry.npmjs.org/debug/-/debug-3.2.7.tgz 0ms (cache hit)
669 http cache semver@https://registry.npmjs.org/semver/-/semver-6.3.1.tgz 0ms (cache hit)
670 http cache debug@https://registry.npmjs.org/debug/-/debug-3.2.7.tgz 0ms (cache hit)
671 http cache debug@https://registry.npmjs.org/debug/-/debug-3.2.7.tgz 0ms (cache hit)
672 http cache eslint-visitor-keys@https://registry.npmjs.org/eslint-visitor-keys/-/eslint-visitor-keys-5.0.1.tgz 0ms (cache hit)
673 http cache minimatch@https://registry.npmjs.org/minimatch/-/minimatch-10.2.5.tgz 0ms (cache hit)
674 http cache ignore@https://registry.npmjs.org/ignore/-/ignore-7.0.5.tgz 0ms (cache hit)
675 http cache balanced-match@https://registry.npmjs.org/balanced-match/-/balanced-match-4.0.4.tgz 0ms (cache hit)
676 http cache brace-expansion@https://registry.npmjs.org/brace-expansion/-/brace-expansion-5.0.5.tgz 0ms (cache hit)
677 http cache @tailwindcss/oxide-win32-x64-msvc@https://registry.npmjs.org/@tailwindcss/oxide-win32-x64-msvc/-/oxide-win32-x64-msvc-4.2.4.tgz 0ms (cache hit)
678 http cache @radix-ui/react-primitive@https://registry.npmjs.org/@radix-ui/react-primitive/-/react-primitive-2.1.4.tgz 0ms (cache hit)
679 http cache @radix-ui/react-slot@https://registry.npmjs.org/@radix-ui/react-slot/-/react-slot-1.2.3.tgz 0ms (cache hit)
680 http cache eslint-visitor-keys@https://registry.npmjs.org/eslint-visitor-keys/-/eslint-visitor-keys-3.4.3.tgz 0ms (cache hit)
681 http cache @radix-ui/react-slot@https://registry.npmjs.org/@radix-ui/react-slot/-/react-slot-1.2.3.tgz 0ms (cache hit)
682 silly tarball no local data for yocto-queue@https://registry.npmjs.org/yocto-queue/-/yocto-queue-0.1.0.tgz. Extracting by manifest.
683 silly tarball no local data for yaml@https://registry.npmjs.org/yaml/-/yaml-2.8.3.tgz. Extracting by manifest.
684 silly tarball no local data for zwitch@https://registry.npmjs.org/zwitch/-/zwitch-2.0.4.tgz. Extracting by manifest.
685 silly tarball no local data for word-wrap@https://registry.npmjs.org/word-wrap/-/word-wrap-1.2.5.tgz. Extracting by manifest.
686 silly tarball no local data for which-typed-array@https://registry.npmjs.org/which-typed-array/-/which-typed-array-1.1.20.tgz. Extracting by manifest.
687 silly tarball no local data for which-collection@https://registry.npmjs.org/which-collection/-/which-collection-1.0.2.tgz. Extracting by manifest.
688 silly tarball no local data for which-builtin-type@https://registry.npmjs.org/which-builtin-type/-/which-builtin-type-1.2.1.tgz. Extracting by manifest.
689 silly tarball no local data for zustand@https://registry.npmjs.org/zustand/-/zustand-4.0.0.tgz. Extracting by manifest.
690 silly tarball no local data for which-boxed-primitive@https://registry.npmjs.org/which-boxed-primitive/-/which-boxed-primitive-1.1.1.tgz. Extracting by manifest.
691 silly tarball no local data for victory-vendor@https://registry.npmjs.org/victory-vendor/-/victory-vendor-36.9.2.tgz. Extracting by manifest.
692 silly tarball no local data for which@https://registry.npmjs.org/which/-/which-2.0.2.tgz. Extracting by manifest.
693 silly tarball no local data for vfile-matter@https://registry.npmjs.org/vfile-matter/-/vfile-matter-5.0.1.tgz. Extracting by manifest.
694 silly tarball no local data for util-deprecate@https://registry.npmjs.org/util-deprecate/-/util-deprecate-1.0.2.tgz. Extracting by manifest.
695 silly tarball no local data for use-sidecar@https://registry.npmjs.org/use-sidecar/-/use-sidecar-1.1.3.tgz. Extracting by manifest.
696 silly tarball no local data for vfile@https://registry.npmjs.org/vfile/-/vfile-6.0.3.tgz. Extracting by manifest.
697 silly tarball no local data for vfile-message@https://registry.npmjs.org/vfile-message/-/vfile-message-4.0.3.tgz. Extracting by manifest.
698 silly tarball no local data for use-sync-external-store@https://registry.npmjs.org/use-sync-external-store/-/use-sync-external-store-1.6.0.tgz. Extracting by manifest.
699 silly tarball no local data for use-callback-ref@https://registry.npmjs.org/use-callback-ref/-/use-callback-ref-1.3.3.tgz. Extracting by manifest.
700 silly tarball no local data for uri-js@https://registry.npmjs.org/uri-js/-/uri-js-4.4.1.tgz. Extracting by manifest.
701 silly tarball no local data for update-browserslist-db@https://registry.npmjs.org/update-browserslist-db/-/update-browserslist-db-1.2.3.tgz. Extracting by manifest.
702 silly tarball no local data for unrs-resolver@https://registry.npmjs.org/unrs-resolver/-/unrs-resolver-1.11.1.tgz. Extracting by manifest.
703 silly tarball no local data for unist-util-visit-parents@https://registry.npmjs.org/unist-util-visit-parents/-/unist-util-visit-parents-6.0.2.tgz. Extracting by manifest.
704 silly tarball no local data for unist-util-stringify-position@https://registry.npmjs.org/unist-util-stringify-position/-/unist-util-stringify-position-4.0.0.tgz. Extracting by manifest.
705 silly tarball no local data for unist-util-position-from-estree@https://registry.npmjs.org/unist-util-position-from-estree/-/unist-util-position-from-estree-2.0.0.tgz. Extracting by manifest.
706 silly tarball no local data for unist-util-remove@https://registry.npmjs.org/unist-util-remove/-/unist-util-remove-4.0.0.tgz. Extracting by manifest.
707 silly tarball no local data for unist-util-visit@https://registry.npmjs.org/unist-util-visit/-/unist-util-visit-5.1.0.tgz. Extracting by manifest.
708 silly tarball no local data for unist-util-position@https://registry.npmjs.org/unist-util-position/-/unist-util-position-5.0.0.tgz. Extracting by manifest.
709 silly tarball no local data for unist-util-is@https://registry.npmjs.org/unist-util-is/-/unist-util-is-6.0.1.tgz. Extracting by manifest.
710 silly tarball no local data for unbox-primitive@https://registry.npmjs.org/unbox-primitive/-/unbox-primitive-1.1.0.tgz. Extracting by manifest.
711 silly tarball no local data for unified@https://registry.npmjs.org/unified/-/unified-11.0.5.tgz. Extracting by manifest.
712 silly tarball no local data for undici-types@https://registry.npmjs.org/undici-types/-/undici-types-6.21.0.tgz. Extracting by manifest.
713 silly tarball no local data for typescript@https://registry.npmjs.org/typescript/-/typescript-5.9.3.tgz. Extracting by manifest.
714 silly tarball no local data for typed-array-length@https://registry.npmjs.org/typed-array-length/-/typed-array-length-1.0.7.tgz. Extracting by manifest.
715 silly tarball no local data for typed-array-byte-length@https://registry.npmjs.org/typed-array-byte-length/-/typed-array-byte-length-1.0.3.tgz. Extracting by manifest.
716 silly tarball no local data for typed-array-buffer@https://registry.npmjs.org/typed-array-buffer/-/typed-array-buffer-1.0.3.tgz. Extracting by manifest.
717 silly tarball no local data for typed-array-byte-offset@https://registry.npmjs.org/typed-array-byte-offset/-/typed-array-byte-offset-1.0.4.tgz. Extracting by manifest.
718 silly tarball no local data for type-check@https://registry.npmjs.org/type-check/-/type-check-0.4.0.tgz. Extracting by manifest.
719 silly tarball no local data for tw-animate-css@https://registry.npmjs.org/tw-animate-css/-/tw-animate-css-1.4.0.tgz. Extracting by manifest.
720 silly tarball no local data for tsconfig-paths@https://registry.npmjs.org/tsconfig-paths/-/tsconfig-paths-3.15.0.tgz. Extracting by manifest.
721 silly tarball no local data for turbo@https://registry.npmjs.org/turbo/-/turbo-2.9.6.tgz. Extracting by manifest.
722 silly tarball no local data for tslib@https://registry.npmjs.org/tslib/-/tslib-2.8.1.tgz. Extracting by manifest.
723 silly tarball no local data for ts-api-utils@https://registry.npmjs.org/ts-api-utils/-/ts-api-utils-2.5.0.tgz. Extracting by manifest.
724 silly tarball no local data for trough@https://registry.npmjs.org/trough/-/trough-2.2.0.tgz. Extracting by manifest.
725 silly tarball no local data for tinyglobby@https://registry.npmjs.org/tinyglobby/-/tinyglobby-0.2.16.tgz. Extracting by manifest.
726 silly tarball no local data for trim-lines@https://registry.npmjs.org/trim-lines/-/trim-lines-3.0.1.tgz. Extracting by manifest.
727 silly tarball no local data for tapable@https://registry.npmjs.org/tapable/-/tapable-2.3.3.tgz. Extracting by manifest.
728 silly tarball no local data for to-regex-range@https://registry.npmjs.org/to-regex-range/-/to-regex-range-5.0.1.tgz. Extracting by manifest.
729 silly tarball no local data for tiny-invariant@https://registry.npmjs.org/tiny-invariant/-/tiny-invariant-1.3.3.tgz. Extracting by manifest.
730 silly tarball no local data for tailwindcss@https://registry.npmjs.org/tailwindcss/-/tailwindcss-4.2.4.tgz. Extracting by manifest.
731 silly tarball no local data for tailwind-merge@https://registry.npmjs.org/tailwind-merge/-/tailwind-merge-3.5.0.tgz. Extracting by manifest.
732 silly tarball no local data for supports-preserve-symlinks-flag@https://registry.npmjs.org/supports-preserve-symlinks-flag/-/supports-preserve-symlinks-flag-1.0.0.tgz. Extracting by manifest.
733 silly tarball no local data for tabbable@https://registry.npmjs.org/tabbable/-/tabbable-6.4.0.tgz. Extracting by manifest.
734 silly tarball no local data for supports-color@https://registry.npmjs.org/supports-color/-/supports-color-7.2.0.tgz. Extracting by manifest.
735 silly tarball no local data for styled-jsx@https://registry.npmjs.org/styled-jsx/-/styled-jsx-5.1.6.tgz. Extracting by manifest.
736 silly tarball no local data for style-to-object@https://registry.npmjs.org/style-to-object/-/style-to-object-1.0.14.tgz. Extracting by manifest.
737 silly tarball no local data for strip-json-comments@https://registry.npmjs.org/strip-json-comments/-/strip-json-comments-3.1.1.tgz. Extracting by manifest.
738 silly tarball no local data for style-to-js@https://registry.npmjs.org/style-to-js/-/style-to-js-1.1.21.tgz. Extracting by manifest.
739 silly tarball no local data for strip-bom@https://registry.npmjs.org/strip-bom/-/strip-bom-3.0.0.tgz. Extracting by manifest.
740 silly tarball no local data for strip-bom-string@https://registry.npmjs.org/strip-bom-string/-/strip-bom-string-1.0.0.tgz. Extracting by manifest.
741 silly tarball no local data for stringify-entities@https://registry.npmjs.org/stringify-entities/-/stringify-entities-4.0.4.tgz. Extracting by manifest.
742 silly tarball no local data for string.prototype.trimend@https://registry.npmjs.org/string.prototype.trimend/-/string.prototype.trimend-1.0.9.tgz. Extracting by manifest.
743 silly tarball no local data for string.prototype.trimstart@https://registry.npmjs.org/string.prototype.trimstart/-/string.prototype.trimstart-1.0.8.tgz. Extracting by manifest.
744 silly tarball no local data for string.prototype.repeat@https://registry.npmjs.org/string.prototype.repeat/-/string.prototype.repeat-1.0.0.tgz. Extracting by manifest.
745 silly tarball no local data for string.prototype.trim@https://registry.npmjs.org/string.prototype.trim/-/string.prototype.trim-1.2.10.tgz. Extracting by manifest.
746 silly tarball no local data for string.prototype.matchall@https://registry.npmjs.org/string.prototype.matchall/-/string.prototype.matchall-4.0.12.tgz. Extracting by manifest.
747 silly tarball no local data for string.prototype.includes@https://registry.npmjs.org/string.prototype.includes/-/string.prototype.includes-2.0.1.tgz. Extracting by manifest.
748 silly tarball no local data for stop-iteration-iterator@https://registry.npmjs.org/stop-iteration-iterator/-/stop-iteration-iterator-1.1.0.tgz. Extracting by manifest.
749 silly tarball no local data for sprintf-js@https://registry.npmjs.org/sprintf-js/-/sprintf-js-1.0.3.tgz. Extracting by manifest.
750 silly tarball no local data for stable-hash@https://registry.npmjs.org/stable-hash/-/stable-hash-0.0.5.tgz. Extracting by manifest.
751 silly tarball no local data for source-map@https://registry.npmjs.org/source-map/-/source-map-0.7.6.tgz. Extracting by manifest.
752 silly tarball no local data for space-separated-tokens@https://registry.npmjs.org/space-separated-tokens/-/space-separated-tokens-2.0.2.tgz. Extracting by manifest.
753 silly tarball no local data for side-channel-weakmap@https://registry.npmjs.org/side-channel-weakmap/-/side-channel-weakmap-1.0.2.tgz. Extracting by manifest.
754 silly tarball no local data for simple-swizzle@https://registry.npmjs.org/simple-swizzle/-/simple-swizzle-0.2.4.tgz. Extracting by manifest.
755 silly tarball no local data for source-map-js@https://registry.npmjs.org/source-map-js/-/source-map-js-1.2.1.tgz. Extracting by manifest.
756 silly tarball no local data for side-channel@https://registry.npmjs.org/side-channel/-/side-channel-1.1.0.tgz. Extracting by manifest.
757 silly tarball no local data for side-channel-list@https://registry.npmjs.org/side-channel-list/-/side-channel-list-1.0.1.tgz. Extracting by manifest.
758 silly tarball no local data for side-channel-map@https://registry.npmjs.org/side-channel-map/-/side-channel-map-1.0.1.tgz. Extracting by manifest.
759 silly tarball no local data for sharp@https://registry.npmjs.org/sharp/-/sharp-0.33.5.tgz. Extracting by manifest.
760 silly tarball no local data for shebang-regex@https://registry.npmjs.org/shebang-regex/-/shebang-regex-3.0.0.tgz. Extracting by manifest.
761 silly tarball no local data for set-function-name@https://registry.npmjs.org/set-function-name/-/set-function-name-2.0.2.tgz. Extracting by manifest.
762 silly tarball no local data for set-function-length@https://registry.npmjs.org/set-function-length/-/set-function-length-1.2.2.tgz. Extracting by manifest.
763 silly tarball no local data for set-proto@https://registry.npmjs.org/set-proto/-/set-proto-1.0.0.tgz. Extracting by manifest.
764 silly tarball no local data for shebang-command@https://registry.npmjs.org/shebang-command/-/shebang-command-2.0.0.tgz. Extracting by manifest.
765 silly tarball no local data for semver@https://registry.npmjs.org/semver/-/semver-7.7.4.tgz. Extracting by manifest.
766 silly tarball no local data for scheduler@https://registry.npmjs.org/scheduler/-/scheduler-0.25.0.tgz. Extracting by manifest.
767 silly tarball no local data for sass@https://registry.npmjs.org/sass/-/sass-1.99.0.tgz. Extracting by manifest.
768 silly tarball no local data for section-matter@https://registry.npmjs.org/section-matter/-/section-matter-1.0.0.tgz. Extracting by manifest.
769 silly tarball no local data for safe-regex-test@https://registry.npmjs.org/safe-regex-test/-/safe-regex-test-1.1.0.tgz. Extracting by manifest.
770 silly tarball no local data for safe-push-apply@https://registry.npmjs.org/safe-push-apply/-/safe-push-apply-1.0.0.tgz. Extracting by manifest.
771 silly tarball no local data for reusify@https://registry.npmjs.org/reusify/-/reusify-1.1.0.tgz. Extracting by manifest.
772 silly tarball no local data for resolve-pkg-maps@https://registry.npmjs.org/resolve-pkg-maps/-/resolve-pkg-maps-1.0.0.tgz. Extracting by manifest.
773 silly tarball no local data for safe-array-concat@https://registry.npmjs.org/safe-array-concat/-/safe-array-concat-1.1.4.tgz. Extracting by manifest.
774 silly tarball no local data for run-parallel@https://registry.npmjs.org/run-parallel/-/run-parallel-1.2.0.tgz. Extracting by manifest.
775 silly tarball no local data for resolve-from@https://registry.npmjs.org/resolve-from/-/resolve-from-4.0.0.tgz. Extracting by manifest.
776 silly tarball no local data for resolve@https://registry.npmjs.org/resolve/-/resolve-2.0.0-next.6.tgz. Extracting by manifest.
777 silly tarball no local data for remark-parse@https://registry.npmjs.org/remark-parse/-/remark-parse-11.0.0.tgz. Extracting by manifest.
778 silly tarball no local data for remark-mdx@https://registry.npmjs.org/remark-mdx/-/remark-mdx-3.1.1.tgz. Extracting by manifest.
779 silly tarball no local data for remark-rehype@https://registry.npmjs.org/remark-rehype/-/remark-rehype-11.1.2.tgz. Extracting by manifest.
780 silly tarball no local data for remark-stringify@https://registry.npmjs.org/remark-stringify/-/remark-stringify-11.0.0.tgz. Extracting by manifest.
781 silly tarball no local data for remark@https://registry.npmjs.org/remark/-/remark-15.0.1.tgz. Extracting by manifest.
782 silly tarball no local data for reflect.getprototypeof@https://registry.npmjs.org/reflect.getprototypeof/-/reflect.getprototypeof-1.0.10.tgz. Extracting by manifest.
783 silly tarball no local data for rehype-recma@https://registry.npmjs.org/rehype-recma/-/rehype-recma-1.0.0.tgz. Extracting by manifest.
784 silly tarball no local data for regexp.prototype.flags@https://registry.npmjs.org/regexp.prototype.flags/-/regexp.prototype.flags-1.5.4.tgz. Extracting by manifest.
785 silly tarball no local data for recma-stringify@https://registry.npmjs.org/recma-stringify/-/recma-stringify-1.0.0.tgz. Extracting by manifest.
786 silly tarball no local data for recma-build-jsx@https://registry.npmjs.org/recma-build-jsx/-/recma-build-jsx-1.0.0.tgz. Extracting by manifest.
787 silly tarball no local data for recma-parse@https://registry.npmjs.org/recma-parse/-/recma-parse-1.0.0.tgz. Extracting by manifest.
788 silly tarball no local data for recma-jsx@https://registry.npmjs.org/recma-jsx/-/recma-jsx-1.0.1.tgz. Extracting by manifest.
789 silly tarball no local data for recharts-scale@https://registry.npmjs.org/recharts-scale/-/recharts-scale-0.4.5.tgz. Extracting by manifest.
790 silly tarball no local data for recharts@https://registry.npmjs.org/recharts/-/recharts-2.15.4.tgz. Extracting by manifest.
791 silly tarball no local data for readdirp@https://registry.npmjs.org/readdirp/-/readdirp-4.1.2.tgz. Extracting by manifest.
792 silly tarball no local data for react-transition-group@https://registry.npmjs.org/react-transition-group/-/react-transition-group-4.4.5.tgz. Extracting by manifest.
793 silly tarball no local data for react-stately@https://registry.npmjs.org/react-stately/-/react-stately-3.46.0.tgz. Extracting by manifest.
794 silly tarball no local data for react-swipeable@https://registry.npmjs.org/react-swipeable/-/react-swipeable-7.0.2.tgz. Extracting by manifest.
795 silly tarball no local data for react-style-singleton@https://registry.npmjs.org/react-style-singleton/-/react-style-singleton-2.2.3.tgz. Extracting by manifest.
796 silly tarball no local data for remark-html@https://registry.npmjs.org/remark-html/-/remark-html-16.0.1.tgz. Extracting by manifest.
797 silly tarball no local data for react-smooth@https://registry.npmjs.org/react-smooth/-/react-smooth-4.0.4.tgz. Extracting by manifest.
798 silly tarball no local data for react-remove-scroll-bar@https://registry.npmjs.org/react-remove-scroll-bar/-/react-remove-scroll-bar-2.3.8.tgz. Extracting by manifest.
799 silly tarball no local data for react-is@https://registry.npmjs.org/react-is/-/react-is-16.13.1.tgz. Extracting by manifest.
800 silly tarball no local data for react-remove-scroll@https://registry.npmjs.org/react-remove-scroll/-/react-remove-scroll-2.7.2.tgz. Extracting by manifest.
801 silly tarball no local data for react-masonry-css@https://registry.npmjs.org/react-masonry-css/-/react-masonry-css-1.0.16.tgz. Extracting by manifest.
802 silly tarball no local data for react@https://registry.npmjs.org/react/-/react-19.0.0.tgz. Extracting by manifest.
803 silly tarball no local data for react-aria@https://registry.npmjs.org/react-aria/-/react-aria-3.48.0.tgz. Extracting by manifest.
804 silly tarball no local data for react-dom@https://registry.npmjs.org/react-dom/-/react-dom-19.0.0.tgz. Extracting by manifest.
805 silly tarball no local data for react-hooks-global-state@https://registry.npmjs.org/react-hooks-global-state/-/react-hooks-global-state-2.1.0.tgz. Extracting by manifest.
806 silly tarball no local data for queue-microtask@https://registry.npmjs.org/queue-microtask/-/queue-microtask-1.2.3.tgz. Extracting by manifest.
807 silly tarball no local data for react-icons@https://registry.npmjs.org/react-icons/-/react-icons-5.6.0.tgz. Extracting by manifest.
808 silly tarball no local data for punycode@https://registry.npmjs.org/punycode/-/punycode-2.3.1.tgz. Extracting by manifest.
809 silly tarball no local data for property-information@https://registry.npmjs.org/property-information/-/property-information-7.1.0.tgz. Extracting by manifest.
810 silly tarball no local data for prop-types@https://registry.npmjs.org/prop-types/-/prop-types-15.8.1.tgz. Extracting by manifest.
811 silly tarball no local data for prelude-ls@https://registry.npmjs.org/prelude-ls/-/prelude-ls-1.2.1.tgz. Extracting by manifest.
812 silly tarball no local data for postcss-value-parser@https://registry.npmjs.org/postcss-value-parser/-/postcss-value-parser-4.2.0.tgz. Extracting by manifest.
813 silly tarball no local data for prismjs@https://registry.npmjs.org/prismjs/-/prismjs-1.30.0.tgz. Extracting by manifest.
814 silly tarball no local data for postcss-selector-parser@https://registry.npmjs.org/postcss-selector-parser/-/postcss-selector-parser-6.1.2.tgz. Extracting by manifest.
815 silly tarball no local data for postcss-selector-not@https://registry.npmjs.org/postcss-selector-not/-/postcss-selector-not-7.0.2.tgz. Extracting by manifest.
816 silly tarball no local data for postcss-replace-overflow-wrap@https://registry.npmjs.org/postcss-replace-overflow-wrap/-/postcss-replace-overflow-wrap-4.0.0.tgz. Extracting by manifest.
817 silly tarball no local data for postcss-pseudo-class-any-link@https://registry.npmjs.org/postcss-pseudo-class-any-link/-/postcss-pseudo-class-any-link-9.0.2.tgz. Extracting by manifest.
818 silly tarball no local data for postcss-preset-env@https://registry.npmjs.org/postcss-preset-env/-/postcss-preset-env-9.6.0.tgz. Extracting by manifest.
819 silly tarball no local data for postcss-place@https://registry.npmjs.org/postcss-place/-/postcss-place-9.0.1.tgz. Extracting by manifest.
820 silly tarball no local data for postcss-page-break@https://registry.npmjs.org/postcss-page-break/-/postcss-page-break-3.0.4.tgz. Extracting by manifest.
821 silly tarball no local data for postcss-overflow-shorthand@https://registry.npmjs.org/postcss-overflow-shorthand/-/postcss-overflow-shorthand-5.0.1.tgz. Extracting by manifest.
822 silly tarball no local data for postcss-nesting@https://registry.npmjs.org/postcss-nesting/-/postcss-nesting-12.1.5.tgz. Extracting by manifest.
823 silly tarball no local data for postcss-opacity-percentage@https://registry.npmjs.org/postcss-opacity-percentage/-/postcss-opacity-percentage-2.0.0.tgz. Extracting by manifest.
824 silly tarball no local data for postcss-logical@https://registry.npmjs.org/postcss-logical/-/postcss-logical-7.0.1.tgz. Extracting by manifest.
825 silly tarball no local data for postcss-lab-function@https://registry.npmjs.org/postcss-lab-function/-/postcss-lab-function-6.0.19.tgz. Extracting by manifest.
826 silly tarball no local data for postcss-image-set-function@https://registry.npmjs.org/postcss-image-set-function/-/postcss-image-set-function-6.0.3.tgz. Extracting by manifest.
827 silly tarball no local data for postcss-gap-properties@https://registry.npmjs.org/postcss-gap-properties/-/postcss-gap-properties-5.0.1.tgz. Extracting by manifest.
828 silly tarball no local data for postcss-focus-within@https://registry.npmjs.org/postcss-focus-within/-/postcss-focus-within-8.0.1.tgz. Extracting by manifest.
829 silly tarball no local data for postcss-font-variant@https://registry.npmjs.org/postcss-font-variant/-/postcss-font-variant-5.0.0.tgz. Extracting by manifest.
830 silly tarball no local data for postcss-focus-visible@https://registry.npmjs.org/postcss-focus-visible/-/postcss-focus-visible-9.0.1.tgz. Extracting by manifest.
831 silly tarball no local data for postcss-flexbugs-fixes@https://registry.npmjs.org/postcss-flexbugs-fixes/-/postcss-flexbugs-fixes-5.0.2.tgz. Extracting by manifest.
832 silly tarball no local data for postcss-double-position-gradients@https://registry.npmjs.org/postcss-double-position-gradients/-/postcss-double-position-gradients-5.0.7.tgz. Extracting by manifest.
833 silly tarball no local data for postcss-dir-pseudo-class@https://registry.npmjs.org/postcss-dir-pseudo-class/-/postcss-dir-pseudo-class-8.0.1.tgz. Extracting by manifest.
834 silly tarball no local data for postcss-custom-selectors@https://registry.npmjs.org/postcss-custom-selectors/-/postcss-custom-selectors-7.1.12.tgz. Extracting by manifest.
835 silly tarball no local data for postcss-custom-properties@https://registry.npmjs.org/postcss-custom-properties/-/postcss-custom-properties-13.3.12.tgz. Extracting by manifest.
836 silly tarball no local data for postcss-custom-media@https://registry.npmjs.org/postcss-custom-media/-/postcss-custom-media-10.0.8.tgz. Extracting by manifest.
837 silly tarball no local data for postcss-color-rebeccapurple@https://registry.npmjs.org/postcss-color-rebeccapurple/-/postcss-color-rebeccapurple-9.0.3.tgz. Extracting by manifest.
838 silly tarball no local data for postcss-color-hex-alpha@https://registry.npmjs.org/postcss-color-hex-alpha/-/postcss-color-hex-alpha-9.0.4.tgz. Extracting by manifest.
839 silly tarball no local data for postcss-color-functional-notation@https://registry.npmjs.org/postcss-color-functional-notation/-/postcss-color-functional-notation-6.0.14.tgz. Extracting by manifest.
840 silly tarball no local data for postcss-clamp@https://registry.npmjs.org/postcss-clamp/-/postcss-clamp-4.1.0.tgz. Extracting by manifest.
841 silly tarball no local data for postcss-attribute-case-insensitive@https://registry.npmjs.org/postcss-attribute-case-insensitive/-/postcss-attribute-case-insensitive-6.0.3.tgz. Extracting by manifest.
842 silly tarball no local data for possible-typed-array-names@https://registry.npmjs.org/possible-typed-array-names/-/possible-typed-array-names-1.1.0.tgz. Extracting by manifest.
843 silly tarball no local data for picomatch@https://registry.npmjs.org/picomatch/-/picomatch-4.0.4.tgz. Extracting by manifest.
844 silly tarball no local data for picocolors@https://registry.npmjs.org/picocolors/-/picocolors-1.1.1.tgz. Extracting by manifest.
845 silly tarball no local data for path-parse@https://registry.npmjs.org/path-parse/-/path-parse-1.0.7.tgz. Extracting by manifest.
846 silly tarball no local data for path-key@https://registry.npmjs.org/path-key/-/path-key-3.1.1.tgz. Extracting by manifest.
847 silly tarball no local data for path-exists@https://registry.npmjs.org/path-exists/-/path-exists-4.0.0.tgz. Extracting by manifest.
848 silly tarball no local data for parent-module@https://registry.npmjs.org/parent-module/-/parent-module-1.0.1.tgz. Extracting by manifest.
849 silly tarball no local data for postcss@https://registry.npmjs.org/postcss/-/postcss-8.5.10.tgz. Extracting by manifest.
850 silly tarball no local data for parse-entities@https://registry.npmjs.org/parse-entities/-/parse-entities-4.0.2.tgz. Extracting by manifest.
851 silly tarball no local data for p-locate@https://registry.npmjs.org/p-locate/-/p-locate-5.0.0.tgz. Extracting by manifest.
852 silly tarball no local data for p-limit@https://registry.npmjs.org/p-limit/-/p-limit-3.1.0.tgz. Extracting by manifest.
853 silly tarball no local data for own-keys@https://registry.npmjs.org/own-keys/-/own-keys-1.0.1.tgz. Extracting by manifest.
854 silly tarball no local data for object.values@https://registry.npmjs.org/object.values/-/object.values-1.2.1.tgz. Extracting by manifest.
855 silly tarball no local data for optionator@https://registry.npmjs.org/optionator/-/optionator-0.9.4.tgz. Extracting by manifest.
856 silly tarball no local data for object.groupby@https://registry.npmjs.org/object.groupby/-/object.groupby-1.0.3.tgz. Extracting by manifest.
857 silly tarball no local data for object.fromentries@https://registry.npmjs.org/object.fromentries/-/object.fromentries-2.0.8.tgz. Extracting by manifest.
858 silly tarball no local data for object.entries@https://registry.npmjs.org/object.entries/-/object.entries-1.1.9.tgz. Extracting by manifest.
859 silly tarball no local data for object.assign@https://registry.npmjs.org/object.assign/-/object.assign-4.1.7.tgz. Extracting by manifest.
860 silly tarball no local data for object-keys@https://registry.npmjs.org/object-keys/-/object-keys-1.1.1.tgz. Extracting by manifest.
861 silly tarball no local data for object-inspect@https://registry.npmjs.org/object-inspect/-/object-inspect-1.13.4.tgz. Extracting by manifest.
862 silly tarball no local data for object-assign@https://registry.npmjs.org/object-assign/-/object-assign-4.1.1.tgz. Extracting by manifest.
863 silly tarball no local data for node-releases@https://registry.npmjs.org/node-releases/-/node-releases-2.0.38.tgz. Extracting by manifest.
864 silly tarball no local data for node-exports-info@https://registry.npmjs.org/node-exports-info/-/node-exports-info-1.6.0.tgz. Extracting by manifest.
865 silly tarball no local data for node-addon-api@https://registry.npmjs.org/node-addon-api/-/node-addon-api-7.1.1.tgz. Extracting by manifest.
866 silly tarball no local data for next-mdx-remote@https://registry.npmjs.org/next-mdx-remote/-/next-mdx-remote-6.0.0.tgz. Extracting by manifest.
867 silly tarball no local data for natural-compare@https://registry.npmjs.org/natural-compare/-/natural-compare-1.4.0.tgz. Extracting by manifest.
868 silly tarball no local data for next@https://registry.npmjs.org/next/-/next-15.5.15.tgz. Extracting by manifest.
869 silly tarball no local data for napi-postinstall@https://registry.npmjs.org/napi-postinstall/-/napi-postinstall-0.3.4.tgz. Extracting by manifest.
870 silly tarball no local data for nanoid@https://registry.npmjs.org/nanoid/-/nanoid-3.3.11.tgz. Extracting by manifest.
871 silly tarball no local data for ms@https://registry.npmjs.org/ms/-/ms-2.1.3.tgz. Extracting by manifest.
872 silly tarball no local data for motion-utils@https://registry.npmjs.org/motion-utils/-/motion-utils-12.36.0.tgz. Extracting by manifest.
873 silly tarball no local data for motion-dom@https://registry.npmjs.org/motion-dom/-/motion-dom-12.38.0.tgz. Extracting by manifest.
874 silly tarball no local data for minimist@https://registry.npmjs.org/minimist/-/minimist-1.2.8.tgz. Extracting by manifest.
875 silly tarball no local data for minimatch@https://registry.npmjs.org/minimatch/-/minimatch-3.1.5.tgz. Extracting by manifest.
876 silly tarball no local data for micromark-util-types@https://registry.npmjs.org/micromark-util-types/-/micromark-util-types-2.0.2.tgz. Extracting by manifest.
877 silly tarball no local data for micromark-util-subtokenize@https://registry.npmjs.org/micromark-util-subtokenize/-/micromark-util-subtokenize-2.1.0.tgz. Extracting by manifest.
878 silly tarball no local data for micromatch@https://registry.npmjs.org/micromatch/-/micromatch-4.0.8.tgz. Extracting by manifest.
879 silly tarball no local data for micromark-util-sanitize-uri@https://registry.npmjs.org/micromark-util-sanitize-uri/-/micromark-util-sanitize-uri-2.0.1.tgz. Extracting by manifest.
880 silly tarball no local data for micromark-util-symbol@https://registry.npmjs.org/micromark-util-symbol/-/micromark-util-symbol-2.0.1.tgz. Extracting by manifest.
881 silly tarball no local data for micromark-util-resolve-all@https://registry.npmjs.org/micromark-util-resolve-all/-/micromark-util-resolve-all-2.0.1.tgz. Extracting by manifest.
882 silly tarball no local data for micromark-util-normalize-identifier@https://registry.npmjs.org/micromark-util-normalize-identifier/-/micromark-util-normalize-identifier-2.0.1.tgz. Extracting by manifest.
883 silly tarball no local data for micromark-util-html-tag-name@https://registry.npmjs.org/micromark-util-html-tag-name/-/micromark-util-html-tag-name-2.0.1.tgz. Extracting by manifest.
884 silly tarball no local data for micromark-util-events-to-acorn@https://registry.npmjs.org/micromark-util-events-to-acorn/-/micromark-util-events-to-acorn-2.0.3.tgz. Extracting by manifest.
885 silly tarball no local data for micromark-util-encode@https://registry.npmjs.org/micromark-util-encode/-/micromark-util-encode-2.0.1.tgz. Extracting by manifest.
886 silly tarball no local data for micromark-util-decode-string@https://registry.npmjs.org/micromark-util-decode-string/-/micromark-util-decode-string-2.0.1.tgz. Extracting by manifest.
887 silly tarball no local data for micromark-util-decode-numeric-character-reference@https://registry.npmjs.org/micromark-util-decode-numeric-character-reference/-/micromark-util-decode-numeric-character-reference-2.0.2.tgz. Extracting by manifest.
888 silly tarball no local data for micromark-util-combine-extensions@https://registry.npmjs.org/micromark-util-combine-extensions/-/micromark-util-combine-extensions-2.0.1.tgz. Extracting by manifest.
889 silly tarball no local data for micromark-util-classify-character@https://registry.npmjs.org/micromark-util-classify-character/-/micromark-util-classify-character-2.0.1.tgz. Extracting by manifest.
890 silly tarball no local data for micromark-util-chunked@https://registry.npmjs.org/micromark-util-chunked/-/micromark-util-chunked-2.0.1.tgz. Extracting by manifest.
891 silly tarball no local data for micromark-factory-whitespace@https://registry.npmjs.org/micromark-factory-whitespace/-/micromark-factory-whitespace-2.0.1.tgz. Extracting by manifest.
892 silly tarball no local data for micromark-util-character@https://registry.npmjs.org/micromark-util-character/-/micromark-util-character-2.1.1.tgz. Extracting by manifest.
893 silly tarball no local data for micromark-factory-title@https://registry.npmjs.org/micromark-factory-title/-/micromark-factory-title-2.0.1.tgz. Extracting by manifest.
894 silly tarball no local data for micromark-factory-space@https://registry.npmjs.org/micromark-factory-space/-/micromark-factory-space-2.0.1.tgz. Extracting by manifest.
895 silly tarball no local data for micromark-factory-mdx-expression@https://registry.npmjs.org/micromark-factory-mdx-expression/-/micromark-factory-mdx-expression-2.0.3.tgz. Extracting by manifest.
896 silly tarball no local data for micromark-factory-label@https://registry.npmjs.org/micromark-factory-label/-/micromark-factory-label-2.0.1.tgz. Extracting by manifest.
897 silly tarball no local data for micromark-extension-mdxjs-esm@https://registry.npmjs.org/micromark-extension-mdxjs-esm/-/micromark-extension-mdxjs-esm-3.0.0.tgz. Extracting by manifest.
898 silly tarball no local data for micromark-extension-mdxjs@https://registry.npmjs.org/micromark-extension-mdxjs/-/micromark-extension-mdxjs-3.0.0.tgz. Extracting by manifest.
899 silly tarball no local data for micromark-extension-mdx-md@https://registry.npmjs.org/micromark-extension-mdx-md/-/micromark-extension-mdx-md-2.0.0.tgz. Extracting by manifest.
900 silly tarball no local data for micromark-core-commonmark@https://registry.npmjs.org/micromark-core-commonmark/-/micromark-core-commonmark-2.0.3.tgz. Extracting by manifest.
901 silly tarball no local data for micromark-extension-mdx-expression@https://registry.npmjs.org/micromark-extension-mdx-expression/-/micromark-extension-mdx-expression-3.0.1.tgz. Extracting by manifest.
902 silly tarball no local data for micromark@https://registry.npmjs.org/micromark/-/micromark-4.0.2.tgz. Extracting by manifest.
903 silly tarball no local data for micromark-extension-mdx-jsx@https://registry.npmjs.org/micromark-extension-mdx-jsx/-/micromark-extension-mdx-jsx-3.0.2.tgz. Extracting by manifest.
904 silly tarball no local data for merge2@https://registry.npmjs.org/merge2/-/merge2-1.4.1.tgz. Extracting by manifest.
905 silly tarball no local data for micromark-factory-destination@https://registry.npmjs.org/micromark-factory-destination/-/micromark-factory-destination-2.0.1.tgz. Extracting by manifest.
906 silly tarball no local data for mdast-util-to-string@https://registry.npmjs.org/mdast-util-to-string/-/mdast-util-to-string-4.0.0.tgz. Extracting by manifest.
907 silly tarball no local data for mdast-util-to-hast@https://registry.npmjs.org/mdast-util-to-hast/-/mdast-util-to-hast-13.2.1.tgz. Extracting by manifest.
908 silly tarball no local data for mdast-util-phrasing@https://registry.npmjs.org/mdast-util-phrasing/-/mdast-util-phrasing-4.1.0.tgz. Extracting by manifest.
909 silly tarball no local data for mdast-util-to-markdown@https://registry.npmjs.org/mdast-util-to-markdown/-/mdast-util-to-markdown-2.1.2.tgz. Extracting by manifest.
910 silly tarball no local data for mdast-util-mdxjs-esm@https://registry.npmjs.org/mdast-util-mdxjs-esm/-/mdast-util-mdxjs-esm-2.0.1.tgz. Extracting by manifest.
911 silly tarball no local data for mdast-util-mdx-jsx@https://registry.npmjs.org/mdast-util-mdx-jsx/-/mdast-util-mdx-jsx-3.2.0.tgz. Extracting by manifest.
912 silly tarball no local data for mdast-util-mdx@https://registry.npmjs.org/mdast-util-mdx/-/mdast-util-mdx-3.0.0.tgz. Extracting by manifest.
913 silly tarball no local data for mdast-util-mdx-expression@https://registry.npmjs.org/mdast-util-mdx-expression/-/mdast-util-mdx-expression-2.0.1.tgz. Extracting by manifest.
914 silly tarball no local data for mdast-util-from-markdown@https://registry.npmjs.org/mdast-util-from-markdown/-/mdast-util-from-markdown-2.0.3.tgz. Extracting by manifest.
915 silly tarball no local data for math-intrinsics@https://registry.npmjs.org/math-intrinsics/-/math-intrinsics-1.1.0.tgz. Extracting by manifest.
916 silly tarball no local data for markdown-extensions@https://registry.npmjs.org/markdown-extensions/-/markdown-extensions-2.0.0.tgz. Extracting by manifest.
917 silly tarball no local data for magic-string@https://registry.npmjs.org/magic-string/-/magic-string-0.30.21.tgz. Extracting by manifest.
918 silly tarball no local data for lucide-react@https://registry.npmjs.org/lucide-react/-/lucide-react-0.509.0.tgz. Extracting by manifest.
919 silly tarball no local data for loose-envify@https://registry.npmjs.org/loose-envify/-/loose-envify-1.4.0.tgz. Extracting by manifest.
920 silly tarball no local data for longest-streak@https://registry.npmjs.org/longest-streak/-/longest-streak-3.1.0.tgz. Extracting by manifest.
921 silly tarball no local data for lodash.merge@https://registry.npmjs.org/lodash.merge/-/lodash.merge-4.6.2.tgz. Extracting by manifest.
922 silly tarball no local data for lodash@https://registry.npmjs.org/lodash/-/lodash-4.18.1.tgz. Extracting by manifest.
923 silly tarball no local data for locate-path@https://registry.npmjs.org/locate-path/-/locate-path-6.0.0.tgz. Extracting by manifest.
924 silly tarball no local data for lightningcss-win32-x64-msvc@https://registry.npmjs.org/lightningcss-win32-x64-msvc/-/lightningcss-win32-x64-msvc-1.32.0.tgz. Extracting by manifest.
925 silly tarball no local data for lightningcss@https://registry.npmjs.org/lightningcss/-/lightningcss-1.32.0.tgz. Extracting by manifest.
926 silly tarball no local data for language-tags@https://registry.npmjs.org/language-tags/-/language-tags-1.0.9.tgz. Extracting by manifest.
927 silly tarball no local data for levn@https://registry.npmjs.org/levn/-/levn-0.4.1.tgz. Extracting by manifest.
928 silly tarball no local data for language-subtag-registry@https://registry.npmjs.org/language-subtag-registry/-/language-subtag-registry-0.3.23.tgz. Extracting by manifest.
929 silly tarball no local data for kind-of@https://registry.npmjs.org/kind-of/-/kind-of-6.0.3.tgz. Extracting by manifest.
930 silly tarball no local data for keyv@https://registry.npmjs.org/keyv/-/keyv-4.5.4.tgz. Extracting by manifest.
931 silly tarball no local data for jsx-ast-utils@https://registry.npmjs.org/jsx-ast-utils/-/jsx-ast-utils-3.3.5.tgz. Extracting by manifest.
932 silly tarball no local data for json5@https://registry.npmjs.org/json5/-/json5-1.0.2.tgz. Extracting by manifest.
933 silly tarball no local data for json-stable-stringify-without-jsonify@https://registry.npmjs.org/json-stable-stringify-without-jsonify/-/json-stable-stringify-without-jsonify-1.0.1.tgz. Extracting by manifest.
934 silly tarball no local data for json-schema-traverse@https://registry.npmjs.org/json-schema-traverse/-/json-schema-traverse-0.4.1.tgz. Extracting by manifest.
935 silly tarball no local data for js-tokens@https://registry.npmjs.org/js-tokens/-/js-tokens-4.0.0.tgz. Extracting by manifest.
936 silly tarball no local data for js-yaml@https://registry.npmjs.org/js-yaml/-/js-yaml-4.1.1.tgz. Extracting by manifest.
937 silly tarball no local data for jiti@https://registry.npmjs.org/jiti/-/jiti-2.6.1.tgz. Extracting by manifest.
938 silly tarball no local data for iterator.prototype@https://registry.npmjs.org/iterator.prototype/-/iterator.prototype-1.1.5.tgz. Extracting by manifest.
939 silly tarball no local data for isexe@https://registry.npmjs.org/isexe/-/isexe-2.0.0.tgz. Extracting by manifest.
940 silly tarball no local data for json-buffer@https://registry.npmjs.org/json-buffer/-/json-buffer-3.0.1.tgz. Extracting by manifest.
941 silly tarball no local data for isarray@https://registry.npmjs.org/isarray/-/isarray-2.0.5.tgz. Extracting by manifest.
942 silly tarball no local data for is-weakset@https://registry.npmjs.org/is-weakset/-/is-weakset-2.0.4.tgz. Extracting by manifest.
943 silly tarball no local data for is-weakref@https://registry.npmjs.org/is-weakref/-/is-weakref-1.1.1.tgz. Extracting by manifest.
944 silly tarball no local data for is-weakmap@https://registry.npmjs.org/is-weakmap/-/is-weakmap-2.0.2.tgz. Extracting by manifest.
945 silly tarball no local data for is-typed-array@https://registry.npmjs.org/is-typed-array/-/is-typed-array-1.1.15.tgz. Extracting by manifest.
946 silly tarball no local data for is-symbol@https://registry.npmjs.org/is-symbol/-/is-symbol-1.1.1.tgz. Extracting by manifest.
947 silly tarball no local data for is-string@https://registry.npmjs.org/is-string/-/is-string-1.1.1.tgz. Extracting by manifest.
948 silly tarball no local data for is-set@https://registry.npmjs.org/is-set/-/is-set-2.0.3.tgz. Extracting by manifest.
949 silly tarball no local data for is-shared-array-buffer@https://registry.npmjs.org/is-shared-array-buffer/-/is-shared-array-buffer-1.0.4.tgz. Extracting by manifest.
950 silly tarball no local data for is-regex@https://registry.npmjs.org/is-regex/-/is-regex-1.2.1.tgz. Extracting by manifest.
951 silly tarball no local data for is-plain-obj@https://registry.npmjs.org/is-plain-obj/-/is-plain-obj-4.1.0.tgz. Extracting by manifest.
952 silly tarball no local data for is-number-object@https://registry.npmjs.org/is-number-object/-/is-number-object-1.1.1.tgz. Extracting by manifest.
953 silly tarball no local data for is-number@https://registry.npmjs.org/is-number/-/is-number-7.0.0.tgz. Extracting by manifest.
954 silly tarball no local data for is-negative-zero@https://registry.npmjs.org/is-negative-zero/-/is-negative-zero-2.0.3.tgz. Extracting by manifest.
955 silly tarball no local data for is-map@https://registry.npmjs.org/is-map/-/is-map-2.0.3.tgz. Extracting by manifest.
956 silly tarball no local data for is-hexadecimal@https://registry.npmjs.org/is-hexadecimal/-/is-hexadecimal-2.0.1.tgz. Extracting by manifest.
957 silly tarball no local data for is-glob@https://registry.npmjs.org/is-glob/-/is-glob-4.0.3.tgz. Extracting by manifest.
958 silly tarball no local data for is-generator-function@https://registry.npmjs.org/is-generator-function/-/is-generator-function-1.1.2.tgz. Extracting by manifest.
959 silly tarball no local data for is-finalizationregistry@https://registry.npmjs.org/is-finalizationregistry/-/is-finalizationregistry-1.1.1.tgz. Extracting by manifest.
960 silly tarball no local data for is-extglob@https://registry.npmjs.org/is-extglob/-/is-extglob-2.1.1.tgz. Extracting by manifest.
961 silly tarball no local data for is-extendable@https://registry.npmjs.org/is-extendable/-/is-extendable-0.1.1.tgz. Extracting by manifest.
962 silly tarball no local data for is-decimal@https://registry.npmjs.org/is-decimal/-/is-decimal-2.0.1.tgz. Extracting by manifest.
963 silly tarball no local data for is-date-object@https://registry.npmjs.org/is-date-object/-/is-date-object-1.1.0.tgz. Extracting by manifest.
964 silly tarball no local data for is-data-view@https://registry.npmjs.org/is-data-view/-/is-data-view-1.0.2.tgz. Extracting by manifest.
965 silly tarball no local data for is-core-module@https://registry.npmjs.org/is-core-module/-/is-core-module-2.16.1.tgz. Extracting by manifest.
966 silly tarball no local data for is-boolean-object@https://registry.npmjs.org/is-boolean-object/-/is-boolean-object-1.2.2.tgz. Extracting by manifest.
967 silly tarball no local data for is-callable@https://registry.npmjs.org/is-callable/-/is-callable-1.2.7.tgz. Extracting by manifest.
968 silly tarball no local data for is-bun-module@https://registry.npmjs.org/is-bun-module/-/is-bun-module-2.0.0.tgz. Extracting by manifest.
969 silly tarball no local data for is-blob@https://registry.npmjs.org/is-blob/-/is-blob-2.1.0.tgz. Extracting by manifest.
970 silly tarball no local data for is-bigint@https://registry.npmjs.org/is-bigint/-/is-bigint-1.1.0.tgz. Extracting by manifest.
971 silly tarball no local data for is-async-function@https://registry.npmjs.org/is-async-function/-/is-async-function-2.1.1.tgz. Extracting by manifest.
972 silly tarball no local data for is-arrayish@https://registry.npmjs.org/is-arrayish/-/is-arrayish-0.3.4.tgz. Extracting by manifest.
973 silly tarball no local data for is-alphanumerical@https://registry.npmjs.org/is-alphanumerical/-/is-alphanumerical-2.0.1.tgz. Extracting by manifest.
974 silly tarball no local data for is-alphabetical@https://registry.npmjs.org/is-alphabetical/-/is-alphabetical-2.0.1.tgz. Extracting by manifest.
975 silly tarball no local data for internmap@https://registry.npmjs.org/internmap/-/internmap-2.0.3.tgz. Extracting by manifest.
976 silly tarball no local data for is-array-buffer@https://registry.npmjs.org/is-array-buffer/-/is-array-buffer-3.0.5.tgz. Extracting by manifest.
977 silly tarball no local data for internal-slot@https://registry.npmjs.org/internal-slot/-/internal-slot-1.1.0.tgz. Extracting by manifest.
978 silly tarball no local data for inline-style-parser@https://registry.npmjs.org/inline-style-parser/-/inline-style-parser-0.2.7.tgz. Extracting by manifest.
979 silly tarball no local data for imurmurhash@https://registry.npmjs.org/imurmurhash/-/imurmurhash-0.1.4.tgz. Extracting by manifest.
980 silly tarball no local data for immutable@https://registry.npmjs.org/immutable/-/immutable-5.1.5.tgz. Extracting by manifest.
981 silly tarball no local data for import-fresh@https://registry.npmjs.org/import-fresh/-/import-fresh-3.3.1.tgz. Extracting by manifest.
982 silly tarball no local data for ignore@https://registry.npmjs.org/ignore/-/ignore-5.3.2.tgz. Extracting by manifest.
983 silly tarball no local data for html-void-elements@https://registry.npmjs.org/html-void-elements/-/html-void-elements-3.0.0.tgz. Extracting by manifest.
984 silly tarball no local data for hast-util-whitespace@https://registry.npmjs.org/hast-util-whitespace/-/hast-util-whitespace-3.0.0.tgz. Extracting by manifest.
985 silly tarball no local data for hast-util-to-jsx-runtime@https://registry.npmjs.org/hast-util-to-jsx-runtime/-/hast-util-to-jsx-runtime-2.3.6.tgz. Extracting by manifest.
986 silly tarball no local data for hast-util-to-html@https://registry.npmjs.org/hast-util-to-html/-/hast-util-to-html-9.0.5.tgz. Extracting by manifest.
987 silly tarball no local data for hast-util-to-estree@https://registry.npmjs.org/hast-util-to-estree/-/hast-util-to-estree-3.1.3.tgz. Extracting by manifest.
988 silly tarball no local data for hast-util-sanitize@https://registry.npmjs.org/hast-util-sanitize/-/hast-util-sanitize-5.0.2.tgz. Extracting by manifest.
989 silly tarball no local data for hasown@https://registry.npmjs.org/hasown/-/hasown-2.0.3.tgz. Extracting by manifest.
990 silly tarball no local data for has-tostringtag@https://registry.npmjs.org/has-tostringtag/-/has-tostringtag-1.0.2.tgz. Extracting by manifest.
991 silly tarball no local data for has-symbols@https://registry.npmjs.org/has-symbols/-/has-symbols-1.1.0.tgz. Extracting by manifest.
992 silly tarball no local data for has-property-descriptors@https://registry.npmjs.org/has-property-descriptors/-/has-property-descriptors-1.0.2.tgz. Extracting by manifest.
993 silly tarball no local data for has-proto@https://registry.npmjs.org/has-proto/-/has-proto-1.2.0.tgz. Extracting by manifest.
994 silly tarball no local data for has-flag@https://registry.npmjs.org/has-flag/-/has-flag-4.0.0.tgz. Extracting by manifest.
995 silly tarball no local data for has-bigints@https://registry.npmjs.org/has-bigints/-/has-bigints-1.1.0.tgz. Extracting by manifest.
996 silly tarball no local data for gray-matter@https://registry.npmjs.org/gray-matter/-/gray-matter-4.0.3.tgz. Extracting by manifest.
997 silly tarball no local data for graceful-fs@https://registry.npmjs.org/graceful-fs/-/graceful-fs-4.2.11.tgz. Extracting by manifest.
998 silly tarball no local data for gopd@https://registry.npmjs.org/gopd/-/gopd-1.2.0.tgz. Extracting by manifest.
999 silly tarball no local data for globalthis@https://registry.npmjs.org/globalthis/-/globalthis-1.0.4.tgz. Extracting by manifest.
1000 silly tarball no local data for globals@https://registry.npmjs.org/globals/-/globals-14.0.0.tgz. Extracting by manifest.
1001 silly tarball no local data for glob-parent@https://registry.npmjs.org/glob-parent/-/glob-parent-6.0.2.tgz. Extracting by manifest.
1002 silly tarball no local data for get-tsconfig@https://registry.npmjs.org/get-tsconfig/-/get-tsconfig-4.14.0.tgz. Extracting by manifest.
1003 silly tarball no local data for get-symbol-description@https://registry.npmjs.org/get-symbol-description/-/get-symbol-description-1.1.0.tgz. Extracting by manifest.
1004 silly tarball no local data for get-proto@https://registry.npmjs.org/get-proto/-/get-proto-1.0.1.tgz. Extracting by manifest.
1005 silly tarball no local data for get-nonce@https://registry.npmjs.org/get-nonce/-/get-nonce-1.0.1.tgz. Extracting by manifest.
1006 silly tarball no local data for get-intrinsic@https://registry.npmjs.org/get-intrinsic/-/get-intrinsic-1.3.0.tgz. Extracting by manifest.
1007 silly tarball no local data for generator-function@https://registry.npmjs.org/generator-function/-/generator-function-2.0.1.tgz. Extracting by manifest.
1008 silly tarball no local data for functions-have-names@https://registry.npmjs.org/functions-have-names/-/functions-have-names-1.2.3.tgz. Extracting by manifest.
1009 silly tarball no local data for function.prototype.name@https://registry.npmjs.org/function.prototype.name/-/function.prototype.name-1.1.8.tgz. Extracting by manifest.
1010 silly tarball no local data for framer-motion@https://registry.npmjs.org/framer-motion/-/framer-motion-12.38.0.tgz. Extracting by manifest.
1011 silly tarball no local data for function-bind@https://registry.npmjs.org/function-bind/-/function-bind-1.1.2.tgz. Extracting by manifest.
1012 silly tarball no local data for fraction.js@https://registry.npmjs.org/fraction.js/-/fraction.js-5.3.4.tgz. Extracting by manifest.
1013 silly tarball no local data for for-each@https://registry.npmjs.org/for-each/-/for-each-0.3.5.tgz. Extracting by manifest.
1014 silly tarball no local data for flatted@https://registry.npmjs.org/flatted/-/flatted-3.4.2.tgz. Extracting by manifest.
1015 silly tarball no local data for flat-cache@https://registry.npmjs.org/flat-cache/-/flat-cache-4.0.1.tgz. Extracting by manifest.
1016 silly tarball no local data for find-up@https://registry.npmjs.org/find-up/-/find-up-5.0.0.tgz. Extracting by manifest.
1017 silly tarball no local data for fill-range@https://registry.npmjs.org/fill-range/-/fill-range-7.1.1.tgz. Extracting by manifest.
1018 silly tarball no local data for file-entry-cache@https://registry.npmjs.org/file-entry-cache/-/file-entry-cache-8.0.0.tgz. Extracting by manifest.
1019 silly tarball no local data for fdir@https://registry.npmjs.org/fdir/-/fdir-6.5.0.tgz. Extracting by manifest.
1020 silly tarball no local data for fast-levenshtein@https://registry.npmjs.org/fast-levenshtein/-/fast-levenshtein-2.0.6.tgz. Extracting by manifest.
1021 silly tarball no local data for fast-json-stable-stringify@https://registry.npmjs.org/fast-json-stable-stringify/-/fast-json-stable-stringify-2.1.0.tgz. Extracting by manifest.
1022 silly tarball no local data for fast-equals@https://registry.npmjs.org/fast-equals/-/fast-equals-5.4.0.tgz. Extracting by manifest.
1023 silly tarball no local data for fast-deep-equal@https://registry.npmjs.org/fast-deep-equal/-/fast-deep-equal-3.1.3.tgz. Extracting by manifest.
1024 silly tarball no local data for extend-shallow@https://registry.npmjs.org/extend-shallow/-/extend-shallow-2.0.1.tgz. Extracting by manifest.
1025 silly tarball no local data for fast-glob@https://registry.npmjs.org/fast-glob/-/fast-glob-3.3.1.tgz. Extracting by manifest.
1026 silly tarball no local data for extend@https://registry.npmjs.org/extend/-/extend-3.0.2.tgz. Extracting by manifest.
1027 silly tarball no local data for eventemitter3@https://registry.npmjs.org/eventemitter3/-/eventemitter3-4.0.7.tgz. Extracting by manifest.
1028 silly tarball no local data for esutils@https://registry.npmjs.org/esutils/-/esutils-2.0.3.tgz. Extracting by manifest.
1029 silly tarball no local data for estree-walker@https://registry.npmjs.org/estree-walker/-/estree-walker-3.0.3.tgz. Extracting by manifest.
1030 silly tarball no local data for estree-util-visit@https://registry.npmjs.org/estree-util-visit/-/estree-util-visit-2.0.0.tgz. Extracting by manifest.
1031 silly tarball no local data for estree-util-is-identifier-name@https://registry.npmjs.org/estree-util-is-identifier-name/-/estree-util-is-identifier-name-3.0.0.tgz. Extracting by manifest.
1032 silly tarball no local data for estree-util-build-jsx@https://registry.npmjs.org/estree-util-build-jsx/-/estree-util-build-jsx-3.0.1.tgz. Extracting by manifest.
1033 silly tarball no local data for estree-util-scope@https://registry.npmjs.org/estree-util-scope/-/estree-util-scope-1.0.0.tgz. Extracting by manifest.
1034 silly tarball no local data for estree-util-to-js@https://registry.npmjs.org/estree-util-to-js/-/estree-util-to-js-2.0.0.tgz. Extracting by manifest.
1035 silly tarball no local data for estree-util-attach-comments@https://registry.npmjs.org/estree-util-attach-comments/-/estree-util-attach-comments-3.0.0.tgz. Extracting by manifest.
1036 silly tarball no local data for fastq@https://registry.npmjs.org/fastq/-/fastq-1.20.1.tgz. Extracting by manifest.
1037 silly tarball no local data for esrecurse@https://registry.npmjs.org/esrecurse/-/esrecurse-4.3.0.tgz. Extracting by manifest.
1038 silly tarball no local data for estraverse@https://registry.npmjs.org/estraverse/-/estraverse-5.3.0.tgz. Extracting by manifest.
1039 silly tarball no local data for esquery@https://registry.npmjs.org/esquery/-/esquery-1.7.0.tgz. Extracting by manifest.
1040 silly tarball no local data for esprima@https://registry.npmjs.org/esprima/-/esprima-4.0.1.tgz. Extracting by manifest.
1041 silly tarball no local data for eslint-plugin-react-hooks@https://registry.npmjs.org/eslint-plugin-react-hooks/-/eslint-plugin-react-hooks-5.2.0.tgz. Extracting by manifest.
1042 silly tarball no local data for eslint-scope@https://registry.npmjs.org/eslint-scope/-/eslint-scope-8.4.0.tgz. Extracting by manifest.
1043 silly tarball no local data for eslint-plugin-react@https://registry.npmjs.org/eslint-plugin-react/-/eslint-plugin-react-7.37.5.tgz. Extracting by manifest.
1044 silly tarball no local data for eslint-plugin-jsx-a11y@https://registry.npmjs.org/eslint-plugin-jsx-a11y/-/eslint-plugin-jsx-a11y-6.10.2.tgz. Extracting by manifest.
1045 silly tarball no local data for eslint-plugin-import@https://registry.npmjs.org/eslint-plugin-import/-/eslint-plugin-import-2.32.0.tgz. Extracting by manifest.
1046 silly tarball no local data for eslint-visitor-keys@https://registry.npmjs.org/eslint-visitor-keys/-/eslint-visitor-keys-4.2.1.tgz. Extracting by manifest.
1047 silly tarball no local data for eslint-module-utils@https://registry.npmjs.org/eslint-module-utils/-/eslint-module-utils-2.12.1.tgz. Extracting by manifest.
1048 silly tarball no local data for espree@https://registry.npmjs.org/espree/-/espree-10.4.0.tgz. Extracting by manifest.
1049 silly tarball no local data for eslint-import-resolver-typescript@https://registry.npmjs.org/eslint-import-resolver-typescript/-/eslint-import-resolver-typescript-3.10.1.tgz. Extracting by manifest.
1050 silly tarball no local data for eslint-config-next@https://registry.npmjs.org/eslint-config-next/-/eslint-config-next-15.5.15.tgz. Extracting by manifest.
1051 silly tarball no local data for eslint@https://registry.npmjs.org/eslint/-/eslint-9.39.4.tgz. Extracting by manifest.
1052 silly tarball no local data for escalade@https://registry.npmjs.org/escalade/-/escalade-3.2.0.tgz. Extracting by manifest.
1053 silly tarball no local data for escape-string-regexp@https://registry.npmjs.org/escape-string-regexp/-/escape-string-regexp-4.0.0.tgz. Extracting by manifest.
1054 silly tarball no local data for esast-util-from-js@https://registry.npmjs.org/esast-util-from-js/-/esast-util-from-js-2.0.1.tgz. Extracting by manifest.
1055 silly tarball no local data for esast-util-from-estree@https://registry.npmjs.org/esast-util-from-estree/-/esast-util-from-estree-2.0.0.tgz. Extracting by manifest.
1056 silly tarball no local data for es-to-primitive@https://registry.npmjs.org/es-to-primitive/-/es-to-primitive-1.3.0.tgz. Extracting by manifest.
1057 silly tarball no local data for es-shim-unscopables@https://registry.npmjs.org/es-shim-unscopables/-/es-shim-unscopables-1.1.0.tgz. Extracting by manifest.
1058 silly tarball no local data for eslint-import-resolver-node@https://registry.npmjs.org/eslint-import-resolver-node/-/eslint-import-resolver-node-0.3.10.tgz. Extracting by manifest.
1059 silly tarball no local data for es-set-tostringtag@https://registry.npmjs.org/es-set-tostringtag/-/es-set-tostringtag-2.1.0.tgz. Extracting by manifest.
1060 silly tarball no local data for es-object-atoms@https://registry.npmjs.org/es-object-atoms/-/es-object-atoms-1.1.1.tgz. Extracting by manifest.
1061 silly tarball no local data for es-iterator-helpers@https://registry.npmjs.org/es-iterator-helpers/-/es-iterator-helpers-1.3.2.tgz. Extracting by manifest.
1062 silly tarball no local data for es-errors@https://registry.npmjs.org/es-errors/-/es-errors-1.3.0.tgz. Extracting by manifest.
1063 silly tarball no local data for es-define-property@https://registry.npmjs.org/es-define-property/-/es-define-property-1.0.1.tgz. Extracting by manifest.
1064 silly tarball no local data for es-abstract@https://registry.npmjs.org/es-abstract/-/es-abstract-1.24.2.tgz. Extracting by manifest.
1065 silly tarball no local data for enhanced-resolve@https://registry.npmjs.org/enhanced-resolve/-/enhanced-resolve-5.21.0.tgz. Extracting by manifest.
1066 silly tarball no local data for emoji-regex@https://registry.npmjs.org/emoji-regex/-/emoji-regex-9.2.2.tgz. Extracting by manifest.
1067 silly tarball no local data for electron-to-chromium@https://registry.npmjs.org/electron-to-chromium/-/electron-to-chromium-1.5.344.tgz. Extracting by manifest.
1068 silly tarball no local data for dunder-proto@https://registry.npmjs.org/dunder-proto/-/dunder-proto-1.0.1.tgz. Extracting by manifest.
1069 silly tarball no local data for dom-helpers@https://registry.npmjs.org/dom-helpers/-/dom-helpers-5.2.1.tgz. Extracting by manifest.
1070 silly tarball no local data for doctrine@https://registry.npmjs.org/doctrine/-/doctrine-2.1.0.tgz. Extracting by manifest.
1071 silly tarball no local data for devlop@https://registry.npmjs.org/devlop/-/devlop-1.1.0.tgz. Extracting by manifest.
1072 silly tarball no local data for detect-libc@https://registry.npmjs.org/detect-libc/-/detect-libc-2.1.2.tgz. Extracting by manifest.
1073 silly tarball no local data for detect-node-es@https://registry.npmjs.org/detect-node-es/-/detect-node-es-1.1.0.tgz. Extracting by manifest.
1074 silly tarball no local data for dequal@https://registry.npmjs.org/dequal/-/dequal-2.0.3.tgz. Extracting by manifest.
1075 silly tarball no local data for define-properties@https://registry.npmjs.org/define-properties/-/define-properties-1.2.1.tgz. Extracting by manifest.
1076 silly tarball no local data for define-data-property@https://registry.npmjs.org/define-data-property/-/define-data-property-1.1.4.tgz. Extracting by manifest.
1077 silly tarball no local data for deep-is@https://registry.npmjs.org/deep-is/-/deep-is-0.1.4.tgz. Extracting by manifest.
1078 silly tarball no local data for decode-named-character-reference@https://registry.npmjs.org/decode-named-character-reference/-/decode-named-character-reference-1.3.0.tgz. Extracting by manifest.
1079 silly tarball no local data for decimal.js-light@https://registry.npmjs.org/decimal.js-light/-/decimal.js-light-2.5.1.tgz. Extracting by manifest.
1080 silly tarball no local data for debug@https://registry.npmjs.org/debug/-/debug-4.4.3.tgz. Extracting by manifest.
1081 silly tarball no local data for date-fns@https://registry.npmjs.org/date-fns/-/date-fns-4.1.0.tgz. Extracting by manifest.
1082 silly tarball no local data for data-view-byte-offset@https://registry.npmjs.org/data-view-byte-offset/-/data-view-byte-offset-1.0.1.tgz. Extracting by manifest.
1083 silly tarball no local data for data-view-byte-length@https://registry.npmjs.org/data-view-byte-length/-/data-view-byte-length-1.0.2.tgz. Extracting by manifest.
1084 silly tarball no local data for data-view-buffer@https://registry.npmjs.org/data-view-buffer/-/data-view-buffer-1.0.2.tgz. Extracting by manifest.
1085 silly tarball no local data for damerau-levenshtein@https://registry.npmjs.org/damerau-levenshtein/-/damerau-levenshtein-1.0.8.tgz. Extracting by manifest.
1086 silly tarball no local data for d3-time-format@https://registry.npmjs.org/d3-time-format/-/d3-time-format-4.1.0.tgz. Extracting by manifest.
1087 silly tarball no local data for d3-time@https://registry.npmjs.org/d3-time/-/d3-time-3.1.0.tgz. Extracting by manifest.
1088 silly tarball no local data for d3-shape@https://registry.npmjs.org/d3-shape/-/d3-shape-3.2.0.tgz. Extracting by manifest.
1089 silly tarball no local data for d3-timer@https://registry.npmjs.org/d3-timer/-/d3-timer-3.0.1.tgz. Extracting by manifest.
1090 silly tarball no local data for d3-path@https://registry.npmjs.org/d3-path/-/d3-path-3.1.0.tgz. Extracting by manifest.
1091 silly tarball no local data for d3-interpolate@https://registry.npmjs.org/d3-interpolate/-/d3-interpolate-3.0.1.tgz. Extracting by manifest.
1092 silly tarball no local data for d3-format@https://registry.npmjs.org/d3-format/-/d3-format-3.1.2.tgz. Extracting by manifest.
1093 silly tarball no local data for d3-ease@https://registry.npmjs.org/d3-ease/-/d3-ease-3.0.1.tgz. Extracting by manifest.
1094 silly tarball no local data for d3-color@https://registry.npmjs.org/d3-color/-/d3-color-3.1.0.tgz. Extracting by manifest.
1095 silly tarball no local data for d3-array@https://registry.npmjs.org/d3-array/-/d3-array-3.2.4.tgz. Extracting by manifest.
1096 silly tarball no local data for csstype@https://registry.npmjs.org/csstype/-/csstype-3.2.3.tgz. Extracting by manifest.
1097 silly tarball no local data for d3-scale@https://registry.npmjs.org/d3-scale/-/d3-scale-4.0.2.tgz. Extracting by manifest.
1098 silly tarball no local data for cssesc@https://registry.npmjs.org/cssesc/-/cssesc-3.0.0.tgz. Extracting by manifest.
1099 silly tarball no local data for cssdb@https://registry.npmjs.org/cssdb/-/cssdb-8.8.0.tgz. Extracting by manifest.
1100 silly tarball no local data for css-prefers-color-scheme@https://registry.npmjs.org/css-prefers-color-scheme/-/css-prefers-color-scheme-9.0.1.tgz. Extracting by manifest.
1101 silly tarball no local data for css-has-pseudo@https://registry.npmjs.org/css-has-pseudo/-/css-has-pseudo-6.0.5.tgz. Extracting by manifest.
1102 silly tarball no local data for css-blank-pseudo@https://registry.npmjs.org/css-blank-pseudo/-/css-blank-pseudo-6.0.2.tgz. Extracting by manifest.
1103 silly tarball no local data for cross-spawn@https://registry.npmjs.org/cross-spawn/-/cross-spawn-7.0.6.tgz. Extracting by manifest.
1104 silly tarball no local data for cookie@https://registry.npmjs.org/cookie/-/cookie-1.1.1.tgz. Extracting by manifest.
1105 silly tarball no local data for concat-map@https://registry.npmjs.org/concat-map/-/concat-map-0.0.1.tgz. Extracting by manifest.
1106 silly tarball no local data for compressorjs@https://registry.npmjs.org/compressorjs/-/compressorjs-1.3.0.tgz. Extracting by manifest.
1107 silly tarball no local data for comma-separated-tokens@https://registry.npmjs.org/comma-separated-tokens/-/comma-separated-tokens-2.0.3.tgz. Extracting by manifest.
1108 silly tarball no local data for color-string@https://registry.npmjs.org/color-string/-/color-string-1.9.1.tgz. Extracting by manifest.
1109 silly tarball no local data for color-name@https://registry.npmjs.org/color-name/-/color-name-1.1.4.tgz. Extracting by manifest.
1110 silly tarball no local data for color-convert@https://registry.npmjs.org/color-convert/-/color-convert-2.0.1.tgz. Extracting by manifest.
1111 silly tarball no local data for color@https://registry.npmjs.org/color/-/color-4.2.3.tgz. Extracting by manifest.
1112 silly tarball no local data for collapse-white-space@https://registry.npmjs.org/collapse-white-space/-/collapse-white-space-2.1.0.tgz. Extracting by manifest.
1113 silly tarball no local data for cloudinary@https://registry.npmjs.org/cloudinary/-/cloudinary-2.9.0.tgz. Extracting by manifest.
1114 silly tarball no local data for clsx@https://registry.npmjs.org/clsx/-/clsx-2.1.1.tgz. Extracting by manifest.
1115 silly tarball no local data for client-only@https://registry.npmjs.org/client-only/-/client-only-0.0.1.tgz. Extracting by manifest.
1116 silly tarball no local data for classnames@https://registry.npmjs.org/classnames/-/classnames-2.5.1.tgz. Extracting by manifest.
1117 silly tarball no local data for character-reference-invalid@https://registry.npmjs.org/character-reference-invalid/-/character-reference-invalid-2.0.1.tgz. Extracting by manifest.
1118 silly tarball no local data for class-variance-authority@https://registry.npmjs.org/class-variance-authority/-/class-variance-authority-0.7.1.tgz. Extracting by manifest.
1119 silly tarball no local data for chokidar@https://registry.npmjs.org/chokidar/-/chokidar-4.0.3.tgz. Extracting by manifest.
1120 silly tarball no local data for character-entities-legacy@https://registry.npmjs.org/character-entities-legacy/-/character-entities-legacy-3.0.0.tgz. Extracting by manifest.
1121 silly tarball no local data for character-entities-html4@https://registry.npmjs.org/character-entities-html4/-/character-entities-html4-2.1.0.tgz. Extracting by manifest.
1122 silly tarball no local data for character-entities@https://registry.npmjs.org/character-entities/-/character-entities-2.0.2.tgz. Extracting by manifest.
1123 silly tarball no local data for chalk@https://registry.npmjs.org/chalk/-/chalk-4.1.2.tgz. Extracting by manifest.
1124 silly tarball no local data for ccount@https://registry.npmjs.org/ccount/-/ccount-2.0.1.tgz. Extracting by manifest.
1125 silly tarball no local data for caniuse-lite@https://registry.npmjs.org/caniuse-lite/-/caniuse-lite-1.0.30001790.tgz. Extracting by manifest.
1126 silly tarball no local data for callsites@https://registry.npmjs.org/callsites/-/callsites-3.1.0.tgz. Extracting by manifest.
1127 silly tarball no local data for call-bound@https://registry.npmjs.org/call-bound/-/call-bound-1.0.4.tgz. Extracting by manifest.
1128 silly tarball no local data for call-bind-apply-helpers@https://registry.npmjs.org/call-bind-apply-helpers/-/call-bind-apply-helpers-1.0.2.tgz. Extracting by manifest.
1129 silly tarball no local data for call-bind@https://registry.npmjs.org/call-bind/-/call-bind-1.0.9.tgz. Extracting by manifest.
1130 silly tarball no local data for browserslist@https://registry.npmjs.org/browserslist/-/browserslist-4.28.2.tgz. Extracting by manifest.
1131 silly tarball no local data for braces@https://registry.npmjs.org/braces/-/braces-3.0.3.tgz. Extracting by manifest.
1132 silly tarball no local data for brace-expansion@https://registry.npmjs.org/brace-expansion/-/brace-expansion-1.1.14.tgz. Extracting by manifest.
1133 silly tarball no local data for blueimp-canvas-to-blob@https://registry.npmjs.org/blueimp-canvas-to-blob/-/blueimp-canvas-to-blob-3.29.0.tgz. Extracting by manifest.
1134 silly tarball no local data for baseline-browser-mapping@https://registry.npmjs.org/baseline-browser-mapping/-/baseline-browser-mapping-2.10.21.tgz. Extracting by manifest.
1135 silly tarball no local data for balanced-match@https://registry.npmjs.org/balanced-match/-/balanced-match-1.0.2.tgz. Extracting by manifest.
1136 silly tarball no local data for bail@https://registry.npmjs.org/bail/-/bail-2.0.2.tgz. Extracting by manifest.
1137 silly tarball no local data for axobject-query@https://registry.npmjs.org/axobject-query/-/axobject-query-4.1.0.tgz. Extracting by manifest.
1138 silly tarball no local data for axe-core@https://registry.npmjs.org/axe-core/-/axe-core-4.11.3.tgz. Extracting by manifest.
1139 silly tarball no local data for autoprefixer@https://registry.npmjs.org/autoprefixer/-/autoprefixer-10.5.0.tgz. Extracting by manifest.
1140 silly tarball no local data for available-typed-arrays@https://registry.npmjs.org/available-typed-arrays/-/available-typed-arrays-1.0.7.tgz. Extracting by manifest.
1141 silly tarball no local data for async-function@https://registry.npmjs.org/async-function/-/async-function-1.0.0.tgz. Extracting by manifest.
1142 silly tarball no local data for astring@https://registry.npmjs.org/astring/-/astring-1.9.0.tgz. Extracting by manifest.
1143 silly tarball no local data for ast-types-flow@https://registry.npmjs.org/ast-types-flow/-/ast-types-flow-0.0.8.tgz. Extracting by manifest.
1144 silly tarball no local data for arraybuffer.prototype.slice@https://registry.npmjs.org/arraybuffer.prototype.slice/-/arraybuffer.prototype.slice-1.0.4.tgz. Extracting by manifest.
1145 silly tarball no local data for array.prototype.tosorted@https://registry.npmjs.org/array.prototype.tosorted/-/array.prototype.tosorted-1.1.4.tgz. Extracting by manifest.
1146 silly tarball no local data for array.prototype.flatmap@https://registry.npmjs.org/array.prototype.flatmap/-/array.prototype.flatmap-1.3.3.tgz. Extracting by manifest.
1147 silly tarball no local data for array.prototype.flat@https://registry.npmjs.org/array.prototype.flat/-/array.prototype.flat-1.3.3.tgz. Extracting by manifest.
1148 silly tarball no local data for array.prototype.findlastindex@https://registry.npmjs.org/array.prototype.findlastindex/-/array.prototype.findlastindex-1.2.6.tgz. Extracting by manifest.
1149 silly tarball no local data for array.prototype.findlast@https://registry.npmjs.org/array.prototype.findlast/-/array.prototype.findlast-1.2.5.tgz. Extracting by manifest.
1150 silly tarball no local data for array-includes@https://registry.npmjs.org/array-includes/-/array-includes-3.1.9.tgz. Extracting by manifest.
1151 silly tarball no local data for aria-query@https://registry.npmjs.org/aria-query/-/aria-query-5.3.2.tgz. Extracting by manifest.
1152 silly tarball no local data for array-buffer-byte-length@https://registry.npmjs.org/array-buffer-byte-length/-/array-buffer-byte-length-1.0.2.tgz. Extracting by manifest.
1153 silly tarball no local data for aria-hidden@https://registry.npmjs.org/aria-hidden/-/aria-hidden-1.2.6.tgz. Extracting by manifest.
1154 silly tarball no local data for argparse@https://registry.npmjs.org/argparse/-/argparse-2.0.1.tgz. Extracting by manifest.
1155 silly tarball no local data for ansi-styles@https://registry.npmjs.org/ansi-styles/-/ansi-styles-4.3.0.tgz. Extracting by manifest.
1156 silly tarball no local data for ajv@https://registry.npmjs.org/ajv/-/ajv-6.15.0.tgz. Extracting by manifest.
1157 silly tarball no local data for acorn-jsx@https://registry.npmjs.org/acorn-jsx/-/acorn-jsx-5.3.2.tgz. Extracting by manifest.
1158 silly tarball no local data for acorn@https://registry.npmjs.org/acorn/-/acorn-8.16.0.tgz. Extracting by manifest.
1159 silly tarball no local data for @unrs/resolver-binding-win32-x64-msvc@https://registry.npmjs.org/@unrs/resolver-binding-win32-x64-msvc/-/resolver-binding-win32-x64-msvc-1.11.1.tgz. Extracting by manifest.
1160 silly tarball no local data for @ungap/structured-clone@https://registry.npmjs.org/@ungap/structured-clone/-/structured-clone-1.3.0.tgz. Extracting by manifest.
1161 silly tarball no local data for @typescript-eslint/visitor-keys@https://registry.npmjs.org/@typescript-eslint/visitor-keys/-/visitor-keys-8.59.0.tgz. Extracting by manifest.
1162 silly tarball no local data for @typescript-eslint/utils@https://registry.npmjs.org/@typescript-eslint/utils/-/utils-8.59.0.tgz. Extracting by manifest.
1163 silly tarball no local data for @typescript-eslint/typescript-estree@https://registry.npmjs.org/@typescript-eslint/typescript-estree/-/typescript-estree-8.59.0.tgz. Extracting by manifest.
1164 silly tarball no local data for @typescript-eslint/types@https://registry.npmjs.org/@typescript-eslint/types/-/types-8.59.0.tgz. Extracting by manifest.
1165 silly tarball no local data for @typescript-eslint/type-utils@https://registry.npmjs.org/@typescript-eslint/type-utils/-/type-utils-8.59.0.tgz. Extracting by manifest.
1166 silly tarball no local data for @typescript-eslint/tsconfig-utils@https://registry.npmjs.org/@typescript-eslint/tsconfig-utils/-/tsconfig-utils-8.59.0.tgz. Extracting by manifest.
1167 silly tarball no local data for @typescript-eslint/scope-manager@https://registry.npmjs.org/@typescript-eslint/scope-manager/-/scope-manager-8.59.0.tgz. Extracting by manifest.
1168 silly tarball no local data for @typescript-eslint/project-service@https://registry.npmjs.org/@typescript-eslint/project-service/-/project-service-8.59.0.tgz. Extracting by manifest.
1169 silly tarball no local data for @typescript-eslint/parser@https://registry.npmjs.org/@typescript-eslint/parser/-/parser-8.59.0.tgz. Extracting by manifest.
1170 silly tarball no local data for @typescript-eslint/eslint-plugin@https://registry.npmjs.org/@typescript-eslint/eslint-plugin/-/eslint-plugin-8.59.0.tgz. Extracting by manifest.
1171 silly tarball no local data for @types/unist@https://registry.npmjs.org/@types/unist/-/unist-3.0.3.tgz. Extracting by manifest.
1172 silly tarball no local data for @types/react-dom@https://registry.npmjs.org/@types/react-dom/-/react-dom-18.3.7.tgz. Extracting by manifest.
1173 silly tarball no local data for @types/react@https://registry.npmjs.org/@types/react/-/react-18.3.28.tgz. Extracting by manifest.
1174 silly tarball no local data for @types/ms@https://registry.npmjs.org/@types/ms/-/ms-2.1.0.tgz. Extracting by manifest.
1175 silly tarball no local data for @types/prop-types@https://registry.npmjs.org/@types/prop-types/-/prop-types-15.7.15.tgz. Extracting by manifest.
1176 silly tarball no local data for @types/mdx@https://registry.npmjs.org/@types/mdx/-/mdx-2.0.13.tgz. Extracting by manifest.
1177 silly tarball no local data for @types/mdast@https://registry.npmjs.org/@types/mdast/-/mdast-4.0.4.tgz. Extracting by manifest.
1178 silly tarball no local data for @types/json-schema@https://registry.npmjs.org/@types/json-schema/-/json-schema-7.0.15.tgz. Extracting by manifest.
1179 silly tarball no local data for @types/json5@https://registry.npmjs.org/@types/json5/-/json5-0.0.29.tgz. Extracting by manifest.
1180 silly tarball no local data for @types/node@https://registry.npmjs.org/@types/node/-/node-20.19.39.tgz. Extracting by manifest.
1181 silly tarball no local data for @types/hast@https://registry.npmjs.org/@types/hast/-/hast-3.0.4.tgz. Extracting by manifest.
1182 silly tarball no local data for @types/estree-jsx@https://registry.npmjs.org/@types/estree-jsx/-/estree-jsx-1.0.5.tgz. Extracting by manifest.
1183 silly tarball no local data for @types/d3-time@https://registry.npmjs.org/@types/d3-time/-/d3-time-3.0.4.tgz. Extracting by manifest.
1184 silly tarball no local data for @types/estree@https://registry.npmjs.org/@types/estree/-/estree-1.0.8.tgz. Extracting by manifest.
1185 silly tarball no local data for @types/d3-timer@https://registry.npmjs.org/@types/d3-timer/-/d3-timer-3.0.2.tgz. Extracting by manifest.
1186 silly tarball no local data for @types/d3-shape@https://registry.npmjs.org/@types/d3-shape/-/d3-shape-3.1.8.tgz. Extracting by manifest.
1187 silly tarball no local data for @types/d3-path@https://registry.npmjs.org/@types/d3-path/-/d3-path-3.1.1.tgz. Extracting by manifest.
1188 silly tarball no local data for @types/debug@https://registry.npmjs.org/@types/debug/-/debug-4.1.13.tgz. Extracting by manifest.
1189 silly tarball no local data for @types/d3-scale@https://registry.npmjs.org/@types/d3-scale/-/d3-scale-4.0.9.tgz. Extracting by manifest.
1190 silly tarball no local data for @types/d3-interpolate@https://registry.npmjs.org/@types/d3-interpolate/-/d3-interpolate-3.0.4.tgz. Extracting by manifest.
1191 silly tarball no local data for @types/d3-ease@https://registry.npmjs.org/@types/d3-ease/-/d3-ease-3.0.2.tgz. Extracting by manifest.
1192 silly tarball no local data for @types/d3-color@https://registry.npmjs.org/@types/d3-color/-/d3-color-3.1.3.tgz. Extracting by manifest.
1193 silly tarball no local data for @types/cookie@https://registry.npmjs.org/@types/cookie/-/cookie-0.6.0.tgz. Extracting by manifest.
1194 silly tarball no local data for @types/d3-array@https://registry.npmjs.org/@types/d3-array/-/d3-array-3.2.2.tgz. Extracting by manifest.
1195 silly tarball no local data for @turbo/windows-64@https://registry.npmjs.org/@turbo/windows-64/-/windows-64-2.9.6.tgz. Extracting by manifest.
1196 silly tarball no local data for @tanstack/react-virtual@https://registry.npmjs.org/@tanstack/react-virtual/-/react-virtual-3.13.24.tgz. Extracting by manifest.
1197 silly tarball no local data for @tanstack/virtual-core@https://registry.npmjs.org/@tanstack/virtual-core/-/virtual-core-3.14.0.tgz. Extracting by manifest.
1198 silly tarball no local data for @tailwindcss/oxide@https://registry.npmjs.org/@tailwindcss/oxide/-/oxide-4.2.4.tgz. Extracting by manifest.
1199 silly tarball no local data for @tailwindcss/node@https://registry.npmjs.org/@tailwindcss/node/-/node-4.2.4.tgz. Extracting by manifest.
1200 silly tarball no local data for @tailwindcss/postcss@https://registry.npmjs.org/@tailwindcss/postcss/-/postcss-4.2.4.tgz. Extracting by manifest.
1201 silly tarball no local data for @swc/helpers@https://registry.npmjs.org/@swc/helpers/-/helpers-0.5.21.tgz. Extracting by manifest.
1202 silly tarball no local data for @rtsao/scc@https://registry.npmjs.org/@rtsao/scc/-/scc-1.1.0.tgz. Extracting by manifest.
1203 silly tarball no local data for @rushstack/eslint-patch@https://registry.npmjs.org/@rushstack/eslint-patch/-/eslint-patch-1.16.1.tgz. Extracting by manifest.
1204 silly tarball no local data for @react-types/shared@https://registry.npmjs.org/@react-types/shared/-/shared-3.34.0.tgz. Extracting by manifest.
1205 silly tarball no local data for @react-aria/focus@https://registry.npmjs.org/@react-aria/focus/-/focus-3.22.0.tgz. Extracting by manifest.
1206 silly tarball no local data for @radix-ui/react-visually-hidden@https://registry.npmjs.org/@radix-ui/react-visually-hidden/-/react-visually-hidden-1.2.4.tgz. Extracting by manifest.
1207 silly tarball no local data for @react-aria/interactions@https://registry.npmjs.org/@react-aria/interactions/-/interactions-3.28.0.tgz. Extracting by manifest.
1208 silly tarball no local data for @radix-ui/react-use-layout-effect@https://registry.npmjs.org/@radix-ui/react-use-layout-effect/-/react-use-layout-effect-1.1.1.tgz. Extracting by manifest.
1209 silly tarball no local data for @radix-ui/react-use-effect-event@https://registry.npmjs.org/@radix-ui/react-use-effect-event/-/react-use-effect-event-0.0.2.tgz. Extracting by manifest.
1210 silly tarball no local data for @radix-ui/react-use-escape-keydown@https://registry.npmjs.org/@radix-ui/react-use-escape-keydown/-/react-use-escape-keydown-1.1.1.tgz. Extracting by manifest.
1211 silly tarball no local data for @radix-ui/react-use-controllable-state@https://registry.npmjs.org/@radix-ui/react-use-controllable-state/-/react-use-controllable-state-1.2.2.tgz. Extracting by manifest.
1212 silly tarball no local data for @radix-ui/react-slot@https://registry.npmjs.org/@radix-ui/react-slot/-/react-slot-1.2.4.tgz. Extracting by manifest.
1213 silly tarball no local data for @radix-ui/react-primitive@https://registry.npmjs.org/@radix-ui/react-primitive/-/react-primitive-2.1.3.tgz. Extracting by manifest.
1214 silly tarball no local data for @radix-ui/react-use-callback-ref@https://registry.npmjs.org/@radix-ui/react-use-callback-ref/-/react-use-callback-ref-1.1.1.tgz. Extracting by manifest.
1215 silly tarball no local data for @radix-ui/react-portal@https://registry.npmjs.org/@radix-ui/react-portal/-/react-portal-1.1.9.tgz. Extracting by manifest.
1216 silly tarball no local data for @radix-ui/react-id@https://registry.npmjs.org/@radix-ui/react-id/-/react-id-1.1.1.tgz. Extracting by manifest.
1217 silly tarball no local data for @radix-ui/react-focus-scope@https://registry.npmjs.org/@radix-ui/react-focus-scope/-/react-focus-scope-1.1.7.tgz. Extracting by manifest.
1218 silly tarball no local data for @radix-ui/react-presence@https://registry.npmjs.org/@radix-ui/react-presence/-/react-presence-1.1.5.tgz. Extracting by manifest.
1219 silly tarball no local data for @radix-ui/react-focus-guards@https://registry.npmjs.org/@radix-ui/react-focus-guards/-/react-focus-guards-1.1.3.tgz. Extracting by manifest.
1220 silly tarball no local data for @radix-ui/react-dismissable-layer@https://registry.npmjs.org/@radix-ui/react-dismissable-layer/-/react-dismissable-layer-1.1.11.tgz. Extracting by manifest.
1221 silly tarball no local data for @radix-ui/react-compose-refs@https://registry.npmjs.org/@radix-ui/react-compose-refs/-/react-compose-refs-1.1.2.tgz. Extracting by manifest.
1222 silly tarball no local data for @radix-ui/primitive@https://registry.npmjs.org/@radix-ui/primitive/-/primitive-1.1.3.tgz. Extracting by manifest.
1223 silly tarball no local data for @radix-ui/react-dialog@https://registry.npmjs.org/@radix-ui/react-dialog/-/react-dialog-1.1.15.tgz. Extracting by manifest.
1224 silly tarball no local data for @parcel/watcher-win32-x64@https://registry.npmjs.org/@parcel/watcher-win32-x64/-/watcher-win32-x64-2.5.6.tgz. Extracting by manifest.
1225 silly tarball no local data for @parcel/watcher@https://registry.npmjs.org/@parcel/watcher/-/watcher-2.5.6.tgz. Extracting by manifest.
1226 silly tarball no local data for @radix-ui/react-context@https://registry.npmjs.org/@radix-ui/react-context/-/react-context-1.1.2.tgz. Extracting by manifest.
1227 silly tarball no local data for @nolyfill/is-core-module@https://registry.npmjs.org/@nolyfill/is-core-module/-/is-core-module-1.0.39.tgz. Extracting by manifest.
1228 silly tarball no local data for @once-ui-system/core@https://registry.npmjs.org/@once-ui-system/core/-/core-1.6.4.tgz. Extracting by manifest.
1229 silly tarball no local data for @nodelib/fs.walk@https://registry.npmjs.org/@nodelib/fs.walk/-/fs.walk-1.2.8.tgz. Extracting by manifest.
1230 silly tarball no local data for @nodelib/fs.scandir@https://registry.npmjs.org/@nodelib/fs.scandir/-/fs.scandir-2.1.5.tgz. Extracting by manifest.
1231 silly tarball no local data for @nodelib/fs.stat@https://registry.npmjs.org/@nodelib/fs.stat/-/fs.stat-2.0.5.tgz. Extracting by manifest.
1232 silly tarball no local data for @next/swc-win32-x64-msvc@https://registry.npmjs.org/@next/swc-win32-x64-msvc/-/swc-win32-x64-msvc-15.5.15.tgz. Extracting by manifest.
1233 silly tarball no local data for @next/mdx@https://registry.npmjs.org/@next/mdx/-/mdx-15.5.15.tgz. Extracting by manifest.
1234 silly tarball no local data for @next/eslint-plugin-next@https://registry.npmjs.org/@next/eslint-plugin-next/-/eslint-plugin-next-15.5.15.tgz. Extracting by manifest.
1235 silly tarball no local data for @next/env@https://registry.npmjs.org/@next/env/-/env-15.5.15.tgz. Extracting by manifest.
1236 silly tarball no local data for @mdx-js/react@https://registry.npmjs.org/@mdx-js/react/-/react-3.1.1.tgz. Extracting by manifest.
1237 silly tarball no local data for @mdx-js/mdx@https://registry.npmjs.org/@mdx-js/mdx/-/mdx-3.1.1.tgz. Extracting by manifest.
1238 silly tarball no local data for @mdx-js/loader@https://registry.npmjs.org/@mdx-js/loader/-/loader-3.1.1.tgz. Extracting by manifest.
1239 silly tarball no local data for @jridgewell/trace-mapping@https://registry.npmjs.org/@jridgewell/trace-mapping/-/trace-mapping-0.3.31.tgz. Extracting by manifest.
1240 silly tarball no local data for @jridgewell/sourcemap-codec@https://registry.npmjs.org/@jridgewell/sourcemap-codec/-/sourcemap-codec-1.5.5.tgz. Extracting by manifest.
1241 silly tarball no local data for @jridgewell/resolve-uri@https://registry.npmjs.org/@jridgewell/resolve-uri/-/resolve-uri-3.1.2.tgz. Extracting by manifest.
1242 silly tarball no local data for @jridgewell/remapping@https://registry.npmjs.org/@jridgewell/remapping/-/remapping-2.3.5.tgz. Extracting by manifest.
1243 silly tarball no local data for @jridgewell/gen-mapping@https://registry.npmjs.org/@jridgewell/gen-mapping/-/gen-mapping-0.3.13.tgz. Extracting by manifest.
1244 silly tarball no local data for @internationalized/string@https://registry.npmjs.org/@internationalized/string/-/string-3.2.8.tgz. Extracting by manifest.
1245 silly tarball no local data for @internationalized/date@https://registry.npmjs.org/@internationalized/date/-/date-3.12.1.tgz. Extracting by manifest.
1246 silly tarball no local data for @internationalized/number@https://registry.npmjs.org/@internationalized/number/-/number-3.6.6.tgz. Extracting by manifest.
1247 silly tarball no local data for @img/sharp-win32-x64@https://registry.npmjs.org/@img/sharp-win32-x64/-/sharp-win32-x64-0.33.5.tgz. Extracting by manifest.
1248 silly tarball no local data for @img/colour@https://registry.npmjs.org/@img/colour/-/colour-1.1.0.tgz. Extracting by manifest.
1249 silly tarball no local data for @humanwhocodes/retry@https://registry.npmjs.org/@humanwhocodes/retry/-/retry-0.4.3.tgz. Extracting by manifest.
1250 silly tarball no local data for @humanwhocodes/module-importer@https://registry.npmjs.org/@humanwhocodes/module-importer/-/module-importer-1.0.1.tgz. Extracting by manifest.
1251 silly tarball no local data for @humanfs/types@https://registry.npmjs.org/@humanfs/types/-/types-0.15.0.tgz. Extracting by manifest.
1252 silly tarball no local data for @humanfs/node@https://registry.npmjs.org/@humanfs/node/-/node-0.16.8.tgz. Extracting by manifest.
1253 silly tarball no local data for @humanfs/core@https://registry.npmjs.org/@humanfs/core/-/core-0.19.2.tgz. Extracting by manifest.
1254 silly tarball no local data for @heroicons/react@https://registry.npmjs.org/@heroicons/react/-/react-2.2.0.tgz. Extracting by manifest.
1255 silly tarball no local data for @headlessui/react@https://registry.npmjs.org/@headlessui/react/-/react-2.2.10.tgz. Extracting by manifest.
1256 silly tarball no local data for @floating-ui/react@https://registry.npmjs.org/@floating-ui/react/-/react-0.26.28.tgz. Extracting by manifest.
1257 silly tarball no local data for @floating-ui/dom@https://registry.npmjs.org/@floating-ui/dom/-/dom-1.7.6.tgz. Extracting by manifest.
1258 silly tarball no local data for @floating-ui/react-dom@https://registry.npmjs.org/@floating-ui/react-dom/-/react-dom-2.1.8.tgz. Extracting by manifest.
1259 silly tarball no local data for @floating-ui/core@https://registry.npmjs.org/@floating-ui/core/-/core-1.7.5.tgz. Extracting by manifest.
1260 silly tarball no local data for @eslint/plugin-kit@https://registry.npmjs.org/@eslint/plugin-kit/-/plugin-kit-0.4.1.tgz. Extracting by manifest.
1261 silly tarball no local data for @eslint/eslintrc@https://registry.npmjs.org/@eslint/eslintrc/-/eslintrc-3.3.5.tgz. Extracting by manifest.
1262 silly tarball no local data for @floating-ui/utils@https://registry.npmjs.org/@floating-ui/utils/-/utils-0.2.11.tgz. Extracting by manifest.
1263 silly tarball no local data for @eslint/object-schema@https://registry.npmjs.org/@eslint/object-schema/-/object-schema-2.1.7.tgz. Extracting by manifest.
1264 silly tarball no local data for @eslint/core@https://registry.npmjs.org/@eslint/core/-/core-0.17.0.tgz. Extracting by manifest.
1265 silly tarball no local data for @eslint/js@https://registry.npmjs.org/@eslint/js/-/js-9.39.4.tgz. Extracting by manifest.
1266 silly tarball no local data for @eslint/config-array@https://registry.npmjs.org/@eslint/config-array/-/config-array-0.21.2.tgz. Extracting by manifest.
1267 silly tarball no local data for @eslint-community/regexpp@https://registry.npmjs.org/@eslint-community/regexpp/-/regexpp-4.12.2.tgz. Extracting by manifest.
1268 silly tarball no local data for @eslint-community/eslint-utils@https://registry.npmjs.org/@eslint-community/eslint-utils/-/eslint-utils-4.9.1.tgz. Extracting by manifest.
1269 silly tarball no local data for @eslint/config-helpers@https://registry.npmjs.org/@eslint/config-helpers/-/config-helpers-0.4.2.tgz. Extracting by manifest.
1270 silly tarball no local data for @csstools/selector-specificity@https://registry.npmjs.org/@csstools/selector-specificity/-/selector-specificity-3.1.1.tgz. Extracting by manifest.
1271 silly tarball no local data for @csstools/utilities@https://registry.npmjs.org/@csstools/utilities/-/utilities-1.0.0.tgz. Extracting by manifest.
1272 silly tarball no local data for @csstools/selector-resolve-nested@https://registry.npmjs.org/@csstools/selector-resolve-nested/-/selector-resolve-nested-1.1.0.tgz. Extracting by manifest.
1273 silly tarball no local data for @csstools/postcss-trigonometric-functions@https://registry.npmjs.org/@csstools/postcss-trigonometric-functions/-/postcss-trigonometric-functions-3.0.10.tgz. Extracting by manifest.
1274 silly tarball no local data for @csstools/postcss-unset-value@https://registry.npmjs.org/@csstools/postcss-unset-value/-/postcss-unset-value-3.0.1.tgz. Extracting by manifest.
1275 silly tarball no local data for @csstools/postcss-stepped-value-functions@https://registry.npmjs.org/@csstools/postcss-stepped-value-functions/-/postcss-stepped-value-functions-3.0.10.tgz. Extracting by manifest.
1276 silly tarball no local data for @csstools/postcss-text-decoration-shorthand@https://registry.npmjs.org/@csstools/postcss-text-decoration-shorthand/-/postcss-text-decoration-shorthand-3.0.7.tgz. Extracting by manifest.
1277 silly tarball no local data for @csstools/postcss-scope-pseudo-class@https://registry.npmjs.org/@csstools/postcss-scope-pseudo-class/-/postcss-scope-pseudo-class-3.0.1.tgz. Extracting by manifest.
1278 silly tarball no local data for @csstools/postcss-progressive-custom-properties@https://registry.npmjs.org/@csstools/postcss-progressive-custom-properties/-/postcss-progressive-custom-properties-3.3.0.tgz. Extracting by manifest.
1279 silly tarball no local data for @csstools/postcss-relative-color-syntax@https://registry.npmjs.org/@csstools/postcss-relative-color-syntax/-/postcss-relative-color-syntax-2.0.19.tgz. Extracting by manifest.
1280 silly tarball no local data for @csstools/postcss-oklab-function@https://registry.npmjs.org/@csstools/postcss-oklab-function/-/postcss-oklab-function-3.0.19.tgz. Extracting by manifest.
1281 silly tarball no local data for @csstools/postcss-normalize-display-values@https://registry.npmjs.org/@csstools/postcss-normalize-display-values/-/postcss-normalize-display-values-3.0.2.tgz. Extracting by manifest.
1282 silly tarball no local data for @csstools/postcss-nested-calc@https://registry.npmjs.org/@csstools/postcss-nested-calc/-/postcss-nested-calc-3.0.2.tgz. Extracting by manifest.
1283 silly tarball no local data for @csstools/postcss-logical-viewport-units@https://registry.npmjs.org/@csstools/postcss-logical-viewport-units/-/postcss-logical-viewport-units-2.0.11.tgz. Extracting by manifest.
1284 silly tarball no local data for @csstools/postcss-logical-resize@https://registry.npmjs.org/@csstools/postcss-logical-resize/-/postcss-logical-resize-2.0.1.tgz. Extracting by manifest.
1285 silly tarball no local data for @csstools/postcss-media-queries-aspect-ratio-number-values@https://registry.npmjs.org/@csstools/postcss-media-queries-aspect-ratio-number-values/-/postcss-media-queries-aspect-ratio-number-values-2.0.11.tgz. Extracting by manifest.
1286 silly tarball no local data for @csstools/postcss-logical-overscroll-behavior@https://registry.npmjs.org/@csstools/postcss-logical-overscroll-behavior/-/postcss-logical-overscroll-behavior-1.0.1.tgz. Extracting by manifest.
1287 silly tarball no local data for @csstools/postcss-media-minmax@https://registry.npmjs.org/@csstools/postcss-media-minmax/-/postcss-media-minmax-1.1.8.tgz. Extracting by manifest.
1288 silly tarball no local data for @csstools/postcss-logical-overflow@https://registry.npmjs.org/@csstools/postcss-logical-overflow/-/postcss-logical-overflow-1.0.1.tgz. Extracting by manifest.
1289 silly tarball no local data for @csstools/postcss-light-dark-function@https://registry.npmjs.org/@csstools/postcss-light-dark-function/-/postcss-light-dark-function-1.0.8.tgz. Extracting by manifest.
1290 silly tarball no local data for @csstools/postcss-initial@https://registry.npmjs.org/@csstools/postcss-initial/-/postcss-initial-1.0.1.tgz. Extracting by manifest.
1291 silly tarball no local data for @csstools/postcss-logical-float-and-clear@https://registry.npmjs.org/@csstools/postcss-logical-float-and-clear/-/postcss-logical-float-and-clear-2.0.1.tgz. Extracting by manifest.
1292 silly tarball no local data for @csstools/postcss-is-pseudo-class@https://registry.npmjs.org/@csstools/postcss-is-pseudo-class/-/postcss-is-pseudo-class-4.0.8.tgz. Extracting by manifest.
1293 silly tarball no local data for @csstools/postcss-ic-unit@https://registry.npmjs.org/@csstools/postcss-ic-unit/-/postcss-ic-unit-3.0.7.tgz. Extracting by manifest.
1294 silly tarball no local data for @csstools/postcss-hwb-function@https://registry.npmjs.org/@csstools/postcss-hwb-function/-/postcss-hwb-function-3.0.18.tgz. Extracting by manifest.
1295 silly tarball no local data for @csstools/postcss-gamut-mapping@https://registry.npmjs.org/@csstools/postcss-gamut-mapping/-/postcss-gamut-mapping-1.0.11.tgz. Extracting by manifest.
1296 silly tarball no local data for @csstools/postcss-font-format-keywords@https://registry.npmjs.org/@csstools/postcss-font-format-keywords/-/postcss-font-format-keywords-3.0.2.tgz. Extracting by manifest.
1297 silly tarball no local data for @csstools/postcss-global-data@https://registry.npmjs.org/@csstools/postcss-global-data/-/postcss-global-data-2.1.1.tgz. Extracting by manifest.
1298 silly tarball no local data for @csstools/postcss-gradients-interpolation-method@https://registry.npmjs.org/@csstools/postcss-gradients-interpolation-method/-/postcss-gradients-interpolation-method-4.0.20.tgz. Extracting by manifest.
1299 silly tarball no local data for @csstools/postcss-exponential-functions@https://registry.npmjs.org/@csstools/postcss-exponential-functions/-/postcss-exponential-functions-1.0.9.tgz. Extracting by manifest.
1300 silly tarball no local data for @csstools/postcss-content-alt-text@https://registry.npmjs.org/@csstools/postcss-content-alt-text/-/postcss-content-alt-text-1.0.0.tgz. Extracting by manifest.
1301 silly tarball no local data for @csstools/postcss-cascade-layers@https://registry.npmjs.org/@csstools/postcss-cascade-layers/-/postcss-cascade-layers-4.0.6.tgz. Extracting by manifest.
1302 silly tarball no local data for @csstools/media-query-list-parser@https://registry.npmjs.org/@csstools/media-query-list-parser/-/media-query-list-parser-2.1.13.tgz. Extracting by manifest.
1303 silly tarball no local data for @csstools/postcss-color-mix-function@https://registry.npmjs.org/@csstools/postcss-color-mix-function/-/postcss-color-mix-function-2.0.19.tgz. Extracting by manifest.
1304 silly tarball no local data for @csstools/postcss-color-function@https://registry.npmjs.org/@csstools/postcss-color-function/-/postcss-color-function-3.0.19.tgz. Extracting by manifest.
1305 silly tarball no local data for @csstools/css-tokenizer@https://registry.npmjs.org/@csstools/css-tokenizer/-/css-tokenizer-2.4.1.tgz. Extracting by manifest.
1306 silly tarball no local data for @csstools/css-parser-algorithms@https://registry.npmjs.org/@csstools/css-parser-algorithms/-/css-parser-algorithms-2.7.1.tgz. Extracting by manifest.
1307 silly tarball no local data for @csstools/color-helpers@https://registry.npmjs.org/@csstools/color-helpers/-/color-helpers-4.2.1.tgz. Extracting by manifest.
1308 silly tarball no local data for @csstools/cascade-layer-name-parser@https://registry.npmjs.org/@csstools/cascade-layer-name-parser/-/cascade-layer-name-parser-1.0.13.tgz. Extracting by manifest.
1309 silly tarball no local data for @csstools/css-color-parser@https://registry.npmjs.org/@csstools/css-color-parser/-/css-color-parser-2.0.5.tgz. Extracting by manifest.
1310 silly tarball no local data for @csstools/css-calc@https://registry.npmjs.org/@csstools/css-calc/-/css-calc-1.2.4.tgz. Extracting by manifest.
1311 silly tarball no local data for @babel/runtime@https://registry.npmjs.org/@babel/runtime/-/runtime-7.29.2.tgz. Extracting by manifest.
1312 silly tarball no local data for @babel/helper-validator-identifier@https://registry.npmjs.org/@babel/helper-validator-identifier/-/helper-validator-identifier-7.28.5.tgz. Extracting by manifest.
1313 silly tarball no local data for use-sync-external-store@https://registry.npmjs.org/use-sync-external-store/-/use-sync-external-store-1.2.0.tgz. Extracting by manifest.
1314 silly tarball no local data for @alloc/quick-lru@https://registry.npmjs.org/@alloc/quick-lru/-/quick-lru-5.2.0.tgz. Extracting by manifest.
1315 silly tarball no local data for @babel/code-frame@https://registry.npmjs.org/@babel/code-frame/-/code-frame-7.29.0.tgz. Extracting by manifest.
1316 silly tarball no local data for react-is@https://registry.npmjs.org/react-is/-/react-is-18.3.1.tgz. Extracting by manifest.
1317 silly tarball no local data for @types/unist@https://registry.npmjs.org/@types/unist/-/unist-2.0.11.tgz. Extracting by manifest.
1318 silly tarball no local data for postcss@https://registry.npmjs.org/postcss/-/postcss-8.4.31.tgz. Extracting by manifest.
1319 silly tarball no local data for sharp@https://registry.npmjs.org/sharp/-/sharp-0.34.5.tgz. Extracting by manifest.
1320 silly tarball no local data for semver@https://registry.npmjs.org/semver/-/semver-6.3.1.tgz. Extracting by manifest.
1321 silly tarball no local data for @swc/helpers@https://registry.npmjs.org/@swc/helpers/-/helpers-0.5.15.tgz. Extracting by manifest.
1322 silly tarball no local data for @img/sharp-win32-x64@https://registry.npmjs.org/@img/sharp-win32-x64/-/sharp-win32-x64-0.34.5.tgz. Extracting by manifest.
1323 silly tarball no local data for argparse@https://registry.npmjs.org/argparse/-/argparse-1.0.10.tgz. Extracting by manifest.
1324 silly tarball no local data for picomatch@https://registry.npmjs.org/picomatch/-/picomatch-2.3.2.tgz. Extracting by manifest.
1325 silly tarball no local data for js-yaml@https://registry.npmjs.org/js-yaml/-/js-yaml-3.14.2.tgz. Extracting by manifest.
1326 silly tarball no local data for glob-parent@https://registry.npmjs.org/glob-parent/-/glob-parent-5.1.2.tgz. Extracting by manifest.
1327 silly tarball no local data for semver@https://registry.npmjs.org/semver/-/semver-6.3.1.tgz. Extracting by manifest.
1328 silly tarball no local data for debug@https://registry.npmjs.org/debug/-/debug-3.2.7.tgz. Extracting by manifest.
1329 silly tarball no local data for semver@https://registry.npmjs.org/semver/-/semver-6.3.1.tgz. Extracting by manifest.
1330 silly tarball no local data for debug@https://registry.npmjs.org/debug/-/debug-3.2.7.tgz. Extracting by manifest.
1331 silly tarball no local data for debug@https://registry.npmjs.org/debug/-/debug-3.2.7.tgz. Extracting by manifest.
1332 silly tarball no local data for eslint-visitor-keys@https://registry.npmjs.org/eslint-visitor-keys/-/eslint-visitor-keys-5.0.1.tgz. Extracting by manifest.
1333 silly tarball no local data for minimatch@https://registry.npmjs.org/minimatch/-/minimatch-10.2.5.tgz. Extracting by manifest.
1334 silly tarball no local data for ignore@https://registry.npmjs.org/ignore/-/ignore-7.0.5.tgz. Extracting by manifest.
1335 silly tarball no local data for balanced-match@https://registry.npmjs.org/balanced-match/-/balanced-match-4.0.4.tgz. Extracting by manifest.
1336 silly tarball no local data for brace-expansion@https://registry.npmjs.org/brace-expansion/-/brace-expansion-5.0.5.tgz. Extracting by manifest.
1337 silly tarball no local data for @tailwindcss/oxide-win32-x64-msvc@https://registry.npmjs.org/@tailwindcss/oxide-win32-x64-msvc/-/oxide-win32-x64-msvc-4.2.4.tgz. Extracting by manifest.
1338 silly tarball no local data for @radix-ui/react-primitive@https://registry.npmjs.org/@radix-ui/react-primitive/-/react-primitive-2.1.4.tgz. Extracting by manifest.
1339 silly tarball no local data for @radix-ui/react-slot@https://registry.npmjs.org/@radix-ui/react-slot/-/react-slot-1.2.3.tgz. Extracting by manifest.
1340 silly tarball no local data for eslint-visitor-keys@https://registry.npmjs.org/eslint-visitor-keys/-/eslint-visitor-keys-3.4.3.tgz. Extracting by manifest.
1341 silly tarball no local data for @radix-ui/react-slot@https://registry.npmjs.org/@radix-ui/react-slot/-/react-slot-1.2.3.tgz. Extracting by manifest.
1342 http fetch POST 200 https://registry.npmjs.org/-/npm/v1/security/advisories/bulk 1109ms
1343 silly audit report {
1343 silly audit report   'brace-expansion': [
1343 silly audit report     {
1343 silly audit report       id: 1120311,
1343 silly audit report       url: 'https://github.com/advisories/GHSA-jxxr-4gwj-5jf2',
1343 silly audit report       title: 'brace-expansion: Large numeric range defeats documented `max` DoS protection',
1343 silly audit report       severity: 'moderate',
1343 silly audit report       vulnerable_versions: '>=5.0.0 <5.0.6',
1343 silly audit report       cwe: [Array],
1343 silly audit report       cvss: [Object]
1343 silly audit report     },
1343 silly audit report     {
1343 silly audit report       id: 1130588,
1343 silly audit report       url: 'https://github.com/advisories/GHSA-mh99-v99m-4gvg',
1343 silly audit report       title: 'brace-expansion: DoS via unbounded expansion length causing an out-of-memory process crash',
1343 silly audit report       severity: 'high',
1343 silly audit report       vulnerable_versions: '<1.1.17',
1343 silly audit report       cwe: [Array],
1343 silly audit report       cvss: [Object]
1343 silly audit report     },
1343 silly audit report     {
1343 silly audit report       id: 1130591,
1343 silly audit report       url: 'https://github.com/advisories/GHSA-mh99-v99m-4gvg',
1343 silly audit report       title: 'brace-expansion: DoS via unbounded expansion length causing an out-of-memory process crash',
1343 silly audit report       severity: 'high',
1343 silly audit report       vulnerable_versions: '>=4.0.0 <5.0.8',
1343 silly audit report       cwe: [Array],
1343 silly audit report       cvss: [Object]
1343 silly audit report     },
1343 silly audit report     {
1343 silly audit report       id: 1130734,
1343 silly audit report       url: 'https://github.com/advisories/GHSA-rgw5-rvv9-x895',
1343 silly audit report       title: 'brace-expansion: DoS via unbounded intermediate arrays, bypassing the CVE-2026-14257 mitigation',
1343 silly audit report       severity: 'high',
1343 silly audit report       vulnerable_versions: '>=4.0.0 <5.0.9',
1343 silly audit report       cwe: [Array],
1343 silly audit report       cvss: [Object]
1343 silly audit report     },
1343 silly audit report     {
1343 silly audit report       id: 1130737,
1343 silly audit report       url: 'https://github.com/advisories/GHSA-rgw5-rvv9-x895',
1343 silly audit report       title: 'brace-expansion: DoS via unbounded intermediate arrays, bypassing the CVE-2026-14257 mitigation',
1343 silly audit report       severity: 'high',
1343 silly audit report       vulnerable_versions: '<1.1.18',
1343 silly audit report       cwe: [Array],
1343 silly audit report       cvss: [Object]
1343 silly audit report     },
1343 silly audit report     {
1343 silly audit report       id: 1123897,
1343 silly audit report       url: 'https://github.com/advisories/GHSA-3jxr-9vmj-r5cp',
1343 silly audit report       title: 'brace-expansion: DoS via exponential-time expansion of consecutive non-expanding {} groups',
1343 silly audit report       severity: 'high',
1343 silly audit report       vulnerable_versions: '<1.1.16',
1343 silly audit report       cwe: [Array],
1343 silly audit report       cvss: [Object]
1343 silly audit report     },
1343 silly audit report     {
1343 silly audit report       id: 1123898,
1343 silly audit report       url: 'https://github.com/advisories/GHSA-3jxr-9vmj-r5cp',
1343 silly audit report       title: 'brace-expansion: DoS via exponential-time expansion of consecutive non-expanding {} groups',
1343 silly audit report       severity: 'high',
1343 silly audit report       vulnerable_versions: '>=3.0.0 <5.0.7',
1343 silly audit report       cwe: [Array],
1343 silly audit report       cvss: [Object]
1343 silly audit report     }
1343 silly audit report   ],
1343 silly audit report   'baseline-browser-mapping': [
1343 silly audit report     {
1343 silly audit report       id: 1193686,
1343 silly audit report       url: 'https://github.com/advisories/GHSA-w5vr-8v7q-w6rv',
1343 silly audit report       title: 'baseline-browser-mapping process termination on invalid input causes denial of service',
1343 silly audit report       severity: 'moderate',
1343 silly audit report       vulnerable_versions: '>=2.0.0 <2.11.0',
1343 silly audit report       cwe: [Array],
1343 silly audit report       cvss: [Object]
1343 silly audit report     }
1343 silly audit report   ],
1343 silly audit report   browserslist: [
1343 silly audit report     {
1343 silly audit report       id: 1153171,
1343 silly audit report       url: 'https://github.com/advisories/GHSA-c83g-rgw3-j3cx',
1343 silly audit report       title: 'Browserslist: Unbounded memory growth (no cache eviction) via distinct query results, leading to eventual OOM',
1343 silly audit report       severity: 'high',
1343 silly audit report       vulnerable_versions: '<=4.28.6',
1343 silly audit report       cwe: [Array],
1343 silly audit report       cvss: [Object]
1343 silly audit report     },
1343 silly audit report     {
1343 silly audit report       id: 1153172,
1343 silly audit report       url: 'https://github.com/advisories/GHSA-73wf-gq98-2v4g',
1343 silly audit report       title: 'Browserslist: Uncaught crash / prototype write via untrusted browserslist-stats.json custom stats (normalizeStats)',
1343 silly audit report       severity: 'high',
1343 silly audit report       vulnerable_versions: '<=4.28.6',
1343 silly audit report       cwe: [Array],
1343 silly audit report       cvss: [Object]
1343 silly audit report     }
1343 silly audit report   ],
1343 silly audit report   'js-yaml': [
1343 silly audit report     {
1343 silly audit report       id: 1121859,
1343 silly audit report       url: 'https://github.com/advisories/GHSA-h67p-54hq-rp68',
1343 silly audit report       title: 'JS-YAML: Quadratic-complexity DoS in merge key handling via repeated aliases',
1343 silly audit report       severity: 'moderate',
1343 silly audit report       vulnerable_versions: '<3.15.0',
1343 silly audit report       cwe: [Array],
1343 silly audit report       cvss: [Object]
1343 silly audit report     },
1343 silly audit report     {
1343 silly audit report       id: 1121860,
1343 silly audit report       url: 'https://github.com/advisories/GHSA-h67p-54hq-rp68',
1343 silly audit report       title: 'JS-YAML: Quadratic-complexity DoS in merge key handling via repeated aliases',
1343 silly audit report       severity: 'moderate',
1343 silly audit report       vulnerable_versions: '>=4.0.0 <=4.1.1',
1343 silly audit report       cwe: [Array],
1343 silly audit report       cvss: [Object]
1343 silly audit report     },
1343 silly audit report     {
1343 silly audit report       id: 1123911,
1343 silly audit report       url: 'https://github.com/advisories/GHSA-52cp-r559-cp3m',
1343 silly audit report       title: 'js-yaml: YAML merge-key chains can force quadratic CPU consumption',
1343 silly audit report       severity: 'high',
1343 silly audit report       vulnerable_versions: '>=4.0.0 <4.3.0',
1343 silly audit report       cwe: [Array],
1343 silly audit report       cvss: [Object]
1343 silly audit report     },
1343 silly audit report     {
1343 silly audit report       id: 1123912,
1343 silly audit report       url: 'https://github.com/advisories/GHSA-52cp-r559-cp3m',
1343 silly audit report       title: 'js-yaml: YAML merge-key chains can force quadratic CPU consumption',
1343 silly audit report       severity: 'high',
1343 silly audit report       vulnerable_versions: '>=3.0.0 <3.15.0',
1343 silly audit report       cwe: [Array],
1343 silly audit report       cvss: [Object]
1343 silly audit report     },
1343 silly audit report     {
1343 silly audit report       id: 1138114,
1343 silly audit report       url: 'https://github.com/advisories/GHSA-5p4m-2wfm-xmqj',
1343 silly audit report       title: 'JS-YAML: Quadratic CPU consumption in !!omap resolution (3.x and 4.x) — CVE-2026-59870 fix not backported',
1343 silly audit report       severity: 'high',
1343 silly audit report       vulnerable_versions: '>=3.0.0 <3.15.1',
1343 silly audit report       cwe: [Array],
1343 silly audit report       cvss: [Object]
1343 silly audit report     },
1343 silly audit report     {
1343 silly audit report       id: 1138115,
1343 silly audit report       url: 'https://github.com/advisories/GHSA-5p4m-2wfm-xmqj',
1343 silly audit report       title: 'JS-YAML: Quadratic CPU consumption in !!omap resolution (3.x and 4.x) — CVE-2026-59870 fix not backported',
1343 silly audit report       severity: 'high',
1343 silly audit report       vulnerable_versions: '>=4.0.0 <4.3.1',
1343 silly audit report       cwe: [Array],
1343 silly audit report       cvss: [Object]
1343 silly audit report     },
1343 silly audit report     {
1343 silly audit report       id: 1193726,
1343 silly audit report       url: 'https://github.com/advisories/GHSA-2883-xcg3-v3hh',
1343 silly audit report       title: 'js-yaml: maxTotalMergeKeys does not limit CPU use for empty merge sources',
1343 silly audit report       severity: 'high',
1343 silly audit report       vulnerable_versions: '>=3.0.0 <3.15.2',
1343 silly audit report       cwe: [Array],
1343 silly audit report       cvss: [Object]
1343 silly audit report     },
1343 silly audit report     {
1343 silly audit report       id: 1193727,
1343 silly audit report       url: 'https://github.com/advisories/GHSA-2883-xcg3-v3hh',
1343 silly audit report       title: 'js-yaml: maxTotalMergeKeys does not limit CPU use for empty merge sources',
1343 silly audit report       severity: 'high',
1343 silly audit report       vulnerable_versions: '>=4.0.0 <4.3.2',
1343 silly audit report       cwe: [Array],
1343 silly audit report       cvss: [Object]
1343 silly audit report     }
1343 silly audit report   ],
1343 silly audit report   immutable: [
1343 silly audit report     {
1343 silly audit report       id: 1224659,
1343 silly audit report       url: 'https://github.com/advisories/GHSA-v56q-mh7h-f735',
1343 silly audit report       title: 'Immutable.js `List` 32-bit trie overflow → unrecoverable DoS',
1343 silly audit report       severity: 'high',
1343 silly audit report       vulnerable_versions: '>=5.0.0-beta.1 <5.1.8',
1343 silly audit report       cwe: [Array],
1343 silly audit report       cvss: [Object]
1343 silly audit report     },
1343 silly audit report     {
1343 silly audit report       id: 1164790,
1343 silly audit report       url: 'https://github.com/advisories/GHSA-xvcm-6775-5m9r',
1343 silly audit report       title: 'Immutable: Hash-collision algorithmic complexity denial of service in Immutable.Map/Set',
1343 silly audit report       severity: 'high',
1343 silly audit report       vulnerable_versions: '>=5.0.0-beta.1 <5.1.8',
1343 silly audit report       cwe: [Array],
1343 silly audit report       cvss: [Object]
1343 silly audit report     }
1343 silly audit report   ],
1343 silly audit report   nanoid: [
1343 silly audit report     {
1343 silly audit report       id: 1138811,
1343 silly audit report       url: 'https://github.com/advisories/GHSA-28wg-ghj8-5hjv',
1343 silly audit report       title: 'nanoid: non-secure generators can loop indefinitely with negative size',
1343 silly audit report       severity: 'high',
1343 silly audit report       vulnerable_versions: '<3.3.16',
1343 silly audit report       cwe: [Array],
1343 silly audit report       cvss: [Object]
1343 silly audit report     },
1343 silly audit report     {
1343 silly audit report       id: 1139427,
1343 silly audit report       url: 'https://github.com/advisories/GHSA-2v37-7h3g-55p8',
1343 silly audit report       title: 'nanoid: custom generators can loop indefinitely when size is zero',
1343 silly audit report       severity: 'high',
1343 silly audit report       vulnerable_versions: '<3.3.18',
1343 silly audit report       cwe: [Array],
1343 silly audit report       cvss: [Object]
1343 silly audit report     },
1343 silly audit report     {
1343 silly audit report       id: 1153189,
1343 silly audit report       url: 'https://github.com/advisories/GHSA-xwg4-73v4-xw9w',
1343 silly audit report       title: 'nanoid: Integer Overflow or Wraparound',
1343 silly audit report       severity: 'high',
1343 silly audit report       vulnerable_versions: '<3.3.12',
1343 silly audit report       cwe: [Array],
1343 silly audit report       cvss: [Object]
1343 silly audit report     }
1343 silly audit report   ],
1343 silly audit report   next: [
1343 silly audit report     {
1343 silly audit report       id: 1117931,
1343 silly audit report       url: 'https://github.com/advisories/GHSA-8h8q-6873-q5fj',
1343 silly audit report       title: 'Next.js Vulnerable to Denial of Service with Server Components',
1343 silly audit report       severity: 'high',
1343 silly audit report       vulnerable_versions: '>=13.0.0 <15.5.16',
1343 silly audit report       cwe: [Array],
1343 silly audit report       cvss: [Object]
1343 silly audit report     },
1343 silly audit report     {
1343 silly audit report       id: 1118939,
1343 silly audit report       url: 'https://github.com/advisories/GHSA-26hh-7cqf-hhc6',
1343 silly audit report       title: 'Next.js has a Middleware / Proxy bypass in App Router applications via segment-prefetch routes - Incomplete Fix Follow-Up',
1343 silly audit report       severity: 'high',
1343 silly audit report       vulnerable_versions: '>=15.2.0 <15.5.18',
1343 silly audit report       cwe: [Array],
1343 silly audit report       cvss: [Object]
1343 silly audit report     },
1343 silly audit report     {
1343 silly audit report       id: 1118942,
1343 silly audit report       url: 'https://github.com/advisories/GHSA-3g8h-86w9-wvmq',
1343 silly audit report       title: "Next.js's Middleware / Proxy redirects can be cache-poisoned",
1343 silly audit report       severity: 'low',
1343 silly audit report       vulnerable_versions: '>=12.2.0 <15.5.16',
1343 silly audit report       cwe: [Array],
1343 silly audit report       cvss: [Object]
1343 silly audit report     },
1343 silly audit report     {
1343 silly audit report       id: 1118944,
1343 silly audit report       url: 'https://github.com/advisories/GHSA-ffhc-5mcf-pf4q',
1343 silly audit report       title: 'Next.js vulnerable to cross-site scripting in App Router applications using CSP nonces',
1343 silly audit report       severity: 'moderate',
1343 silly audit report       vulnerable_versions: '>=13.4.0 <15.5.16',
1343 silly audit report       cwe: [Array],
1343 silly audit report       cvss: [Object]
1343 silly audit report     },
1343 silly audit report     {
1343 silly audit report       id: 1118946,
1343 silly audit report       url: 'https://github.com/advisories/GHSA-vfv6-92ff-j949',
1343 silly audit report       title: 'Next.js vulnerable to cache poisoning via collisions in React Server Component cache-busting',
1343 silly audit report       severity: 'low',
1343 silly audit report       vulnerable_versions: '>=13.4.6 <15.5.16',
1343 silly audit report       cwe: [Array],
1343 silly audit report       cvss: [Object]
1343 silly audit report     },
1343 silly audit report     {
1343 silly audit report       id: 1118948,
1343 silly audit report       url: 'https://github.com/advisories/GHSA-gx5p-jg67-6x7h',
1343 silly audit report       title: 'Next.js has cross-site scripting in beforeInteractive scripts with untrusted input',
1343 silly audit report       severity: 'moderate',
1343 silly audit report       vulnerable_versions: '>=13.0.0 <15.5.16',
1343 silly audit report       cwe: [Array],
1343 silly audit report       cvss: [Object]
1343 silly audit report     },
1343 silly audit report     {
1343 silly audit report       id: 1118950,
1343 silly audit report       url: 'https://github.com/advisories/GHSA-mg66-mrh9-m8jx',
1343 silly audit report       title: 'Next.js vulnerable to Denial of Service via connection exhaustion in applications using Cache Components',
1343 silly audit report       severity: 'high',
1343 silly audit report       vulnerable_versions: '>=15.0.0 <15.5.16',
1343 silly audit report       cwe: [Array],
1343 silly audit report       cvss: [Object]
1343 silly audit report     },
1343 silly audit report     {
1343 silly audit report       id: 1118952,
1343 silly audit report       url: 'https://github.com/advisories/GHSA-h64f-5h5j-jqjh',
1343 silly audit report       title: 'Next.js has a Denial of Service in the Image Optimization API',
1343 silly audit report       severity: 'moderate',
1343 silly audit report       vulnerable_versions: '>=10.0.0 <15.5.16',
1343 silly audit report       cwe: [Array],
1343 silly audit report       cvss: [Object]
1343 silly audit report     },
1343 silly audit report     {
1343 silly audit report       id: 1118954,
1343 silly audit report       url: 'https://github.com/advisories/GHSA-c4j6-fc7j-m34r',
1343 silly audit report       title: 'Next.js vulnerable to server-side request forgery in applications using WebSocket upgrades',
1343 silly audit report       severity: 'high',
1343 silly audit report       vulnerable_versions: '>=13.4.13 <15.5.16',
1343 silly audit report       cwe: [Array],
1343 silly audit report       cvss: [Object]
1343 silly audit report     },
1343 silly audit report     {
1343 silly audit report       id: 1118956,
1343 silly audit report       url: 'https://github.com/advisories/GHSA-492v-c6pp-mqqv',
1343 silly audit report       title: 'Next.js has a Middleware / Proxy bypass through dynamic route parameter injection',
1343 silly audit report       severity: 'high',
1343 silly audit report       vulnerable_versions: '>=15.4.0 <15.5.16',
1343 silly audit report       cwe: [Array],
1343 silly audit report       cvss: [Object]
1343 silly audit report     },
1343 silly audit report     {
1343 silly audit report       id: 1118958,
1343 silly audit report       url: 'https://github.com/advisories/GHSA-wfc6-r584-vfw7',
1343 silly audit report       title: 'Next.js vulnerable to cache poisoning in React Server Component responses',
1343 silly audit report       severity: 'moderate',
1343 silly audit report       vulnerable_versions: '>=14.2.0 <15.5.16',
1343 silly audit report       cwe: [Array],
1343 silly audit report       cvss: [Object]
1343 silly audit report     },
1343 silly audit report     {
1343 silly audit report       id: 1118960,
1343 silly audit report       url: 'https://github.com/advisories/GHSA-267c-6grr-h53f',
1343 silly audit report       title: 'Next.js has a Middleware / Proxy bypass in App Router applications via segment-prefetch routes',
1343 silly audit report       severity: 'high',
1343 silly audit report       vulnerable_versions: '>=15.2.0 <15.5.16',
1343 silly audit report       cwe: [Array],
1343 silly audit report       cvss: [Object]
1343 silly audit report     },
1343 silly audit report     {
1343 silly audit report       id: 1118962,
1343 silly audit report       url: 'https://github.com/advisories/GHSA-36qx-fr4f-26g5',
1343 silly audit report       title: 'Next.js has a Middleware / Proxy bypass in Pages Router applications using i18n',
1343 silly audit report       severity: 'high',
1343 silly audit report       vulnerable_versions: '>=12.2.0 <15.5.16',
1343 silly audit report       cwe: [Array],
1343 silly audit report       cvss: [Object]
1343 silly audit report     },
1343 silly audit report     {
1343 silly audit report       id: 1124185,
1343 silly audit report       url: 'https://github.com/advisories/GHSA-89xv-2m56-2m9x',
1343 silly audit report       title: 'Next.js: Server-Side Request Forgery in Server Actions on custom servers',
1343 silly audit report       severity: 'high',
1343 silly audit report       vulnerable_versions: '>=14.1.1 <15.5.21',
1343 silly audit report       cwe: [Array],
1343 silly audit report       cvss: [Object]
1343 silly audit report     },
1343 silly audit report     {
1343 silly audit report       id: 1124172,
1343 silly audit report       url: 'https://github.com/advisories/GHSA-m99w-x7hq-7vfj',
1343 silly audit report       title: 'Next.js: Denial of Service in App Router using Server Actions',
1343 silly audit report       severity: 'high',
1343 silly audit report       vulnerable_versions: '>=13.0.0 <15.5.21',
1343 silly audit report       cwe: [Array],
1343 silly audit report       cvss: [Object]
1343 silly audit report     },
1343 silly audit report     {
1343 silly audit report       id: 1124187,
1343 silly audit report       url: 'https://github.com/advisories/GHSA-68g3-v927-f742',
1343 silly audit report       title: 'Next.js: Cache confusion of response bodies for requests with bodies',
1343 silly audit report       severity: 'moderate',
1343 silly audit report       vulnerable_versions: '>=13.0.0 <15.5.21',
1343 silly audit report       cwe: [Array],
1343 silly audit report       cvss: [Object]
1343 silly audit report     },
1343 silly audit report     {
1343 silly audit report       id: 1124189,
1343 silly audit report       url: 'https://github.com/advisories/GHSA-4633-3j49-mh5q',
1343 silly audit report       title: 'Next.js: Cache confusion of response bodies for requests with bodies containing invalid UTF-8 byte sequences',
1343 silly audit report       severity: 'moderate',
1343 silly audit report       vulnerable_versions: '>=13.0.0 <15.5.21',
1343 silly audit report       cwe: [Array],
1343 silly audit report       cvss: [Object]
1343 silly audit report     },
1343 silly audit report     {
1343 silly audit report       id: 1124191,
1343 silly audit report       url: 'https://github.com/advisories/GHSA-4c39-4ccg-62r3',
1343 silly audit report       title: 'Next.js: Unbounded Server Action payload in Edge runtime',
1343 silly audit report       severity: 'moderate',
1343 silly audit report       vulnerable_versions: '>=13.0.0 <15.5.21',
1343 silly audit report       cwe: [Array],
1343 silly audit report       cvss: [Object]
1343 silly audit report     },
1343 silly audit report     {
1343 silly audit report       id: 1124193,
1343 silly audit report       url: 'https://github.com/advisories/GHSA-p9j2-gv94-2wf4',
1343 silly audit report       title: 'Next.js: Server-Side Request Forgery in rewrites via attacker-controlled destination hostname',
1343 silly audit report       severity: 'high',
1343 silly audit report       vulnerable_versions: '>=12.0.0 <15.5.21',
1343 silly audit report       cwe: [Array],
1343 silly audit report       cvss: [Object]
1343 silly audit report     },
1343 silly audit report     {
1343 silly audit report       id: 1124195,
1343 silly audit report       url: 'https://github.com/advisories/GHSA-q8wf-6r8g-63ch',
1343 silly audit report       title: 'Next.js: Denial of Service in the Image Optimization API using SVGs',
1343 silly audit report       severity: 'moderate',
1343 silly audit report       vulnerable_versions: '>=15.5.0 <15.5.21',
1343 silly audit report       cwe: [Array],
1343 silly audit report       cvss: [Object]
1343 silly audit report     },
1343 silly audit report     {
1343 silly audit report       id: 1124197,
1343 silly audit report       url: 'https://github.com/advisories/GHSA-955p-x3mx-jcvp',
1343 silly audit report       title: 'Next.js: Unauthenticated disclosure of internal Server Function endpoints',
1343 silly audit report       severity: 'moderate',
1343 silly audit report       vulnerable_versions: '>=13.0.0 <15.5.21',
1343 silly audit report       cwe: [Array],
1343 silly audit report       cvss: [Object]
1343 silly audit report     },
1343 silly audit report     {
1343 silly audit report       id: 1193677,
1343 silly audit report       url: 'https://github.com/advisories/GHSA-p293-qw3h-jr36',
1343 silly audit report       title: 'Next.js: Unauthenticated Remote Code Execution on windows-hosted servers',
1343 silly audit report       severity: 'critical',
1343 silly audit report       vulnerable_versions: '>=13.4.0 <15.5.24',
1343 silly audit report       cwe: [Array],
1343 silly audit report       cvss: [Object]
1343 silly audit report     },
1343 silly audit report     {
1343 silly audit report       id: 1193733,
1343 silly audit report       url: 'https://github.com/advisories/GHSA-2xp9-vwfh-vxw4',
1343 silly audit report       title: 'Next.js: Unauthenticated Remote Code Execution in Image Optimization API when AVIF files are used',
1343 silly audit report       severity: 'critical',
1343 silly audit report       vulnerable_versions: '>=10.0.0 <15.5.24',
1343 silly audit report       cwe: [Array],
1343 silly audit report       cvss: [Object]
1343 silly audit report     }
1343 silly audit report   ],
1343 silly audit report   postcss: [
1343 silly audit report     {
1343 silly audit report       id: 1130709,
1343 silly audit report       url: 'https://github.com/advisories/GHSA-fxqj-rqcc-2cmp',
1343 silly audit report       title: 'PostCSS: incomplete fix of GHSA-6g55-p6wh-862q — attacker-controlled sourceMappingURL reads arbitrary .map files when `from` is unset',
1343 silly audit report       severity: 'moderate',
1343 silly audit report       vulnerable_versions: '<=8.5.22',
1343 silly audit report       cwe: [Array],
1343 silly audit report       cvss: [Object]
1343 silly audit report     },
1343 silly audit report     {
1343 silly audit report       id: 1117015,
1343 silly audit report       url: 'https://github.com/advisories/GHSA-qx2v-qp2m-jg93',
1343 silly audit report       title: 'PostCSS has XSS via Unescaped </style> in its CSS Stringify Output',
1343 silly audit report       severity: 'moderate',
1343 silly audit report       vulnerable_versions: '<8.5.10',
1343 silly audit report       cwe: [Array],
1343 silly audit report       cvss: [Object]
1343 silly audit report     },
1343 silly audit report     {
1343 silly audit report       id: 1124252,
1343 silly audit report       url: 'https://github.com/advisories/GHSA-6g55-p6wh-862q',
1343 silly audit report       title: 'PostCSS: Arbitrary file read and information disclosure via attacker-controlled sourceMappingURL in CSS comments',
1343 silly audit report       severity: 'high',
1343 silly audit report       vulnerable_versions: '<=8.5.11',
1343 silly audit report       cwe: [Array],
1343 silly audit report       cvss: [Object]
1343 silly audit report     },
1343 silly audit report     {
1343 silly audit report       id: 1139510,
1343 silly audit report       url: 'https://github.com/advisories/GHSA-r28c-9q8g-f849',
1343 silly audit report       title: 'PostCSS: Path Traversal in Previous Source Map Auto-Loading (sourceMappingURL) leads to Arbitrary .map File Disclosure',
1343 silly audit report       severity: 'high',
1343 silly audit report       vulnerable_versions: '<=8.5.17',
1343 silly audit report       cwe: [Array],
1343 silly audit report       cvss: [Object]
1343 silly audit report     }
1343 silly audit report   ],
1343 silly audit report   sharp: [
1343 silly audit report     {
1343 silly audit report       id: 1124066,
1343 silly audit report       url: 'https://github.com/advisories/GHSA-f88m-g3jw-g9cj',
1343 silly audit report       title: 'sharp inherited vulnerabilities in libvips: CVE-2026-33327, CVE-2026-33328, CVE-2026-35590, CVE-2026-35591',
1343 silly audit report       severity: 'high',
1343 silly audit report       vulnerable_versions: '<0.35.0',
1343 silly audit report       cwe: [Array],
1343 silly audit report       cvss: [Object]
1343 silly audit report     },
1343 silly audit report     {
1343 silly audit report       id: 1193725,
1343 silly audit report       url: 'https://github.com/advisories/GHSA-rgj7-g3m4-5g8c',
1343 silly audit report       title: 'sharp: Vulnerabilities in libheif: GHSA-g89c-p67h-r497 and GHSA-2jg2-4ch7-h545',
1343 silly audit report       severity: 'high',
1343 silly audit report       vulnerable_versions: '<0.35.4',
1343 silly audit report       cwe: [Array],
1343 silly audit report       cvss: [Object]
1343 silly audit report     }
1343 silly audit report   ],
1343 silly audit report   'postcss-selector-parser': [
1343 silly audit report     {
1343 silly audit report       id: 1153170,
1343 silly audit report       url: 'https://github.com/advisories/GHSA-w9m9-85wc-3x92',
1343 silly audit report       title: 'postcss-selector-parser allows denial of service through uncontrolled AST recursion',
1343 silly audit report       severity: 'low',
1343 silly audit report       vulnerable_versions: '>=6.1.0 <6.1.3',
1343 silly audit report       cwe: [Array],
1343 silly audit report       cvss: [Object]
1343 silly audit report     }
1343 silly audit report   ],
1343 silly audit report   turbo: [
1343 silly audit report     {
1343 silly audit report       id: 1119389,
1343 silly audit report       url: 'https://github.com/advisories/GHSA-3qcw-2rhx-2726',
1343 silly audit report       title: 'Turbo: Unexpected local code execution during Yarn Berry detection',
1343 silly audit report       severity: 'low',
1343 silly audit report       vulnerable_versions: '>=1.1.0 <2.9.14',
1343 silly audit report       cwe: [Array],
1343 silly audit report       cvss: [Object]
1343 silly audit report     },
1343 silly audit report     {
1343 silly audit report       id: 1121861,
1343 silly audit report       url: 'https://github.com/advisories/GHSA-hcf7-66rw-9f5r',
1343 silly audit report       title: 'Turbo: Login callback CSRF/session fixation',
1343 silly audit report       severity: 'moderate',
1343 silly audit report       vulnerable_versions: '<=2.9.13',
1343 silly audit report       cwe: [Array],
1343 silly audit report       cvss: [Object]
1343 silly audit report     }
1343 silly audit report   ]
1343 silly audit report }
1344 silly packumentCache corgi:https://registry.npmjs.org/brace-expansion cache-miss
1345 silly packumentCache corgi:https://registry.npmjs.org/baseline-browser-mapping cache-miss
1346 silly packumentCache corgi:https://registry.npmjs.org/browserslist cache-miss
1347 silly packumentCache corgi:https://registry.npmjs.org/js-yaml cache-miss
1348 silly packumentCache corgi:https://registry.npmjs.org/immutable cache-miss
1349 silly packumentCache corgi:https://registry.npmjs.org/nanoid cache-miss
1350 silly packumentCache corgi:https://registry.npmjs.org/next cache-miss
1351 silly packumentCache corgi:https://registry.npmjs.org/postcss cache-miss
1352 silly packumentCache corgi:https://registry.npmjs.org/sharp cache-miss
1353 silly packumentCache corgi:https://registry.npmjs.org/postcss-selector-parser cache-miss
1354 silly packumentCache corgi:https://registry.npmjs.org/turbo cache-miss
1355 http fetch GET 200 https://registry.npmjs.org/yocto-queue/-/yocto-queue-0.1.0.tgz 870ms (cache miss)
1356 http fetch GET 200 https://registry.npmjs.org/word-wrap/-/word-wrap-1.2.5.tgz 937ms (cache miss)
1357 http fetch GET 200 https://registry.npmjs.org/zwitch/-/zwitch-2.0.4.tgz 961ms (cache miss)
1358 http fetch GET 200 https://registry.npmjs.org/util-deprecate/-/util-deprecate-1.0.2.tgz 1033ms (cache miss)
1359 http fetch GET 200 https://registry.npmjs.org/which/-/which-2.0.2.tgz 1049ms (cache miss)
1360 http fetch GET 200 https://registry.npmjs.org/supports-color/-/supports-color-7.2.0.tgz 1029ms (cache miss)
1361 http fetch GET 200 https://registry.npmjs.org/strip-bom-string/-/strip-bom-string-1.0.0.tgz 1108ms (cache miss)
1362 http fetch GET 200 https://registry.npmjs.org/strip-bom/-/strip-bom-3.0.0.tgz 1124ms (cache miss)
1363 http fetch GET 200 https://registry.npmjs.org/stringify-entities/-/stringify-entities-4.0.4.tgz 1125ms (cache miss)
1364 http fetch GET 200 https://registry.npmjs.org/trim-lines/-/trim-lines-3.0.1.tgz 1157ms (cache miss)
1365 http fetch GET 200 https://registry.npmjs.org/strip-json-comments/-/strip-json-comments-3.1.1.tgz 1256ms (cache miss)
1366 http fetch GET 200 https://registry.npmjs.org/string.prototype.includes/-/string.prototype.includes-2.0.1.tgz 1342ms (cache miss)
1367 http fetch GET 200 https://registry.npmjs.org/space-separated-tokens/-/space-separated-tokens-2.0.2.tgz 1342ms (cache miss)
1368 http fetch GET 200 https://registry.npmjs.org/simple-swizzle/-/simple-swizzle-0.2.4.tgz 1352ms (cache miss)
1369 http cache https://registry.npmjs.org/js-yaml 662ms (cache hit)
1370 silly packumentCache corgi:https://registry.npmjs.org/js-yaml set size:77983 disposed:false
1371 http cache https://registry.npmjs.org/baseline-browser-mapping 667ms (cache hit)
1372 silly packumentCache corgi:https://registry.npmjs.org/baseline-browser-mapping set size:197961 disposed:false
1373 http cache https://registry.npmjs.org/brace-expansion 671ms (cache hit)
1374 silly packumentCache corgi:https://registry.npmjs.org/brace-expansion set size:45109 disposed:false
1375 http cache https://registry.npmjs.org/immutable 671ms (cache hit)
1376 silly packumentCache corgi:https://registry.npmjs.org/immutable set size:114618 disposed:false
1377 http cache https://registry.npmjs.org/browserslist 677ms (cache hit)
1378 silly packumentCache corgi:https://registry.npmjs.org/browserslist set size:280761 disposed:false
1379 http cache https://registry.npmjs.org/postcss-selector-parser 678ms (cache hit)
1380 silly packumentCache corgi:https://registry.npmjs.org/postcss-selector-parser set size:90399 disposed:false
1381 http cache https://registry.npmjs.org/nanoid 681ms (cache hit)
1382 silly packumentCache corgi:https://registry.npmjs.org/nanoid set size:159237 disposed:false
1383 http cache https://registry.npmjs.org/postcss 684ms (cache hit)
1384 silly packumentCache corgi:https://registry.npmjs.org/postcss set size:357674 disposed:false
1385 http cache https://registry.npmjs.org/sharp 692ms (cache hit)
1386 silly packumentCache corgi:https://registry.npmjs.org/sharp set size:299310 disposed:false
1387 http cache https://registry.npmjs.org/turbo 705ms (cache hit)
1388 silly packumentCache corgi:https://registry.npmjs.org/turbo set size:1337628 disposed:false
1389 http fetch GET 200 https://registry.npmjs.org/section-matter/-/section-matter-1.0.0.tgz 1462ms (cache miss)
1390 http fetch GET 200 https://registry.npmjs.org/shebang-regex/-/shebang-regex-3.0.0.tgz 1471ms (cache miss)
1391 http cache https://registry.npmjs.org/next 806ms (cache hit)
1392 silly packumentCache corgi:https://registry.npmjs.org/next set size:25582961 disposed:false
1393 silly packumentCache corgi:https://registry.npmjs.org/minimatch cache-miss
1394 http fetch GET 200 https://registry.npmjs.org/shebang-command/-/shebang-command-2.0.0.tgz 2566ms (cache miss)
1395 http fetch GET 200 https://registry.npmjs.org/recma-stringify/-/recma-stringify-1.0.0.tgz 2594ms (cache miss)
1396 http fetch GET 200 https://registry.npmjs.org/unist-util-stringify-position/-/unist-util-stringify-position-4.0.0.tgz 2649ms (cache miss)
1397 http fetch GET 200 https://registry.npmjs.org/unist-util-position-from-estree/-/unist-util-position-from-estree-2.0.0.tgz 2650ms (cache miss)
1398 http fetch GET 200 https://registry.npmjs.org/run-parallel/-/run-parallel-1.2.0.tgz 2622ms (cache miss)
1399 http fetch GET 200 https://registry.npmjs.org/unist-util-position/-/unist-util-position-5.0.0.tgz 2690ms (cache miss)
1400 http fetch GET 200 https://registry.npmjs.org/update-browserslist-db/-/update-browserslist-db-1.2.3.tgz 2698ms (cache miss)
1401 http fetch GET 200 https://registry.npmjs.org/resolve-from/-/resolve-from-4.0.0.tgz 2680ms (cache miss)
1402 http fetch GET 200 https://registry.npmjs.org/remark/-/remark-15.0.1.tgz 2678ms (cache miss)
1403 http fetch GET 200 https://registry.npmjs.org/rehype-recma/-/rehype-recma-1.0.0.tgz 2677ms (cache miss)
1404 http fetch GET 200 https://registry.npmjs.org/vfile-message/-/vfile-message-4.0.3.tgz 2717ms (cache miss)
1405 http fetch GET 200 https://registry.npmjs.org/recma-parse/-/recma-parse-1.0.0.tgz 2676ms (cache miss)
1406 http fetch GET 200 https://registry.npmjs.org/react-remove-scroll/-/react-remove-scroll-2.7.2.tgz 2676ms (cache miss)
1407 http fetch GET 200 https://registry.npmjs.org/unist-util-remove/-/unist-util-remove-4.0.0.tgz 2718ms (cache miss)
1408 http fetch GET 200 https://registry.npmjs.org/react-is/-/react-is-16.13.1.tgz 2704ms (cache miss)
1409 http fetch GET 200 https://registry.npmjs.org/postcss-replace-overflow-wrap/-/postcss-replace-overflow-wrap-4.0.0.tgz 2705ms (cache miss)
1410 http fetch GET 200 https://registry.npmjs.org/queue-microtask/-/queue-microtask-1.2.3.tgz 2722ms (cache miss)
1411 http fetch GET 200 https://registry.npmjs.org/stable-hash/-/stable-hash-0.0.5.tgz 2747ms (cache miss)
1412 http fetch GET 200 https://registry.npmjs.org/postcss-place/-/postcss-place-9.0.1.tgz 2726ms (cache miss)
1413 http fetch GET 200 https://registry.npmjs.org/postcss-selector-not/-/postcss-selector-not-7.0.2.tgz 2732ms (cache miss)
1414 http fetch GET 200 https://registry.npmjs.org/postcss-font-variant/-/postcss-font-variant-5.0.0.tgz 2730ms (cache miss)
1415 http fetch GET 200 https://registry.npmjs.org/punycode/-/punycode-2.3.1.tgz 2741ms (cache miss)
1416 http fetch GET 200 https://registry.npmjs.org/postcss-gap-properties/-/postcss-gap-properties-5.0.1.tgz 2738ms (cache miss)
1417 http fetch GET 200 https://registry.npmjs.org/to-regex-range/-/to-regex-range-5.0.1.tgz 2798ms (cache miss)
1418 http fetch GET 200 https://registry.npmjs.org/postcss-color-functional-notation/-/postcss-color-functional-notation-6.0.14.tgz 2751ms (cache miss)
1419 http fetch GET 200 https://registry.npmjs.org/unrs-resolver/-/unrs-resolver-1.11.1.tgz 2825ms (cache miss)
1420 http fetch GET 200 https://registry.npmjs.org/postcss-custom-properties/-/postcss-custom-properties-13.3.12.tgz 2767ms (cache miss)
1421 http fetch GET 200 https://registry.npmjs.org/postcss-color-rebeccapurple/-/postcss-color-rebeccapurple-9.0.3.tgz 2759ms (cache miss)
1422 http fetch GET 200 https://registry.npmjs.org/postcss-page-break/-/postcss-page-break-3.0.4.tgz 2783ms (cache miss)
1423 http fetch GET 200 https://registry.npmjs.org/picocolors/-/picocolors-1.1.1.tgz 2766ms (cache miss)
1424 http fetch GET 200 https://registry.npmjs.org/path-key/-/path-key-3.1.1.tgz 2766ms (cache miss)
1425 http fetch GET 200 https://registry.npmjs.org/postcss-opacity-percentage/-/postcss-opacity-percentage-2.0.0.tgz 2787ms (cache miss)
1426 http fetch GET 200 https://registry.npmjs.org/parse-entities/-/parse-entities-4.0.2.tgz 2774ms (cache miss)
1427 http fetch GET 200 https://registry.npmjs.org/path-parse/-/path-parse-1.0.7.tgz 2777ms (cache miss)
1428 http fetch GET 200 https://registry.npmjs.org/own-keys/-/own-keys-1.0.1.tgz 2775ms (cache miss)
1429 http fetch GET 200 https://registry.npmjs.org/turbo/-/turbo-2.9.6.tgz 2843ms (cache miss)
1430 http fetch GET 200 https://registry.npmjs.org/object.fromentries/-/object.fromentries-2.0.8.tgz 2783ms (cache miss)
1431 http fetch GET 200 https://registry.npmjs.org/postcss-double-position-gradients/-/postcss-double-position-gradients-5.0.7.tgz 2801ms (cache miss)
1432 http fetch GET 200 https://registry.npmjs.org/vfile-matter/-/vfile-matter-5.0.1.tgz 2907ms (cache miss)
1433 http fetch GET 200 https://registry.npmjs.org/node-releases/-/node-releases-2.0.38.tgz 2832ms (cache miss)
1434 http fetch GET 200 https://registry.npmjs.org/object-assign/-/object-assign-4.1.1.tgz 2832ms (cache miss)
1435 http fetch GET 200 https://registry.npmjs.org/postcss-custom-media/-/postcss-custom-media-10.0.8.tgz 2850ms (cache miss)
1436 http fetch GET 200 https://registry.npmjs.org/natural-compare/-/natural-compare-1.4.0.tgz 2837ms (cache miss)
1437 http fetch GET 200 https://registry.npmjs.org/node-exports-info/-/node-exports-info-1.6.0.tgz 2876ms (cache miss)
1438 http fetch GET 200 https://registry.npmjs.org/postcss-overflow-shorthand/-/postcss-overflow-shorthand-5.0.1.tgz 2909ms (cache miss)
1439 http fetch GET 200 https://registry.npmjs.org/postcss-nesting/-/postcss-nesting-12.1.5.tgz 2912ms (cache miss)
1440 http fetch GET 200 https://registry.npmjs.org/postcss-attribute-case-insensitive/-/postcss-attribute-case-insensitive-6.0.3.tgz 2900ms (cache miss)
1441 http fetch GET 200 https://registry.npmjs.org/postcss-color-hex-alpha/-/postcss-color-hex-alpha-9.0.4.tgz 2901ms (cache miss)
1442 http fetch GET 200 https://registry.npmjs.org/nanoid/-/nanoid-3.3.11.tgz 2917ms (cache miss)
1443 http fetch GET 200 https://registry.npmjs.org/postcss-flexbugs-fixes/-/postcss-flexbugs-fixes-5.0.2.tgz 2945ms (cache miss)
1444 http fetch GET 200 https://registry.npmjs.org/parent-module/-/parent-module-1.0.1.tgz 2943ms (cache miss)
1445 http fetch GET 200 https://registry.npmjs.org/object.values/-/object.values-1.2.1.tgz 2958ms (cache miss)
1446 http fetch GET 200 https://registry.npmjs.org/micromark-util-types/-/micromark-util-types-2.0.2.tgz 2950ms (cache miss)
1447 http fetch GET 200 https://registry.npmjs.org/micromark-util-subtokenize/-/micromark-util-subtokenize-2.1.0.tgz 2949ms (cache miss)
1448 http fetch GET 200 https://registry.npmjs.org/micromark-util-symbol/-/micromark-util-symbol-2.0.1.tgz 2958ms (cache miss)
1449 http fetch GET 200 https://registry.npmjs.org/micromark-util-resolve-all/-/micromark-util-resolve-all-2.0.1.tgz 2959ms (cache miss)
1450 http fetch GET 200 https://registry.npmjs.org/micromark-util-classify-character/-/micromark-util-classify-character-2.0.1.tgz 2955ms (cache miss)
1451 http fetch GET 200 https://registry.npmjs.org/micromark-util-combine-extensions/-/micromark-util-combine-extensions-2.0.1.tgz 2957ms (cache miss)
1452 http fetch GET 200 https://registry.npmjs.org/micromark-factory-space/-/micromark-factory-space-2.0.1.tgz 2955ms (cache miss)
1453 http fetch GET 200 https://registry.npmjs.org/micromark-util-chunked/-/micromark-util-chunked-2.0.1.tgz 2958ms (cache miss)
1454 http fetch GET 200 https://registry.npmjs.org/micromark-factory-whitespace/-/micromark-factory-whitespace-2.0.1.tgz 2960ms (cache miss)
1455 http fetch GET 200 https://registry.npmjs.org/micromark-extension-mdxjs-esm/-/micromark-extension-mdxjs-esm-3.0.0.tgz 2957ms (cache miss)
1456 http fetch GET 200 https://registry.npmjs.org/micromark-extension-mdx-md/-/micromark-extension-mdx-md-2.0.0.tgz 2957ms (cache miss)
1457 http fetch GET 200 https://registry.npmjs.org/postcss-dir-pseudo-class/-/postcss-dir-pseudo-class-8.0.1.tgz 2995ms (cache miss)
1458 http fetch GET 200 https://registry.npmjs.org/tw-animate-css/-/tw-animate-css-1.4.0.tgz 3045ms (cache miss)
1459 http fetch GET 200 https://registry.npmjs.org/postcss-clamp/-/postcss-clamp-4.1.0.tgz 2987ms (cache miss)
1460 http fetch GET 200 https://registry.npmjs.org/mdast-util-phrasing/-/mdast-util-phrasing-4.1.0.tgz 2962ms (cache miss)
1461 http fetch GET 200 https://registry.npmjs.org/mdast-util-to-string/-/mdast-util-to-string-4.0.0.tgz 2967ms (cache miss)
1462 http fetch GET 200 https://registry.npmjs.org/mdast-util-mdx/-/mdast-util-mdx-3.0.0.tgz 2969ms (cache miss)
1463 http fetch GET 200 https://registry.npmjs.org/math-intrinsics/-/math-intrinsics-1.1.0.tgz 2973ms (cache miss)
1464 http fetch GET 200 https://registry.npmjs.org/path-exists/-/path-exists-4.0.0.tgz 3006ms (cache miss)
1465 http fetch GET 200 https://registry.npmjs.org/locate-path/-/locate-path-6.0.0.tgz 2979ms (cache miss)
1466 http fetch GET 200 https://registry.npmjs.org/p-locate/-/p-locate-5.0.0.tgz 3014ms (cache miss)
1467 http fetch GET 200 https://registry.npmjs.org/p-limit/-/p-limit-3.1.0.tgz 3014ms (cache miss)
1468 http fetch GET 200 https://registry.npmjs.org/longest-streak/-/longest-streak-3.1.0.tgz 3001ms (cache miss)
1469 http fetch GET 200 https://registry.npmjs.org/loose-envify/-/loose-envify-1.4.0.tgz 3002ms (cache miss)
1470 http fetch GET 200 https://registry.npmjs.org/micromatch/-/micromatch-4.0.8.tgz 3024ms (cache miss)
1471 http fetch GET 200 https://registry.npmjs.org/micromark-util-decode-numeric-character-reference/-/micromark-util-decode-numeric-character-reference-2.0.2.tgz 3024ms (cache miss)
1472 http fetch GET 200 https://registry.npmjs.org/micromark-util-encode/-/micromark-util-encode-2.0.1.tgz 3025ms (cache miss)
1473 http fetch GET 200 https://registry.npmjs.org/micromark-factory-label/-/micromark-factory-label-2.0.1.tgz 3021ms (cache miss)
1474 http fetch GET 200 https://registry.npmjs.org/micromark-util-normalize-identifier/-/micromark-util-normalize-identifier-2.0.1.tgz 3027ms (cache miss)
1475 http fetch GET 200 https://registry.npmjs.org/merge2/-/merge2-1.4.1.tgz 3021ms (cache miss)
1476 http fetch GET 200 https://registry.npmjs.org/kind-of/-/kind-of-6.0.3.tgz 3021ms (cache miss)
1477 http fetch GET 200 https://registry.npmjs.org/keyv/-/keyv-4.5.4.tgz 3022ms (cache miss)
1478 http fetch GET 200 https://registry.npmjs.org/json-stable-stringify-without-jsonify/-/json-stable-stringify-without-jsonify-1.0.1.tgz 3020ms (cache miss)
1479 http fetch GET 200 https://registry.npmjs.org/ms/-/ms-2.1.3.tgz 3047ms (cache miss)
1480 http fetch GET 200 https://registry.npmjs.org/markdown-extensions/-/markdown-extensions-2.0.0.tgz 3030ms (cache miss)
1481 http fetch GET 200 https://registry.npmjs.org/which-collection/-/which-collection-1.0.2.tgz 3137ms (cache miss)
1482 http fetch GET 200 https://registry.npmjs.org/unist-util-visit/-/unist-util-visit-5.1.0.tgz 3128ms (cache miss)
1483 http fetch GET 200 https://registry.npmjs.org/lodash.merge/-/lodash.merge-4.6.2.tgz 3033ms (cache miss)
1484 http fetch GET 200 https://registry.npmjs.org/levn/-/levn-0.4.1.tgz 3047ms (cache miss)
1485 http fetch GET 200 https://registry.npmjs.org/remark-parse/-/remark-parse-11.0.0.tgz 3119ms (cache miss)
1486 http fetch GET 200 https://registry.npmjs.org/is-weakmap/-/is-weakmap-2.0.2.tgz 3043ms (cache miss)
1487 http fetch GET 200 https://registry.npmjs.org/isexe/-/isexe-2.0.0.tgz 3045ms (cache miss)
1488 http fetch GET 200 https://registry.npmjs.org/micromark-util-sanitize-uri/-/micromark-util-sanitize-uri-2.0.1.tgz 3076ms (cache miss)
1489 http fetch GET 200 https://registry.npmjs.org/micromark-extension-mdxjs/-/micromark-extension-mdxjs-3.0.0.tgz 3070ms (cache miss)
1490 http fetch GET 200 https://registry.npmjs.org/is-typed-array/-/is-typed-array-1.1.15.tgz 3072ms (cache miss)
1491 http fetch GET 200 https://registry.npmjs.org/is-set/-/is-set-2.0.3.tgz 3071ms (cache miss)
1492 http fetch GET 200 https://registry.npmjs.org/json-schema-traverse/-/json-schema-traverse-0.4.1.tgz 3080ms (cache miss)
1493 http fetch GET 200 https://registry.npmjs.org/remark-stringify/-/remark-stringify-11.0.0.tgz 3153ms (cache miss)
1494 http fetch GET 200 https://registry.npmjs.org/minimatch/-/minimatch-3.1.5.tgz 3106ms (cache miss)
1495 http fetch GET 200 https://registry.npmjs.org/tinyglobby/-/tinyglobby-0.2.16.tgz 3189ms (cache miss)
1496 http fetch GET 200 https://registry.npmjs.org/unist-util-is/-/unist-util-is-6.0.1.tgz 3208ms (cache miss)
1497 http fetch GET 200 https://registry.npmjs.org/which-builtin-type/-/which-builtin-type-1.2.1.tgz 3219ms (cache miss)
1498 http fetch GET 200 https://registry.npmjs.org/isarray/-/isarray-2.0.5.tgz 3104ms (cache miss)
1499 http fetch GET 200 https://registry.npmjs.org/is-weakref/-/is-weakref-1.1.1.tgz 3104ms (cache miss)
1500 http fetch GET 200 https://registry.npmjs.org/is-plain-obj/-/is-plain-obj-4.1.0.tgz 3101ms (cache miss)
1501 http fetch GET 200 https://registry.npmjs.org/is-number/-/is-number-7.0.0.tgz 3101ms (cache miss)
1502 http fetch GET 200 https://registry.npmjs.org/is-negative-zero/-/is-negative-zero-2.0.3.tgz 3101ms (cache miss)
1503 http fetch GET 200 https://registry.npmjs.org/is-map/-/is-map-2.0.3.tgz 3102ms (cache miss)
1504 http fetch GET 200 https://registry.npmjs.org/is-number-object/-/is-number-object-1.1.1.tgz 3103ms (cache miss)
1505 http fetch GET 200 https://registry.npmjs.org/iterator.prototype/-/iterator.prototype-1.1.5.tgz 3110ms (cache miss)
1506 http fetch GET 200 https://registry.npmjs.org/json-buffer/-/json-buffer-3.0.1.tgz 3111ms (cache miss)
1507 http fetch GET 200 https://registry.npmjs.org/type-check/-/type-check-0.4.0.tgz 3212ms (cache miss)
1508 http fetch GET 200 https://registry.npmjs.org/is-weakset/-/is-weakset-2.0.4.tgz 3111ms (cache miss)
1509 http fetch GET 200 https://registry.npmjs.org/js-tokens/-/js-tokens-4.0.0.tgz 3114ms (cache miss)
1510 http fetch GET 200 https://registry.npmjs.org/trough/-/trough-2.2.0.tgz 3223ms (cache miss)
1511 http fetch GET 200 https://registry.npmjs.org/is-glob/-/is-glob-4.0.3.tgz 3119ms (cache miss)
1512 http fetch GET 200 https://registry.npmjs.org/is-extendable/-/is-extendable-0.1.1.tgz 3118ms (cache miss)
1513 http fetch GET 200 https://registry.npmjs.org/is-extglob/-/is-extglob-2.1.1.tgz 3119ms (cache miss)
1514 http fetch GET 200 https://registry.npmjs.org/remark-html/-/remark-html-16.0.1.tgz 3237ms (cache miss)
1515 http cache https://registry.npmjs.org/minimatch 736ms (cache hit)
1516 silly packumentCache corgi:https://registry.npmjs.org/minimatch set size:169442 disposed:false
1517 http fetch GET 200 https://registry.npmjs.org/supports-preserve-symlinks-flag/-/supports-preserve-symlinks-flag-1.0.0.tgz 3322ms (cache miss)
1518 http fetch GET 200 https://registry.npmjs.org/is-regex/-/is-regex-1.2.1.tgz 3225ms (cache miss)
1519 http fetch GET 200 https://registry.npmjs.org/is-data-view/-/is-data-view-1.0.2.tgz 3221ms (cache miss)
1520 http fetch GET 200 https://registry.npmjs.org/is-decimal/-/is-decimal-2.0.1.tgz 3222ms (cache miss)
1521 http fetch GET 200 https://registry.npmjs.org/resolve-pkg-maps/-/resolve-pkg-maps-1.0.0.tgz 3311ms (cache miss)
1522 http fetch GET 200 https://registry.npmjs.org/is-bigint/-/is-bigint-1.1.0.tgz 3224ms (cache miss)
1523 http fetch GET 200 https://registry.npmjs.org/is-blob/-/is-blob-2.1.0.tgz 3224ms (cache miss)
1524 http fetch GET 200 https://registry.npmjs.org/is-alphanumerical/-/is-alphanumerical-2.0.1.tgz 3223ms (cache miss)
1525 http fetch GET 200 https://registry.npmjs.org/micromark-util-html-tag-name/-/micromark-util-html-tag-name-2.0.1.tgz 3260ms (cache miss)
1526 http fetch GET 200 https://registry.npmjs.org/unbox-primitive/-/unbox-primitive-1.1.0.tgz 3343ms (cache miss)
1527 http fetch GET 200 https://registry.npmjs.org/set-function-name/-/set-function-name-2.0.2.tgz 3329ms (cache miss)
1528 http fetch GET 200 https://registry.npmjs.org/internmap/-/internmap-2.0.3.tgz 3236ms (cache miss)
1529 http fetch GET 200 https://registry.npmjs.org/internal-slot/-/internal-slot-1.1.0.tgz 3236ms (cache miss)
1530 http fetch GET 200 https://registry.npmjs.org/is-array-buffer/-/is-array-buffer-3.0.5.tgz 3238ms (cache miss)
1531 http fetch GET 200 https://registry.npmjs.org/import-fresh/-/import-fresh-3.3.1.tgz 3236ms (cache miss)
1532 http fetch GET 200 https://registry.npmjs.org/is-hexadecimal/-/is-hexadecimal-2.0.1.tgz 3247ms (cache miss)
1533 http fetch GET 200 https://registry.npmjs.org/is-finalizationregistry/-/is-finalizationregistry-1.1.1.tgz 3247ms (cache miss)
1534 http fetch GET 200 https://registry.npmjs.org/typed-array-buffer/-/typed-array-buffer-1.0.3.tgz 3361ms (cache miss)
1535 http fetch GET 200 https://registry.npmjs.org/has-tostringtag/-/has-tostringtag-1.0.2.tgz 3241ms (cache miss)
1536 http fetch GET 200 https://registry.npmjs.org/html-void-elements/-/html-void-elements-3.0.0.tgz 3243ms (cache miss)
1537 http fetch GET 200 https://registry.npmjs.org/react-masonry-css/-/react-masonry-css-1.0.16.tgz 3328ms (cache miss)
1538 http fetch GET 200 https://registry.npmjs.org/has-proto/-/has-proto-1.2.0.tgz 3246ms (cache miss)
1539 http fetch GET 200 https://registry.npmjs.org/hasown/-/hasown-2.0.3.tgz 3249ms (cache miss)
1540 http fetch GET 200 https://registry.npmjs.org/typed-array-byte-length/-/typed-array-byte-length-1.0.3.tgz 3375ms (cache miss)
1541 http fetch GET 200 https://registry.npmjs.org/gopd/-/gopd-1.2.0.tgz 3251ms (cache miss)
1542 http fetch GET 200 https://registry.npmjs.org/graceful-fs/-/graceful-fs-4.2.11.tgz 3251ms (cache miss)
1543 http fetch GET 200 https://registry.npmjs.org/has-flag/-/has-flag-4.0.0.tgz 3253ms (cache miss)
1544 http fetch GET 200 https://registry.npmjs.org/is-date-object/-/is-date-object-1.1.0.tgz 3265ms (cache miss)
1545 http fetch GET 200 https://registry.npmjs.org/is-boolean-object/-/is-boolean-object-1.2.2.tgz 3265ms (cache miss)
1546 http fetch GET 200 https://registry.npmjs.org/is-bun-module/-/is-bun-module-2.0.0.tgz 3264ms (cache miss)
1547 http fetch GET 200 https://registry.npmjs.org/is-async-function/-/is-async-function-2.1.1.tgz 3271ms (cache miss)
1548 http fetch GET 200 https://registry.npmjs.org/get-intrinsic/-/get-intrinsic-1.3.0.tgz 3260ms (cache miss)
1549 http fetch GET 200 https://registry.npmjs.org/glob-parent/-/glob-parent-6.0.2.tgz 3263ms (cache miss)
1550 http fetch GET 200 https://registry.npmjs.org/globalthis/-/globalthis-1.0.4.tgz 3264ms (cache miss)
1551 http fetch GET 200 https://registry.npmjs.org/which-boxed-primitive/-/which-boxed-primitive-1.1.1.tgz 3404ms (cache miss)
1552 http fetch GET 200 https://registry.npmjs.org/gray-matter/-/gray-matter-4.0.3.tgz 3267ms (cache miss)
1553 http fetch GET 200 https://registry.npmjs.org/is-alphabetical/-/is-alphabetical-2.0.1.tgz 3276ms (cache miss)
1554 http fetch GET 200 https://registry.npmjs.org/imurmurhash/-/imurmurhash-0.1.4.tgz 3275ms (cache miss)
1555 http fetch GET 200 https://registry.npmjs.org/function-bind/-/function-bind-1.1.2.tgz 3267ms (cache miss)
1556 http fetch GET 200 https://registry.npmjs.org/get-nonce/-/get-nonce-1.0.1.tgz 3270ms (cache miss)
1557 http fetch GET 200 https://registry.npmjs.org/get-symbol-description/-/get-symbol-description-1.1.0.tgz 3272ms (cache miss)
1558 http fetch GET 200 https://registry.npmjs.org/recma-build-jsx/-/recma-build-jsx-1.0.0.tgz 3372ms (cache miss)
1559 http fetch GET 200 https://registry.npmjs.org/hast-util-whitespace/-/hast-util-whitespace-3.0.0.tgz 3283ms (cache miss)
1560 http fetch GET 200 https://registry.npmjs.org/generator-function/-/generator-function-2.0.1.tgz 3274ms (cache miss)
1561 http fetch GET 200 https://registry.npmjs.org/flat-cache/-/flat-cache-4.0.1.tgz 3271ms (cache miss)
1562 http fetch GET 200 https://registry.npmjs.org/function.prototype.name/-/function.prototype.name-1.1.8.tgz 3273ms (cache miss)
1563 http fetch GET 200 https://registry.npmjs.org/postcss-pseudo-class-any-link/-/postcss-pseudo-class-any-link-9.0.2.tgz 3364ms (cache miss)
1564 http fetch GET 200 https://registry.npmjs.org/for-each/-/for-each-0.3.5.tgz 3280ms (cache miss)
1565 http fetch GET 200 https://registry.npmjs.org/is-arrayish/-/is-arrayish-0.3.4.tgz 3298ms (cache miss)
1566 http fetch GET 200 https://registry.npmjs.org/postcss-image-set-function/-/postcss-image-set-function-6.0.3.tgz 3368ms (cache miss)
1567 http fetch GET 200 https://registry.npmjs.org/fill-range/-/fill-range-7.1.1.tgz 3283ms (cache miss)
1568 http fetch GET 200 https://registry.npmjs.org/flatted/-/flatted-3.4.2.tgz 3286ms (cache miss)
1569 http fetch GET 200 https://registry.npmjs.org/fast-json-stable-stringify/-/fast-json-stable-stringify-2.1.0.tgz 3283ms (cache miss)
1570 http fetch GET 200 https://registry.npmjs.org/typed-array-byte-offset/-/typed-array-byte-offset-1.0.4.tgz 3429ms (cache miss)
1571 http fetch GET 200 https://registry.npmjs.org/file-entry-cache/-/file-entry-cache-8.0.0.tgz 3298ms (cache miss)
1572 http fetch GET 200 https://registry.npmjs.org/extend/-/extend-3.0.2.tgz 3294ms (cache miss)
1573 http fetch GET 200 https://registry.npmjs.org/fast-levenshtein/-/fast-levenshtein-2.0.6.tgz 3297ms (cache miss)
1574 http fetch GET 200 https://registry.npmjs.org/has-property-descriptors/-/has-property-descriptors-1.0.2.tgz 3314ms (cache miss)
1575 http fetch GET 200 https://registry.npmjs.org/recma-jsx/-/recma-jsx-1.0.1.tgz 3408ms (cache miss)
1576 http fetch GET 200 https://registry.npmjs.org/fast-deep-equal/-/fast-deep-equal-3.1.3.tgz 3313ms (cache miss)
1577 http fetch GET 200 https://registry.npmjs.org/extend-shallow/-/extend-shallow-2.0.1.tgz 3313ms (cache miss)
1578 http fetch GET 200 https://registry.npmjs.org/estree-walker/-/estree-walker-3.0.3.tgz 3312ms (cache miss)
1579 http fetch GET 200 https://registry.npmjs.org/postcss-custom-selectors/-/postcss-custom-selectors-7.1.12.tgz 3408ms (cache miss)
1580 http fetch GET 200 https://registry.npmjs.org/typed-array-length/-/typed-array-length-1.0.7.tgz 3462ms (cache miss)
1581 http fetch GET 200 https://registry.npmjs.org/postcss-lab-function/-/postcss-lab-function-6.0.19.tgz 3417ms (cache miss)
1582 http fetch GET 200 https://registry.npmjs.org/postcss-logical/-/postcss-logical-7.0.1.tgz 3420ms (cache miss)
1583 http fetch GET 200 https://registry.npmjs.org/language-tags/-/language-tags-1.0.9.tgz 3371ms (cache miss)
1584 http fetch GET 200 https://registry.npmjs.org/estree-util-visit/-/estree-util-visit-2.0.0.tgz 3335ms (cache miss)
1585 http fetch GET 200 https://registry.npmjs.org/estree-util-build-jsx/-/estree-util-build-jsx-3.0.1.tgz 3334ms (cache miss)
1586 http fetch GET 200 https://registry.npmjs.org/esrecurse/-/esrecurse-4.3.0.tgz 3333ms (cache miss)
1587 http fetch GET 200 https://registry.npmjs.org/estree-util-attach-comments/-/estree-util-attach-comments-3.0.0.tgz 3335ms (cache miss)
1588 http fetch GET 200 https://registry.npmjs.org/readdirp/-/readdirp-4.1.2.tgz 3443ms (cache miss)
1589 http fetch GET 200 https://registry.npmjs.org/escape-string-regexp/-/escape-string-regexp-4.0.0.tgz 3328ms (cache miss)
1590 http fetch GET 200 https://registry.npmjs.org/es-set-tostringtag/-/es-set-tostringtag-2.1.0.tgz 3326ms (cache miss)
1591 http fetch GET 200 https://registry.npmjs.org/eslint-config-next/-/eslint-config-next-15.5.15.tgz 3341ms (cache miss)
1592 http fetch GET 200 https://registry.npmjs.org/escalade/-/escalade-3.2.0.tgz 3340ms (cache miss)
1593 http fetch GET 200 https://registry.npmjs.org/es-shim-unscopables/-/es-shim-unscopables-1.1.0.tgz 3338ms (cache miss)
1594 http fetch GET 200 https://registry.npmjs.org/es-object-atoms/-/es-object-atoms-1.1.1.tgz 3337ms (cache miss)
1595 http fetch GET 200 https://registry.npmjs.org/es-define-property/-/es-define-property-1.0.1.tgz 3337ms (cache miss)
1596 http fetch GET 200 https://registry.npmjs.org/es-errors/-/es-errors-1.3.0.tgz 3338ms (cache miss)
1597 http fetch GET 200 https://registry.npmjs.org/eslint-import-resolver-node/-/eslint-import-resolver-node-0.3.10.tgz 3340ms (cache miss)
1598 http fetch GET 200 https://registry.npmjs.org/postcss-focus-visible/-/postcss-focus-visible-9.0.1.tgz 3443ms (cache miss)
1599 http fetch GET 200 https://registry.npmjs.org/dunder-proto/-/dunder-proto-1.0.1.tgz 3338ms (cache miss)
1600 http fetch GET 200 https://registry.npmjs.org/devlop/-/devlop-1.1.0.tgz 3337ms (cache miss)
1601 http fetch GET 200 https://registry.npmjs.org/detect-libc/-/detect-libc-2.1.2.tgz 3338ms (cache miss)
1602 http fetch GET 200 https://registry.npmjs.org/detect-node-es/-/detect-node-es-1.1.0.tgz 3338ms (cache miss)
1603 http fetch GET 200 https://registry.npmjs.org/define-data-property/-/define-data-property-1.1.4.tgz 3338ms (cache miss)
1604 http fetch GET 200 https://registry.npmjs.org/dequal/-/dequal-2.0.3.tgz 3339ms (cache miss)
1605 http fetch GET 200 https://registry.npmjs.org/define-properties/-/define-properties-1.2.1.tgz 3339ms (cache miss)
1606 http fetch GET 200 https://registry.npmjs.org/data-view-byte-offset/-/data-view-byte-offset-1.0.1.tgz 3337ms (cache miss)
1607 http fetch GET 200 https://registry.npmjs.org/debug/-/debug-4.4.3.tgz 3338ms (cache miss)
1608 http fetch GET 200 https://registry.npmjs.org/deep-is/-/deep-is-0.1.4.tgz 3341ms (cache miss)
1609 http fetch GET 200 https://registry.npmjs.org/damerau-levenshtein/-/damerau-levenshtein-1.0.8.tgz 3338ms (cache miss)
1610 http fetch GET 200 https://registry.npmjs.org/d3-time/-/d3-time-3.1.0.tgz 3343ms (cache miss)
1611 http fetch GET 200 https://registry.npmjs.org/d3-timer/-/d3-timer-3.0.1.tgz 3342ms (cache miss)
1612 http fetch GET 200 https://registry.npmjs.org/d3-path/-/d3-path-3.1.0.tgz 3345ms (cache miss)
1613 http fetch GET 200 https://registry.npmjs.org/has-bigints/-/has-bigints-1.1.0.tgz 3389ms (cache miss)
1614 http fetch GET 200 https://registry.npmjs.org/d3-color/-/d3-color-3.1.0.tgz 3345ms (cache miss)
1615 http fetch GET 200 https://registry.npmjs.org/remark-mdx/-/remark-mdx-3.1.1.tgz 3487ms (cache miss)
1616 http fetch GET 200 https://registry.npmjs.org/cross-spawn/-/cross-spawn-7.0.6.tgz 3342ms (cache miss)
1617 http fetch GET 200 https://registry.npmjs.org/cssesc/-/cssesc-3.0.0.tgz 3344ms (cache miss)
1618 http fetch GET 200 https://registry.npmjs.org/eslint-import-resolver-typescript/-/eslint-import-resolver-typescript-3.10.1.tgz 3369ms (cache miss)
1619 http fetch GET 200 https://registry.npmjs.org/concat-map/-/concat-map-0.0.1.tgz 3343ms (cache miss)
1620 http fetch GET 200 https://registry.npmjs.org/color-convert/-/color-convert-2.0.1.tgz 3342ms (cache miss)
1621 http fetch GET 200 https://registry.npmjs.org/collapse-white-space/-/collapse-white-space-2.1.0.tgz 3341ms (cache miss)
1622 http fetch GET 200 https://registry.npmjs.org/color-name/-/color-name-1.1.4.tgz 3344ms (cache miss)
1623 http fetch GET 200 https://registry.npmjs.org/find-up/-/find-up-5.0.0.tgz 3386ms (cache miss)
1624 http fetch GET 200 https://registry.npmjs.org/cookie/-/cookie-1.1.1.tgz 3347ms (cache miss)
1625 http fetch GET 200 https://registry.npmjs.org/color/-/color-4.2.3.tgz 3345ms (cache miss)
1626 http fetch GET 200 https://registry.npmjs.org/character-reference-invalid/-/character-reference-invalid-2.0.1.tgz 3342ms (cache miss)
1627 http fetch GET 200 https://registry.npmjs.org/client-only/-/client-only-0.0.1.tgz 3344ms (cache miss)
1628 http fetch GET 200 https://registry.npmjs.org/eventemitter3/-/eventemitter3-4.0.7.tgz 3386ms (cache miss)
1629 http fetch GET 200 https://registry.npmjs.org/character-entities/-/character-entities-2.0.2.tgz 3342ms (cache miss)
1630 http fetch GET 200 https://registry.npmjs.org/callsites/-/callsites-3.1.0.tgz 3340ms (cache miss)
1631 http fetch GET 200 https://registry.npmjs.org/class-variance-authority/-/class-variance-authority-0.7.1.tgz 3345ms (cache miss)
1632 http fetch GET 200 https://registry.npmjs.org/character-entities-html4/-/character-entities-html4-2.1.0.tgz 3355ms (cache miss)
1633 http fetch GET 200 https://registry.npmjs.org/call-bind-apply-helpers/-/call-bind-apply-helpers-1.0.2.tgz 3358ms (cache miss)
1634 http fetch GET 200 https://registry.npmjs.org/ccount/-/ccount-2.0.1.tgz 3362ms (cache miss)
1635 http fetch GET 200 https://registry.npmjs.org/estree-util-is-identifier-name/-/estree-util-is-identifier-name-3.0.0.tgz 3407ms (cache miss)
1636 http fetch GET 200 https://registry.npmjs.org/estree-util-scope/-/estree-util-scope-1.0.0.tgz 3407ms (cache miss)
1637 http fetch GET 200 https://registry.npmjs.org/fastq/-/fastq-1.20.1.tgz 3406ms (cache miss)
1638 http fetch GET 200 https://registry.npmjs.org/eslint-visitor-keys/-/eslint-visitor-keys-4.2.1.tgz 3403ms (cache miss)
1639 http fetch GET 200 https://registry.npmjs.org/esast-util-from-js/-/esast-util-from-js-2.0.1.tgz 3400ms (cache miss)
1640 http fetch GET 200 https://registry.npmjs.org/stop-iteration-iterator/-/stop-iteration-iterator-1.1.0.tgz 3538ms (cache miss)
1641 http fetch GET 200 https://registry.npmjs.org/esast-util-from-estree/-/esast-util-from-estree-2.0.0.tgz 3419ms (cache miss)
1642 http fetch GET 200 https://registry.npmjs.org/data-view-buffer/-/data-view-buffer-1.0.2.tgz 3410ms (cache miss)
1643 http fetch GET 200 https://registry.npmjs.org/decode-named-character-reference/-/decode-named-character-reference-1.3.0.tgz 3414ms (cache miss)
1644 http fetch GET 200 https://registry.npmjs.org/brace-expansion/-/brace-expansion-1.1.14.tgz 3388ms (cache miss)
1645 http fetch GET 200 https://registry.npmjs.org/bail/-/bail-2.0.2.tgz 3387ms (cache miss)
1646 http fetch GET 200 https://registry.npmjs.org/blueimp-canvas-to-blob/-/blueimp-canvas-to-blob-3.29.0.tgz 3389ms (cache miss)
1647 http fetch GET 200 https://registry.npmjs.org/mdast-util-mdxjs-esm/-/mdast-util-mdxjs-esm-2.0.1.tgz 3487ms (cache miss)
1648 http fetch GET 200 https://registry.npmjs.org/comma-separated-tokens/-/comma-separated-tokens-2.0.3.tgz 3407ms (cache miss)
1649 http fetch GET 200 https://registry.npmjs.org/clsx/-/clsx-2.1.1.tgz 3420ms (cache miss)
1650 http fetch GET 200 https://registry.npmjs.org/data-view-byte-length/-/data-view-byte-length-1.0.2.tgz 3443ms (cache miss)
1651 http fetch GET 200 https://registry.npmjs.org/balanced-match/-/balanced-match-1.0.2.tgz 3419ms (cache miss)
1652 http fetch GET 200 https://registry.npmjs.org/array.prototype.tosorted/-/array.prototype.tosorted-1.1.4.tgz 3414ms (cache miss)
1653 http fetch GET 200 https://registry.npmjs.org/async-function/-/async-function-1.0.0.tgz 3416ms (cache miss)
1654 http fetch GET 200 https://registry.npmjs.org/call-bind/-/call-bind-1.0.9.tgz 3425ms (cache miss)
1655 http fetch GET 200 https://registry.npmjs.org/remark-rehype/-/remark-rehype-11.1.2.tgz 3583ms (cache miss)
1656 http fetch GET 200 https://registry.npmjs.org/color-string/-/color-string-1.9.1.tgz 3438ms (cache miss)
1657 http fetch GET 200 https://registry.npmjs.org/postcss-preset-env/-/postcss-preset-env-9.6.0.tgz 3583ms (cache miss)
1658 http fetch GET 200 https://registry.npmjs.org/array.prototype.flat/-/array.prototype.flat-1.3.3.tgz 3437ms (cache miss)
1659 http fetch GET 200 https://registry.npmjs.org/array.prototype.findlast/-/array.prototype.findlast-1.2.5.tgz 3436ms (cache miss)
1660 http fetch GET 200 https://registry.npmjs.org/array.prototype.flatmap/-/array.prototype.flatmap-1.3.3.tgz 3439ms (cache miss)
1661 http fetch GET 200 https://registry.npmjs.org/array-includes/-/array-includes-3.1.9.tgz 3436ms (cache miss)
1662 http fetch GET 200 https://registry.npmjs.org/safe-push-apply/-/safe-push-apply-1.0.0.tgz 3620ms (cache miss)
1663 http fetch GET 200 https://registry.npmjs.org/character-entities-legacy/-/character-entities-legacy-3.0.0.tgz 3464ms (cache miss)
1664 http fetch GET 200 https://registry.npmjs.org/ansi-styles/-/ansi-styles-4.3.0.tgz 3452ms (cache miss)
1665 http fetch GET 200 https://registry.npmjs.org/optionator/-/optionator-0.9.4.tgz 3608ms (cache miss)
1666 http fetch GET 200 https://registry.npmjs.org/safe-array-concat/-/safe-array-concat-1.1.4.tgz 3657ms (cache miss)
1667 http fetch GET 200 https://registry.npmjs.org/ignore/-/ignore-5.3.2.tgz 3565ms (cache miss)
1668 http fetch GET 200 https://registry.npmjs.org/set-function-length/-/set-function-length-1.2.2.tgz 3664ms (cache miss)
1669 http fetch GET 200 https://registry.npmjs.org/side-channel/-/side-channel-1.1.0.tgz 3671ms (cache miss)
1670 http fetch GET 200 https://registry.npmjs.org/@ungap/structured-clone/-/structured-clone-1.3.0.tgz 3489ms (cache miss)
1671 http fetch GET 200 https://registry.npmjs.org/safe-regex-test/-/safe-regex-test-1.1.0.tgz 3678ms (cache miss)
1672 http fetch GET 200 https://registry.npmjs.org/side-channel-weakmap/-/side-channel-weakmap-1.0.2.tgz 3690ms (cache miss)
1673 http fetch GET 200 https://registry.npmjs.org/acorn-jsx/-/acorn-jsx-5.3.2.tgz 3511ms (cache miss)
1674 http fetch GET 200 https://registry.npmjs.org/array-buffer-byte-length/-/array-buffer-byte-length-1.0.2.tgz 3514ms (cache miss)
1675 http fetch GET 200 https://registry.npmjs.org/aria-hidden/-/aria-hidden-1.2.6.tgz 3514ms (cache miss)
1676 http fetch GET 200 https://registry.npmjs.org/@typescript-eslint/project-service/-/project-service-8.59.0.tgz 3508ms (cache miss)
1677 http fetch GET 200 https://registry.npmjs.org/@typescript-eslint/parser/-/parser-8.59.0.tgz 3508ms (cache miss)
1678 http fetch GET 200 https://registry.npmjs.org/which-typed-array/-/which-typed-array-1.1.20.tgz 3730ms (cache miss)
1679 http fetch GET 200 https://registry.npmjs.org/ast-types-flow/-/ast-types-flow-0.0.8.tgz 3526ms (cache miss)
1680 http fetch GET 200 https://registry.npmjs.org/estraverse/-/estraverse-5.3.0.tgz 3581ms (cache miss)
1681 http fetch GET 200 https://registry.npmjs.org/@typescript-eslint/visitor-keys/-/visitor-keys-8.59.0.tgz 3529ms (cache miss)
1682 http fetch GET 200 https://registry.npmjs.org/@types/react-dom/-/react-dom-18.3.7.tgz 3530ms (cache miss)
1683 http fetch GET 200 https://registry.npmjs.org/mdast-util-mdx-expression/-/mdast-util-mdx-expression-2.0.1.tgz 3647ms (cache miss)
1684 http fetch GET 200 https://registry.npmjs.org/@types/ms/-/ms-2.1.0.tgz 3532ms (cache miss)
1685 http fetch GET 200 https://registry.npmjs.org/@types/json-schema/-/json-schema-7.0.15.tgz 3532ms (cache miss)
1686 http fetch GET 200 https://registry.npmjs.org/@types/mdx/-/mdx-2.0.13.tgz 3532ms (cache miss)
1687 http fetch GET 200 https://registry.npmjs.org/@types/estree-jsx/-/estree-jsx-1.0.5.tgz 3531ms (cache miss)
1688 http fetch GET 200 https://registry.npmjs.org/@types/mdast/-/mdast-4.0.4.tgz 3533ms (cache miss)
1689 http fetch GET 200 https://registry.npmjs.org/@types/d3-time/-/d3-time-3.0.4.tgz 3530ms (cache miss)
1690 http fetch GET 200 https://registry.npmjs.org/@types/estree/-/estree-1.0.8.tgz 3531ms (cache miss)
1691 http fetch GET 200 https://registry.npmjs.org/@types/json5/-/json5-0.0.29.tgz 3533ms (cache miss)
1692 http fetch GET 200 https://registry.npmjs.org/@types/d3-color/-/d3-color-3.1.3.tgz 3526ms (cache miss)
1693 http fetch GET 200 https://registry.npmjs.org/@types/d3-ease/-/d3-ease-3.0.2.tgz 3528ms (cache miss)
1694 http fetch GET 200 https://registry.npmjs.org/@types/d3-interpolate/-/d3-interpolate-3.0.4.tgz 3529ms (cache miss)
1695 http fetch GET 200 https://registry.npmjs.org/@types/d3-timer/-/d3-timer-3.0.2.tgz 3532ms (cache miss)
1696 http fetch GET 200 https://registry.npmjs.org/@types/cookie/-/cookie-0.6.0.tgz 3527ms (cache miss)
1697 http fetch GET 200 https://registry.npmjs.org/@types/d3-path/-/d3-path-3.1.1.tgz 3532ms (cache miss)
1698 http fetch GET 200 https://registry.npmjs.org/@tanstack/react-virtual/-/react-virtual-3.13.24.tgz 3528ms (cache miss)
1699 http fetch GET 200 https://registry.npmjs.org/possible-typed-array-names/-/possible-typed-array-names-1.1.0.tgz 3685ms (cache miss)
1700 http fetch GET 200 https://registry.npmjs.org/@rtsao/scc/-/scc-1.1.0.tgz 3527ms (cache miss)
1701 http fetch GET 200 https://registry.npmjs.org/@tailwindcss/oxide/-/oxide-4.2.4.tgz 3531ms (cache miss)
1702 http fetch GET 200 https://registry.npmjs.org/@react-aria/interactions/-/interactions-3.28.0.tgz 3527ms (cache miss)
1703 http fetch GET 200 https://registry.npmjs.org/@types/unist/-/unist-3.0.3.tgz 3547ms (cache miss)
1704 http fetch GET 200 https://registry.npmjs.org/@typescript-eslint/tsconfig-utils/-/tsconfig-utils-8.59.0.tgz 3549ms (cache miss)
1705 http fetch GET 200 https://registry.npmjs.org/mdast-util-mdx-jsx/-/mdast-util-mdx-jsx-3.2.0.tgz 3667ms (cache miss)
1706 http fetch GET 200 https://registry.npmjs.org/@types/hast/-/hast-3.0.4.tgz 3548ms (cache miss)
1707 http fetch GET 200 https://registry.npmjs.org/@types/debug/-/debug-4.1.13.tgz 3546ms (cache miss)
1708 http fetch GET 200 https://registry.npmjs.org/side-channel-map/-/side-channel-map-1.0.1.tgz 3750ms (cache miss)
1709 http fetch GET 200 https://registry.npmjs.org/side-channel-list/-/side-channel-list-1.0.1.tgz 3751ms (cache miss)
1710 http fetch GET 200 https://registry.npmjs.org/@radix-ui/react-use-escape-keydown/-/react-use-escape-keydown-1.1.1.tgz 3544ms (cache miss)
1711 http fetch GET 200 https://registry.npmjs.org/@radix-ui/react-primitive/-/react-primitive-2.1.3.tgz 3544ms (cache miss)
1712 http fetch GET 200 https://registry.npmjs.org/@react-aria/focus/-/focus-3.22.0.tgz 3547ms (cache miss)
1713 http fetch GET 200 https://registry.npmjs.org/@radix-ui/react-use-callback-ref/-/react-use-callback-ref-1.1.1.tgz 3543ms (cache miss)
1714 http fetch GET 200 https://registry.npmjs.org/@radix-ui/react-use-controllable-state/-/react-use-controllable-state-1.2.2.tgz 3545ms (cache miss)
1715 http fetch GET 200 https://registry.npmjs.org/@radix-ui/react-id/-/react-id-1.1.1.tgz 3543ms (cache miss)
1716 http fetch GET 200 https://registry.npmjs.org/@radix-ui/react-slot/-/react-slot-1.2.4.tgz 3545ms (cache miss)
1717 http fetch GET 200 https://registry.npmjs.org/@radix-ui/react-use-effect-event/-/react-use-effect-event-0.0.2.tgz 3547ms (cache miss)
1718 http fetch GET 200 https://registry.npmjs.org/@radix-ui/react-portal/-/react-portal-1.1.9.tgz 3544ms (cache miss)
1719 http fetch GET 200 https://registry.npmjs.org/@types/prop-types/-/prop-types-15.7.15.tgz 3656ms (cache miss)
1720 http fetch GET 200 https://registry.npmjs.org/@types/d3-array/-/d3-array-3.2.2.tgz 3648ms (cache miss)
1721 http fetch GET 200 https://registry.npmjs.org/globals/-/globals-14.0.0.tgz 3743ms (cache miss)
1722 http fetch GET 200 https://registry.npmjs.org/@radix-ui/react-visually-hidden/-/react-visually-hidden-1.2.4.tgz 3651ms (cache miss)
1723 http fetch GET 200 https://registry.npmjs.org/@radix-ui/react-use-layout-effect/-/react-use-layout-effect-1.1.1.tgz 3651ms (cache miss)
1724 http fetch GET 200 https://registry.npmjs.org/@radix-ui/react-focus-scope/-/react-focus-scope-1.1.7.tgz 3648ms (cache miss)
1725 http fetch GET 200 https://registry.npmjs.org/@radix-ui/react-dismissable-layer/-/react-dismissable-layer-1.1.11.tgz 3659ms (cache miss)
1726 http fetch GET 200 https://registry.npmjs.org/@radix-ui/react-presence/-/react-presence-1.1.5.tgz 3661ms (cache miss)
1727 http fetch GET 200 https://registry.npmjs.org/@radix-ui/react-focus-guards/-/react-focus-guards-1.1.3.tgz 3660ms (cache miss)
1728 silly packumentCache corgi:https://registry.npmjs.org/autoprefixer cache-miss
1729 silly packumentCache corgi:https://registry.npmjs.org/postcss-preset-env cache-miss
1730 silly packumentCache corgi:https://registry.npmjs.org/update-browserslist-db cache-miss
1731 http fetch GET 200 https://registry.npmjs.org/micromark-util-decode-string/-/micromark-util-decode-string-2.0.1.tgz 3817ms (cache miss)
1732 http fetch GET 200 https://registry.npmjs.org/micromark-factory-title/-/micromark-factory-title-2.0.1.tgz 3814ms (cache miss)
1733 http fetch GET 200 https://registry.npmjs.org/postcss-value-parser/-/postcss-value-parser-4.2.0.tgz 3861ms (cache miss)
1734 http fetch GET 200 https://registry.npmjs.org/micromark-factory-destination/-/micromark-factory-destination-2.0.1.tgz 3819ms (cache miss)
1735 http fetch GET 200 https://registry.npmjs.org/@radix-ui/react-context/-/react-context-1.1.2.tgz 3674ms (cache miss)
1736 http fetch GET 200 https://registry.npmjs.org/@nodelib/fs.walk/-/fs.walk-1.2.8.tgz 3673ms (cache miss)
1737 http fetch GET 200 https://registry.npmjs.org/@radix-ui/primitive/-/primitive-1.1.3.tgz 3681ms (cache miss)
1738 http fetch GET 200 https://registry.npmjs.org/@nodelib/fs.scandir/-/fs.scandir-2.1.5.tgz 3680ms (cache miss)
1739 http fetch GET 200 https://registry.npmjs.org/micromark-util-character/-/micromark-util-character-2.1.1.tgz 3836ms (cache miss)
1740 http fetch GET 200 https://registry.npmjs.org/@mdx-js/react/-/react-3.1.1.tgz 3686ms (cache miss)
1741 http fetch GET 200 https://registry.npmjs.org/@next/env/-/env-15.5.15.tgz 3689ms (cache miss)
1742 http fetch GET 200 https://registry.npmjs.org/@jridgewell/remapping/-/remapping-2.3.5.tgz 3691ms (cache miss)
1743 http fetch GET 200 https://registry.npmjs.org/micromark-factory-mdx-expression/-/micromark-factory-mdx-expression-2.0.3.tgz 3853ms (cache miss)
1744 http fetch GET 200 https://registry.npmjs.org/@mdx-js/loader/-/loader-3.1.1.tgz 3700ms (cache miss)
1745 http fetch GET 200 https://registry.npmjs.org/@radix-ui/react-compose-refs/-/react-compose-refs-1.1.2.tgz 3711ms (cache miss)
1746 http fetch GET 200 https://registry.npmjs.org/@nolyfill/is-core-module/-/is-core-module-1.0.39.tgz 3712ms (cache miss)
1747 http fetch GET 200 https://registry.npmjs.org/cssdb/-/cssdb-8.8.0.tgz 3781ms (cache miss)
1748 http fetch GET 200 https://registry.npmjs.org/object-keys/-/object-keys-1.1.1.tgz 3897ms (cache miss)
1749 http fetch GET 200 https://registry.npmjs.org/@humanwhocodes/module-importer/-/module-importer-1.0.1.tgz 3725ms (cache miss)
1750 http fetch GET 200 https://registry.npmjs.org/@humanfs/node/-/node-0.16.8.tgz 3725ms (cache miss)
1751 http fetch GET 200 https://registry.npmjs.org/@types/d3-shape/-/d3-shape-3.1.8.tgz 3759ms (cache miss)
1752 http fetch GET 200 https://registry.npmjs.org/@humanfs/core/-/core-0.19.2.tgz 3738ms (cache miss)
1753 http fetch GET 200 https://registry.npmjs.org/@humanfs/types/-/types-0.15.0.tgz 3739ms (cache miss)
1754 http fetch GET 200 https://registry.npmjs.org/prelude-ls/-/prelude-ls-1.2.1.tgz 3953ms (cache miss)
1755 http fetch GET 200 https://registry.npmjs.org/string.prototype.repeat/-/string.prototype.repeat-1.0.0.tgz 3984ms (cache miss)
1756 http fetch GET 200 https://registry.npmjs.org/is-core-module/-/is-core-module-2.16.1.tgz 3902ms (cache miss)
1757 http fetch GET 200 https://registry.npmjs.org/@types/d3-scale/-/d3-scale-4.0.9.tgz 3802ms (cache miss)
1758 http fetch GET 200 https://registry.npmjs.org/@floating-ui/react-dom/-/react-dom-2.1.8.tgz 3773ms (cache miss)
1759 http fetch GET 200 https://registry.npmjs.org/ts-api-utils/-/ts-api-utils-2.5.0.tgz 4021ms (cache miss)
1760 http fetch GET 200 https://registry.npmjs.org/fdir/-/fdir-6.5.0.tgz 3893ms (cache miss)
1761 http fetch GET 200 https://registry.npmjs.org/set-proto/-/set-proto-1.0.0.tgz 4024ms (cache miss)
1762 http fetch GET 200 https://registry.npmjs.org/@floating-ui/utils/-/utils-0.2.11.tgz 3811ms (cache miss)
1763 http fetch GET 200 https://registry.npmjs.org/esutils/-/esutils-2.0.3.tgz 3933ms (cache miss)
1764 http fetch GET 200 https://registry.npmjs.org/@next/mdx/-/mdx-15.5.15.tgz 3838ms (cache miss)
1765 http fetch GET 200 https://registry.npmjs.org/@eslint/config-helpers/-/config-helpers-0.4.2.tgz 3822ms (cache miss)
1766 http fetch GET 200 https://registry.npmjs.org/chalk/-/chalk-4.1.2.tgz 3910ms (cache miss)
1767 http fetch GET 200 https://registry.npmjs.org/is-callable/-/is-callable-1.2.7.tgz 3985ms (cache miss)
1768 http fetch GET 200 https://registry.npmjs.org/@eslint/js/-/js-9.39.4.tgz 3847ms (cache miss)
1769 http fetch GET 200 https://registry.npmjs.org/picomatch/-/picomatch-4.0.4.tgz 4042ms (cache miss)
1770 http fetch GET 200 https://registry.npmjs.org/is-string/-/is-string-1.1.1.tgz 4010ms (cache miss)
1771 http fetch GET 200 https://registry.npmjs.org/is-shared-array-buffer/-/is-shared-array-buffer-1.0.4.tgz 4009ms (cache miss)
1772 http fetch GET 200 https://registry.npmjs.org/functions-have-names/-/functions-have-names-1.2.3.tgz 4010ms (cache miss)
1773 http fetch GET 200 https://registry.npmjs.org/tslib/-/tslib-2.8.1.tgz 4142ms (cache miss)
1774 http fetch GET 200 https://registry.npmjs.org/prop-types/-/prop-types-15.8.1.tgz 4106ms (cache miss)
1775 http fetch GET 200 https://registry.npmjs.org/unist-util-visit-parents/-/unist-util-visit-parents-6.0.2.tgz 4169ms (cache miss)
1776 http fetch GET 200 https://registry.npmjs.org/classnames/-/classnames-2.5.1.tgz 3992ms (cache miss)
1777 http fetch GET 200 https://registry.npmjs.org/get-tsconfig/-/get-tsconfig-4.14.0.tgz 4045ms (cache miss)
1778 http fetch GET 200 https://registry.npmjs.org/@csstools/postcss-unset-value/-/postcss-unset-value-3.0.1.tgz 3917ms (cache miss)
1779 http fetch GET 200 https://registry.npmjs.org/@csstools/selector-resolve-nested/-/selector-resolve-nested-1.1.0.tgz 3919ms (cache miss)
1780 http fetch GET 200 https://registry.npmjs.org/@csstools/selector-specificity/-/selector-specificity-3.1.1.tgz 3920ms (cache miss)
1781 http fetch GET 200 https://registry.npmjs.org/@csstools/postcss-stepped-value-functions/-/postcss-stepped-value-functions-3.0.10.tgz 3918ms (cache miss)
1782 http fetch GET 200 https://registry.npmjs.org/@csstools/postcss-text-decoration-shorthand/-/postcss-text-decoration-shorthand-3.0.7.tgz 3918ms (cache miss)
1783 http fetch GET 200 https://registry.npmjs.org/@csstools/postcss-scope-pseudo-class/-/postcss-scope-pseudo-class-3.0.1.tgz 3918ms (cache miss)
1784 http fetch GET 200 https://registry.npmjs.org/@csstools/utilities/-/utilities-1.0.0.tgz 3920ms (cache miss)
1785 http fetch GET 200 https://registry.npmjs.org/@csstools/postcss-oklab-function/-/postcss-oklab-function-3.0.19.tgz 3917ms (cache miss)
1786 http fetch GET 200 https://registry.npmjs.org/@csstools/postcss-relative-color-syntax/-/postcss-relative-color-syntax-2.0.19.tgz 3919ms (cache miss)
1787 http fetch GET 200 https://registry.npmjs.org/reusify/-/reusify-1.1.0.tgz 4159ms (cache miss)
1788 http fetch GET 200 https://registry.npmjs.org/@csstools/postcss-progressive-custom-properties/-/postcss-progressive-custom-properties-3.3.0.tgz 3927ms (cache miss)
1789 http fetch GET 200 https://registry.npmjs.org/string.prototype.trimend/-/string.prototype.trimend-1.0.9.tgz 4175ms (cache miss)
1790 http fetch GET 200 https://registry.npmjs.org/is-symbol/-/is-symbol-1.1.1.tgz 4091ms (cache miss)
1791 http fetch GET 200 https://registry.npmjs.org/@img/colour/-/colour-1.1.0.tgz 3961ms (cache miss)
1792 http fetch GET 200 https://registry.npmjs.org/@csstools/postcss-normalize-display-values/-/postcss-normalize-display-values-3.0.2.tgz 3946ms (cache miss)
1793 http fetch GET 200 https://registry.npmjs.org/estree-util-to-js/-/estree-util-to-js-2.0.0.tgz 4095ms (cache miss)
1794 http fetch GET 200 https://registry.npmjs.org/string.prototype.trim/-/string.prototype.trim-1.2.10.tgz 4228ms (cache miss)
1795 http fetch GET 200 https://registry.npmjs.org/@csstools/postcss-nested-calc/-/postcss-nested-calc-3.0.2.tgz 3992ms (cache miss)
1796 http fetch GET 200 https://registry.npmjs.org/tiny-invariant/-/tiny-invariant-1.3.3.tgz 4267ms (cache miss)
1797 http fetch GET 200 https://registry.npmjs.org/argparse/-/argparse-2.0.1.tgz 4133ms (cache miss)
1798 http fetch GET 200 https://registry.npmjs.org/reflect.getprototypeof/-/reflect.getprototypeof-1.0.10.tgz 4333ms (cache miss)
1799 http fetch GET 200 https://registry.npmjs.org/@csstools/postcss-logical-viewport-units/-/postcss-logical-viewport-units-2.0.11.tgz 4141ms (cache miss)
1800 http fetch GET 200 https://registry.npmjs.org/call-bound/-/call-bound-1.0.4.tgz 4268ms (cache miss)
1801 http fetch GET 200 https://registry.npmjs.org/hast-util-to-jsx-runtime/-/hast-util-to-jsx-runtime-2.3.6.tgz 4347ms (cache miss)
1802 http cache https://registry.npmjs.org/autoprefixer 584ms (cache hit)
1803 silly packumentCache corgi:https://registry.npmjs.org/autoprefixer set size:307913 disposed:false
1804 http cache https://registry.npmjs.org/postcss-preset-env 587ms (cache hit)
1805 silly packumentCache corgi:https://registry.npmjs.org/postcss-preset-env set size:498256 disposed:false
1806 http cache https://registry.npmjs.org/update-browserslist-db 592ms (cache hit)
1807 silly packumentCache corgi:https://registry.npmjs.org/update-browserslist-db set size:39188 disposed:false
1808 silly packumentCache corgi:https://registry.npmjs.org/gray-matter cache-miss
1809 http fetch GET 200 https://registry.npmjs.org/doctrine/-/doctrine-2.1.0.tgz 4383ms (cache miss)
1810 http fetch GET 200 https://registry.npmjs.org/unified/-/unified-11.0.5.tgz 4555ms (cache miss)
1811 http fetch GET 200 https://registry.npmjs.org/@csstools/postcss-logical-resize/-/postcss-logical-resize-2.0.1.tgz 4296ms (cache miss)
1812 http fetch GET 200 https://registry.npmjs.org/@csstools/postcss-logical-overscroll-behavior/-/postcss-logical-overscroll-behavior-1.0.1.tgz 4309ms (cache miss)
1813 http fetch GET 200 https://registry.npmjs.org/browserslist/-/browserslist-4.28.2.tgz 4396ms (cache miss)
1814 http fetch GET 200 https://registry.npmjs.org/available-typed-arrays/-/available-typed-arrays-1.0.7.tgz 4413ms (cache miss)
1815 http fetch GET 200 https://registry.npmjs.org/@csstools/postcss-media-queries-aspect-ratio-number-values/-/postcss-media-queries-aspect-ratio-number-values-2.0.11.tgz 4343ms (cache miss)
1816 http fetch GET 200 https://registry.npmjs.org/@csstools/postcss-light-dark-function/-/postcss-light-dark-function-1.0.8.tgz 4343ms (cache miss)
1817 http fetch GET 200 https://registry.npmjs.org/@csstools/postcss-logical-overflow/-/postcss-logical-overflow-1.0.1.tgz 4344ms (cache miss)
1818 http fetch GET 200 https://registry.npmjs.org/@tailwindcss/postcss/-/postcss-4.2.4.tgz 4390ms (cache miss)
1819 http fetch GET 200 https://registry.npmjs.org/@eslint/core/-/core-0.17.0.tgz 4362ms (cache miss)
1820 http fetch GET 200 https://registry.npmjs.org/esprima/-/esprima-4.0.1.tgz 4470ms (cache miss)
1821 http fetch GET 200 https://registry.npmjs.org/@csstools/postcss-is-pseudo-class/-/postcss-is-pseudo-class-4.0.8.tgz 4350ms (cache miss)
1822 http fetch GET 200 https://registry.npmjs.org/@csstools/postcss-hwb-function/-/postcss-hwb-function-3.0.18.tgz 4354ms (cache miss)
1823 http fetch GET 200 https://registry.npmjs.org/react-swipeable/-/react-swipeable-7.0.2.tgz 4589ms (cache miss)
1824 http fetch GET 200 https://registry.npmjs.org/@csstools/postcss-media-minmax/-/postcss-media-minmax-1.1.8.tgz 4361ms (cache miss)
1825 http fetch GET 200 https://registry.npmjs.org/is-generator-function/-/is-generator-function-1.1.2.tgz 4514ms (cache miss)
1826 http fetch GET 200 https://registry.npmjs.org/string.prototype.trimstart/-/string.prototype.trimstart-1.0.8.tgz 4615ms (cache miss)
1827 http fetch GET 200 https://registry.npmjs.org/@csstools/postcss-initial/-/postcss-initial-1.0.1.tgz 4365ms (cache miss)
1828 http fetch GET 200 https://registry.npmjs.org/postcss-focus-within/-/postcss-focus-within-8.0.1.tgz 4584ms (cache miss)
1829 http fetch GET 200 https://registry.npmjs.org/@csstools/postcss-ic-unit/-/postcss-ic-unit-3.0.7.tgz 4373ms (cache miss)
1830 http fetch GET 200 https://registry.npmjs.org/@csstools/postcss-gamut-mapping/-/postcss-gamut-mapping-1.0.11.tgz 4373ms (cache miss)
1831 http fetch GET 200 https://registry.npmjs.org/@csstools/postcss-font-format-keywords/-/postcss-font-format-keywords-3.0.2.tgz 4393ms (cache miss)
1832 http fetch GET 200 https://registry.npmjs.org/@csstools/cascade-layer-name-parser/-/cascade-layer-name-parser-1.0.13.tgz 4389ms (cache miss)
1833 http fetch GET 200 https://registry.npmjs.org/espree/-/espree-10.4.0.tgz 4546ms (cache miss)
1834 http fetch GET 200 https://registry.npmjs.org/@babel/helper-validator-identifier/-/helper-validator-identifier-7.28.5.tgz 4419ms (cache miss)
1835 http fetch GET 200 https://registry.npmjs.org/scheduler/-/scheduler-0.25.0.tgz 4672ms (cache miss)
1836 http fetch GET 200 https://registry.npmjs.org/eslint-plugin-react-hooks/-/eslint-plugin-react-hooks-5.2.0.tgz 4552ms (cache miss)
1837 http fetch GET 200 https://registry.npmjs.org/braces/-/braces-3.0.3.tgz 4512ms (cache miss)
1838 http fetch GET 200 https://registry.npmjs.org/regexp.prototype.flags/-/regexp.prototype.flags-1.5.4.tgz 4673ms (cache miss)
1839 http fetch GET 200 https://registry.npmjs.org/@csstools/postcss-global-data/-/postcss-global-data-2.1.1.tgz 4437ms (cache miss)
1840 http fetch GET 200 https://registry.npmjs.org/@babel/code-frame/-/code-frame-7.29.0.tgz 4429ms (cache miss)
1841 http fetch GET 200 https://registry.npmjs.org/use-sync-external-store/-/use-sync-external-store-1.2.0.tgz 4432ms (cache miss)
1842 http fetch GET 200 https://registry.npmjs.org/@jridgewell/resolve-uri/-/resolve-uri-3.1.2.tgz 4474ms (cache miss)
1843 http fetch GET 200 https://registry.npmjs.org/baseline-browser-mapping/-/baseline-browser-mapping-2.10.21.tgz 4528ms (cache miss)
1844 http fetch GET 200 https://registry.npmjs.org/hast-util-sanitize/-/hast-util-sanitize-5.0.2.tgz 4598ms (cache miss)
1845 http fetch GET 200 https://registry.npmjs.org/sprintf-js/-/sprintf-js-1.0.3.tgz 4709ms (cache miss)
1846 http fetch GET 200 https://registry.npmjs.org/@csstools/postcss-exponential-functions/-/postcss-exponential-functions-1.0.9.tgz 4459ms (cache miss)
1847 http fetch GET 200 https://registry.npmjs.org/object.groupby/-/object.groupby-1.0.3.tgz 4660ms (cache miss)
1848 http fetch GET 200 https://registry.npmjs.org/react-is/-/react-is-18.3.1.tgz 4454ms (cache miss)
1849 http fetch GET 200 https://registry.npmjs.org/@types/unist/-/unist-2.0.11.tgz 4456ms (cache miss)
1850 http fetch GET 200 https://registry.npmjs.org/@csstools/postcss-trigonometric-functions/-/postcss-trigonometric-functions-3.0.10.tgz 4477ms (cache miss)
1851 http fetch GET 200 https://registry.npmjs.org/@csstools/postcss-cascade-layers/-/postcss-cascade-layers-4.0.6.tgz 4470ms (cache miss)
1852 http fetch GET 200 https://registry.npmjs.org/decimal.js-light/-/decimal.js-light-2.5.1.tgz 4577ms (cache miss)
1853 http fetch GET 200 https://registry.npmjs.org/@csstools/postcss-content-alt-text/-/postcss-content-alt-text-1.0.0.tgz 4472ms (cache miss)
1854 http fetch GET 200 https://registry.npmjs.org/json5/-/json5-1.0.2.tgz 4642ms (cache miss)
1855 http fetch GET 200 https://registry.npmjs.org/get-proto/-/get-proto-1.0.1.tgz 4616ms (cache miss)
1856 http fetch GET 200 https://registry.npmjs.org/balanced-match/-/balanced-match-4.0.4.tgz 4459ms (cache miss)
1857 http fetch GET 200 https://registry.npmjs.org/brace-expansion/-/brace-expansion-5.0.5.tgz 4460ms (cache miss)
1858 http fetch GET 200 https://registry.npmjs.org/eslint-visitor-keys/-/eslint-visitor-keys-3.4.3.tgz 4459ms (cache miss)
1859 http fetch GET 200 https://registry.npmjs.org/@csstools/postcss-gradients-interpolation-method/-/postcss-gradients-interpolation-method-4.0.20.tgz 4480ms (cache miss)
1860 http fetch GET 200 https://registry.npmjs.org/@radix-ui/react-slot/-/react-slot-1.2.3.tgz 4463ms (cache miss)
1861 http fetch GET 200 https://registry.npmjs.org/electron-to-chromium/-/electron-to-chromium-1.5.344.tgz 4594ms (cache miss)
1862 http fetch GET 200 https://registry.npmjs.org/@alloc/quick-lru/-/quick-lru-5.2.0.tgz 4482ms (cache miss)
1863 http fetch GET 200 https://registry.npmjs.org/micromark-extension-mdx-expression/-/micromark-extension-mdx-expression-3.0.1.tgz 4675ms (cache miss)
1864 http fetch GET 200 https://registry.npmjs.org/@csstools/postcss-color-function/-/postcss-color-function-3.0.19.tgz 4496ms (cache miss)
1865 http fetch GET 200 https://registry.npmjs.org/use-sync-external-store/-/use-sync-external-store-1.6.0.tgz 4783ms (cache miss)
1866 http fetch GET 200 https://registry.npmjs.org/string.prototype.matchall/-/string.prototype.matchall-4.0.12.tgz 4763ms (cache miss)
1867 http fetch GET 200 https://registry.npmjs.org/@csstools/css-calc/-/css-calc-1.2.4.tgz 4505ms (cache miss)
1868 http fetch GET 200 https://registry.npmjs.org/glob-parent/-/glob-parent-5.1.2.tgz 4499ms (cache miss)
1869 http fetch GET 200 https://registry.npmjs.org/@radix-ui/react-slot/-/react-slot-1.2.3.tgz 4517ms (cache miss)
1870 http fetch GET 200 https://registry.npmjs.org/@radix-ui/react-dialog/-/react-dialog-1.1.15.tgz 4599ms (cache miss)
1871 http fetch GET 200 https://registry.npmjs.org/@humanwhocodes/retry/-/retry-0.4.3.tgz 4597ms (cache miss)
1872 http cache https://registry.npmjs.org/gray-matter 355ms (cache hit)
1873 silly packumentCache corgi:https://registry.npmjs.org/gray-matter set size:48511 disposed:false
1874 silly packumentCache corgi:https://registry.npmjs.org/@eslint%2feslintrc cache-miss
1875 http fetch GET 200 https://registry.npmjs.org/chokidar/-/chokidar-4.0.3.tgz 4666ms (cache miss)
1876 http fetch GET 200 https://registry.npmjs.org/@csstools/postcss-logical-float-and-clear/-/postcss-logical-float-and-clear-2.0.1.tgz 4598ms (cache miss)
1877 http fetch GET 200 https://registry.npmjs.org/css-prefers-color-scheme/-/css-prefers-color-scheme-9.0.1.tgz 4719ms (cache miss)
1878 http fetch GET 200 https://registry.npmjs.org/style-to-object/-/style-to-object-1.0.14.tgz 4883ms (cache miss)
1879 http fetch GET 200 https://registry.npmjs.org/ignore/-/ignore-7.0.5.tgz 4610ms (cache miss)
1880 http fetch GET 200 https://registry.npmjs.org/semver/-/semver-6.3.1.tgz 4618ms (cache miss)
1881 http fetch GET 200 https://registry.npmjs.org/object.entries/-/object.entries-1.1.9.tgz 4829ms (cache miss)
1882 http fetch GET 200 https://registry.npmjs.org/inline-style-parser/-/inline-style-parser-0.2.7.tgz 4787ms (cache miss)
1883 http fetch GET 200 https://registry.npmjs.org/semver/-/semver-6.3.1.tgz 4626ms (cache miss)
1884 http fetch GET 200 https://registry.npmjs.org/has-symbols/-/has-symbols-1.1.0.tgz 4785ms (cache miss)
1885 http fetch GET 200 https://registry.npmjs.org/semver/-/semver-6.3.1.tgz 4627ms (cache miss)
1886 http fetch GET 200 https://registry.npmjs.org/compressorjs/-/compressorjs-1.3.0.tgz 4735ms (cache miss)
1887 http fetch GET 200 https://registry.npmjs.org/react-hooks-global-state/-/react-hooks-global-state-2.1.0.tgz 4872ms (cache miss)
1888 http fetch GET 200 https://registry.npmjs.org/css-blank-pseudo/-/css-blank-pseudo-6.0.2.tgz 4739ms (cache miss)
1889 http fetch GET 200 https://registry.npmjs.org/@parcel/watcher-win32-x64/-/watcher-win32-x64-2.5.6.tgz 4695ms (cache miss)
1890 http fetch GET 200 https://registry.npmjs.org/emoji-regex/-/emoji-regex-9.2.2.tgz 4777ms (cache miss)
1891 http fetch GET 200 https://registry.npmjs.org/arraybuffer.prototype.slice/-/arraybuffer.prototype.slice-1.0.4.tgz 4742ms (cache miss)
1892 http fetch GET 200 https://registry.npmjs.org/@csstools/media-query-list-parser/-/media-query-list-parser-2.1.13.tgz 4667ms (cache miss)
1893 http fetch GET 200 https://registry.npmjs.org/@csstools/postcss-color-mix-function/-/postcss-color-mix-function-2.0.19.tgz 4671ms (cache miss)
1894 http fetch GET 200 https://registry.npmjs.org/@tailwindcss/node/-/node-4.2.4.tgz 4731ms (cache miss)
1895 http fetch GET 200 https://registry.npmjs.org/array.prototype.findlastindex/-/array.prototype.findlastindex-1.2.6.tgz 4763ms (cache miss)
1896 http fetch GET 200 https://registry.npmjs.org/magic-string/-/magic-string-0.30.21.tgz 4876ms (cache miss)
1897 http fetch GET 200 https://registry.npmjs.org/@csstools/color-helpers/-/color-helpers-4.2.1.tgz 4714ms (cache miss)
1898 http fetch GET 200 https://registry.npmjs.org/@csstools/css-tokenizer/-/css-tokenizer-2.4.1.tgz 4721ms (cache miss)
1899 http fetch GET 200 https://registry.npmjs.org/@csstools/css-parser-algorithms/-/css-parser-algorithms-2.7.1.tgz 4728ms (cache miss)
1900 http fetch GET 200 https://registry.npmjs.org/source-map-js/-/source-map-js-1.2.1.tgz 4993ms (cache miss)
1901 http fetch GET 200 https://registry.npmjs.org/css-has-pseudo/-/css-has-pseudo-6.0.5.tgz 4842ms (cache miss)
1902 http fetch GET 200 https://registry.npmjs.org/style-to-js/-/style-to-js-1.1.21.tgz 5020ms (cache miss)
1903 http fetch GET 200 https://registry.npmjs.org/@eslint-community/regexpp/-/regexpp-4.12.2.tgz 4777ms (cache miss)
1904 http fetch GET 200 https://registry.npmjs.org/astring/-/astring-1.9.0.tgz 4842ms (cache miss)
1905 http fetch GET 200 https://registry.npmjs.org/@csstools/css-color-parser/-/css-color-parser-2.0.5.tgz 4763ms (cache miss)
1906 http fetch GET 200 https://registry.npmjs.org/eslint-scope/-/eslint-scope-8.4.0.tgz 4899ms (cache miss)
1907 http cache https://registry.npmjs.org/@eslint%2feslintrc 204ms (cache hit)
1908 silly packumentCache corgi:https://registry.npmjs.org/@eslint%2feslintrc set size:85827 disposed:false
1909 silly packumentCache corgi:https://registry.npmjs.org/sass cache-miss
1910 http fetch GET 200 https://registry.npmjs.org/object.assign/-/object.assign-4.1.7.tgz 4984ms (cache miss)
1911 http fetch GET 200 https://registry.npmjs.org/@eslint/object-schema/-/object-schema-2.1.7.tgz 4804ms (cache miss)
1912 http fetch GET 200 https://registry.npmjs.org/@floating-ui/dom/-/dom-1.7.6.tgz 4814ms (cache miss)
1913 http fetch GET 200 https://registry.npmjs.org/micromark-util-events-to-acorn/-/micromark-util-events-to-acorn-2.0.3.tgz 4987ms (cache miss)
1914 http fetch GET 200 https://registry.npmjs.org/debug/-/debug-3.2.7.tgz 4790ms (cache miss)
1915 http fetch GET 200 https://registry.npmjs.org/debug/-/debug-3.2.7.tgz 4789ms (cache miss)
1916 http fetch GET 200 https://registry.npmjs.org/debug/-/debug-3.2.7.tgz 4791ms (cache miss)
1917 http fetch GET 200 https://registry.npmjs.org/immutable/-/immutable-5.1.5.tgz 4956ms (cache miss)
1918 http fetch GET 200 https://registry.npmjs.org/@typescript-eslint/types/-/types-8.59.0.tgz 4873ms (cache miss)
1919 http fetch GET 200 https://registry.npmjs.org/@eslint/plugin-kit/-/plugin-kit-0.4.1.tgz 4827ms (cache miss)
1920 http fetch GET 200 https://registry.npmjs.org/eslint-visitor-keys/-/eslint-visitor-keys-5.0.1.tgz 4886ms (cache miss)
1921 http fetch GET 200 https://registry.npmjs.org/@floating-ui/core/-/core-1.7.5.tgz 4922ms (cache miss)
1922 http fetch GET 200 https://registry.npmjs.org/@eslint-community/eslint-utils/-/eslint-utils-4.9.1.tgz 4919ms (cache miss)
1923 http fetch GET 200 https://registry.npmjs.org/@radix-ui/react-primitive/-/react-primitive-2.1.4.tgz 4894ms (cache miss)
1924 http fetch GET 200 https://registry.npmjs.org/picomatch/-/picomatch-2.3.2.tgz 4906ms (cache miss)
1925 http fetch GET 200 https://registry.npmjs.org/acorn/-/acorn-8.16.0.tgz 4988ms (cache miss)
1926 http fetch GET 200 https://registry.npmjs.org/mdast-util-from-markdown/-/mdast-util-from-markdown-2.0.3.tgz 5097ms (cache miss)
1927 http fetch GET 200 https://registry.npmjs.org/node-addon-api/-/node-addon-api-7.1.1.tgz 5125ms (cache miss)
1928 http fetch GET 200 https://registry.npmjs.org/lightningcss/-/lightningcss-1.32.0.tgz 5113ms (cache miss)
1929 http fetch GET 200 https://registry.npmjs.org/d3-ease/-/d3-ease-3.0.1.tgz 5041ms (cache miss)
1930 http fetch GET 200 https://registry.npmjs.org/tapable/-/tapable-2.3.3.tgz 5219ms (cache miss)
1931 http fetch GET 200 https://registry.npmjs.org/recharts-scale/-/recharts-scale-0.4.5.tgz 5191ms (cache miss)
1932 http fetch GET 200 https://registry.npmjs.org/csstype/-/csstype-3.2.3.tgz 5056ms (cache miss)
1933 http fetch GET 200 https://registry.npmjs.org/es-to-primitive/-/es-to-primitive-1.3.0.tgz 5097ms (cache miss)
1934 http cache https://registry.npmjs.org/sass 197ms (cache hit)
1935 silly packumentCache corgi:https://registry.npmjs.org/sass set size:389881 disposed:false
1936 http fetch GET 200 https://registry.npmjs.org/@types/react/-/react-18.3.28.tgz 5072ms (cache miss)
1937 http fetch GET 200 https://registry.npmjs.org/@nodelib/fs.stat/-/fs.stat-2.0.5.tgz 5044ms (cache miss)
1938 http fetch GET 200 https://registry.npmjs.org/source-map/-/source-map-0.7.6.tgz 5273ms (cache miss)
1939 silly packumentCache corgi:https://registry.npmjs.org/@once-ui-system%2fcore cache-miss
1940 http fetch GET 200 https://registry.npmjs.org/minimist/-/minimist-1.2.8.tgz 5244ms (cache miss)
1941 http fetch GET 200 https://registry.npmjs.org/tabbable/-/tabbable-6.4.0.tgz 5313ms (cache miss)
1942 http fetch GET 200 https://registry.npmjs.org/fraction.js/-/fraction.js-5.3.4.tgz 5190ms (cache miss)
1943 http fetch GET 200 https://registry.npmjs.org/@react-types/shared/-/shared-3.34.0.tgz 5104ms (cache miss)
1944 http fetch GET 200 https://registry.npmjs.org/napi-postinstall/-/napi-postinstall-0.3.4.tgz 5282ms (cache miss)
1945 http fetch GET 200 https://registry.npmjs.org/vfile/-/vfile-6.0.3.tgz 5384ms (cache miss)
1946 http cache https://registry.npmjs.org/@once-ui-system%2fcore 72ms (cache hit)
1947 silly packumentCache corgi:https://registry.npmjs.org/@once-ui-system%2fcore set size:149294 disposed:false
1948 silly packumentCache corgi:https://registry.npmjs.org/@csstools%2fpostcss-cascade-layers cache-miss
1949 silly packumentCache corgi:https://registry.npmjs.org/@csstools%2fpostcss-color-function cache-miss
1950 silly packumentCache corgi:https://registry.npmjs.org/@csstools%2fpostcss-color-mix-function cache-miss
1951 silly packumentCache corgi:https://registry.npmjs.org/@csstools%2fpostcss-content-alt-text cache-miss
1952 silly packumentCache corgi:https://registry.npmjs.org/@csstools%2fpostcss-exponential-functions cache-miss
1953 silly packumentCache corgi:https://registry.npmjs.org/@csstools%2fpostcss-font-format-keywords cache-miss
1954 silly packumentCache corgi:https://registry.npmjs.org/@csstools%2fpostcss-gamut-mapping cache-miss
1955 silly packumentCache corgi:https://registry.npmjs.org/@csstools%2fpostcss-global-data cache-miss
1956 silly packumentCache corgi:https://registry.npmjs.org/@csstools%2fpostcss-gradients-interpolation-method cache-miss
1957 silly packumentCache corgi:https://registry.npmjs.org/@csstools%2fpostcss-hwb-function cache-miss
1958 silly packumentCache corgi:https://registry.npmjs.org/@csstools%2fpostcss-ic-unit cache-miss
1959 silly packumentCache corgi:https://registry.npmjs.org/@csstools%2fpostcss-initial cache-miss
1960 silly packumentCache corgi:https://registry.npmjs.org/@csstools%2fpostcss-is-pseudo-class cache-miss
1961 silly packumentCache corgi:https://registry.npmjs.org/@csstools%2fpostcss-light-dark-function cache-miss
1962 silly packumentCache corgi:https://registry.npmjs.org/@csstools%2fpostcss-logical-float-and-clear cache-miss
1963 silly packumentCache corgi:https://registry.npmjs.org/@csstools%2fpostcss-logical-overflow cache-miss
1964 silly packumentCache corgi:https://registry.npmjs.org/@csstools%2fpostcss-logical-overscroll-behavior cache-miss
1965 silly packumentCache corgi:https://registry.npmjs.org/@csstools%2fpostcss-logical-resize cache-miss
1966 silly packumentCache corgi:https://registry.npmjs.org/@csstools%2fpostcss-logical-viewport-units cache-miss
1967 silly packumentCache corgi:https://registry.npmjs.org/@csstools%2fpostcss-media-minmax cache-miss
1968 silly packumentCache corgi:https://registry.npmjs.org/@csstools%2fpostcss-media-queries-aspect-ratio-number-values cache-miss
1969 silly packumentCache corgi:https://registry.npmjs.org/@csstools%2fpostcss-nested-calc cache-miss
1970 silly packumentCache corgi:https://registry.npmjs.org/@csstools%2fpostcss-normalize-display-values cache-miss
1971 silly packumentCache corgi:https://registry.npmjs.org/@csstools%2fpostcss-oklab-function cache-miss
1972 silly packumentCache corgi:https://registry.npmjs.org/@csstools%2fpostcss-progressive-custom-properties cache-miss
1973 silly packumentCache corgi:https://registry.npmjs.org/@csstools%2fpostcss-relative-color-syntax cache-miss
1974 silly packumentCache corgi:https://registry.npmjs.org/@csstools%2fpostcss-scope-pseudo-class cache-miss
1975 silly packumentCache corgi:https://registry.npmjs.org/@csstools%2fpostcss-stepped-value-functions cache-miss
1976 silly packumentCache corgi:https://registry.npmjs.org/@csstools%2fpostcss-text-decoration-shorthand cache-miss
1977 silly packumentCache corgi:https://registry.npmjs.org/@csstools%2fpostcss-trigonometric-functions cache-miss
1978 silly packumentCache corgi:https://registry.npmjs.org/@csstools%2fpostcss-unset-value cache-miss
1979 silly packumentCache corgi:https://registry.npmjs.org/@csstools%2futilities cache-miss
1980 silly packumentCache corgi:https://registry.npmjs.org/@tailwindcss%2fpostcss cache-miss
1981 silly packumentCache corgi:https://registry.npmjs.org/css-blank-pseudo cache-miss
1982 silly packumentCache corgi:https://registry.npmjs.org/css-has-pseudo cache-miss
1983 silly packumentCache corgi:https://registry.npmjs.org/css-prefers-color-scheme cache-miss
1984 silly packumentCache corgi:https://registry.npmjs.org/postcss-attribute-case-insensitive cache-miss
1985 silly packumentCache corgi:https://registry.npmjs.org/postcss-clamp cache-miss
1986 silly packumentCache corgi:https://registry.npmjs.org/postcss-color-functional-notation cache-miss
1987 silly packumentCache corgi:https://registry.npmjs.org/postcss-color-hex-alpha cache-miss
1988 silly packumentCache corgi:https://registry.npmjs.org/postcss-color-rebeccapurple cache-miss
1989 silly packumentCache corgi:https://registry.npmjs.org/postcss-custom-media cache-miss
1990 silly packumentCache corgi:https://registry.npmjs.org/postcss-custom-properties cache-miss
1991 silly packumentCache corgi:https://registry.npmjs.org/postcss-custom-selectors cache-miss
1992 silly packumentCache corgi:https://registry.npmjs.org/postcss-dir-pseudo-class cache-miss
1993 silly packumentCache corgi:https://registry.npmjs.org/postcss-double-position-gradients cache-miss
1994 silly packumentCache corgi:https://registry.npmjs.org/postcss-flexbugs-fixes cache-miss
1995 silly packumentCache corgi:https://registry.npmjs.org/postcss-focus-visible cache-miss
1996 silly packumentCache corgi:https://registry.npmjs.org/postcss-focus-within cache-miss
1997 silly packumentCache corgi:https://registry.npmjs.org/postcss-font-variant cache-miss
1998 silly packumentCache corgi:https://registry.npmjs.org/postcss-gap-properties cache-miss
1999 silly packumentCache corgi:https://registry.npmjs.org/postcss-image-set-function cache-miss
2000 silly packumentCache corgi:https://registry.npmjs.org/postcss-lab-function cache-miss
2001 silly packumentCache corgi:https://registry.npmjs.org/postcss-logical cache-miss
2002 silly packumentCache corgi:https://registry.npmjs.org/postcss-nesting cache-miss
2003 silly packumentCache corgi:https://registry.npmjs.org/postcss-opacity-percentage cache-miss
2004 silly packumentCache corgi:https://registry.npmjs.org/postcss-overflow-shorthand cache-miss
2005 silly packumentCache corgi:https://registry.npmjs.org/postcss-page-break cache-miss
2006 silly packumentCache corgi:https://registry.npmjs.org/postcss-place cache-miss
2007 silly packumentCache corgi:https://registry.npmjs.org/postcss-pseudo-class-any-link cache-miss
2008 silly packumentCache corgi:https://registry.npmjs.org/postcss-replace-overflow-wrap cache-miss
2009 silly packumentCache corgi:https://registry.npmjs.org/postcss-selector-not cache-miss
2010 http fetch GET 200 https://registry.npmjs.org/eslint-module-utils/-/eslint-module-utils-2.12.1.tgz 5309ms (cache miss)
2011 http fetch GET 200 https://registry.npmjs.org/@tanstack/virtual-core/-/virtual-core-3.14.0.tgz 5251ms (cache miss)
2012 http fetch GET 200 https://registry.npmjs.org/styled-jsx/-/styled-jsx-5.1.6.tgz 5463ms (cache miss)
2013 http fetch GET 200 https://registry.npmjs.org/react/-/react-19.0.0.tgz 5435ms (cache miss)
2014 http fetch GET 200 https://registry.npmjs.org/esquery/-/esquery-1.7.0.tgz 5382ms (cache miss)
2015 http fetch GET 200 https://registry.npmjs.org/@eslint/config-array/-/config-array-0.21.2.tgz 5283ms (cache miss)
2016 http fetch GET 200 https://registry.npmjs.org/undici-types/-/undici-types-6.21.0.tgz 5558ms (cache miss)
2017 http cache https://registry.npmjs.org/@csstools%2fpostcss-content-alt-text 185ms (cache hit)
2018 silly packumentCache corgi:https://registry.npmjs.org/@csstools%2fpostcss-content-alt-text set size:16116 disposed:false
2019 http cache https://registry.npmjs.org/@csstools%2fpostcss-color-function 187ms (cache hit)
2020 silly packumentCache corgi:https://registry.npmjs.org/@csstools%2fpostcss-color-function set size:71053 disposed:false
2021 http cache https://registry.npmjs.org/@csstools%2fpostcss-cascade-layers 188ms (cache hit)
2022 silly packumentCache corgi:https://registry.npmjs.org/@csstools%2fpostcss-cascade-layers set size:33264 disposed:false
2023 http cache https://registry.npmjs.org/@csstools%2fpostcss-exponential-functions 187ms (cache hit)
2024 silly packumentCache corgi:https://registry.npmjs.org/@csstools%2fpostcss-exponential-functions set size:26674 disposed:false
2025 http cache https://registry.npmjs.org/@csstools%2fpostcss-color-mix-function 189ms (cache hit)
2026 silly packumentCache corgi:https://registry.npmjs.org/@csstools%2fpostcss-color-mix-function set size:55045 disposed:false
2027 http cache https://registry.npmjs.org/@csstools%2fpostcss-font-format-keywords 190ms (cache hit)
2028 silly packumentCache corgi:https://registry.npmjs.org/@csstools%2fpostcss-font-format-keywords set size:13193 disposed:false
2029 http cache https://registry.npmjs.org/@csstools%2fpostcss-gradients-interpolation-method 189ms (cache hit)
2030 silly packumentCache corgi:https://registry.npmjs.org/@csstools%2fpostcss-gradients-interpolation-method set size:71258 disposed:false
2031 http cache https://registry.npmjs.org/@csstools%2fpostcss-global-data 190ms (cache hit)
2032 silly packumentCache corgi:https://registry.npmjs.org/@csstools%2fpostcss-global-data set size:12854 disposed:false
2033 http cache https://registry.npmjs.org/@csstools%2fpostcss-initial 190ms (cache hit)
2034 silly packumentCache corgi:https://registry.npmjs.org/@csstools%2fpostcss-initial set size:3970 disposed:false
2035 http cache https://registry.npmjs.org/@csstools%2fpostcss-ic-unit 192ms (cache hit)
2036 silly packumentCache corgi:https://registry.npmjs.org/@csstools%2fpostcss-ic-unit set size:27290 disposed:false
2037 http cache https://registry.npmjs.org/@csstools%2fpostcss-gamut-mapping 193ms (cache hit)
2038 silly packumentCache corgi:https://registry.npmjs.org/@csstools%2fpostcss-gamut-mapping set size:35821 disposed:false
2039 http cache https://registry.npmjs.org/@csstools%2fpostcss-hwb-function 193ms (cache hit)
2040 silly packumentCache corgi:https://registry.npmjs.org/@csstools%2fpostcss-hwb-function set size:63469 disposed:false
2041 http cache https://registry.npmjs.org/@csstools%2fpostcss-is-pseudo-class 193ms (cache hit)
2042 silly packumentCache corgi:https://registry.npmjs.org/@csstools%2fpostcss-is-pseudo-class set size:41657 disposed:false
2043 http cache https://registry.npmjs.org/@csstools%2fpostcss-light-dark-function 193ms (cache hit)
2044 silly packumentCache corgi:https://registry.npmjs.org/@csstools%2fpostcss-light-dark-function set size:27121 disposed:false
2045 http cache https://registry.npmjs.org/@csstools%2fpostcss-logical-overflow 193ms (cache hit)
2046 silly packumentCache corgi:https://registry.npmjs.org/@csstools%2fpostcss-logical-overflow set size:3329 disposed:false
2047 http cache https://registry.npmjs.org/@csstools%2fpostcss-logical-resize 194ms (cache hit)
2048 silly packumentCache corgi:https://registry.npmjs.org/@csstools%2fpostcss-logical-resize set size:6990 disposed:false
2049 http cache https://registry.npmjs.org/@csstools%2fpostcss-logical-float-and-clear 196ms (cache hit)
2050 silly packumentCache corgi:https://registry.npmjs.org/@csstools%2fpostcss-logical-float-and-clear set size:6866 disposed:false
2051 http cache https://registry.npmjs.org/@csstools%2fpostcss-logical-overscroll-behavior 195ms (cache hit)
2052 silly packumentCache corgi:https://registry.npmjs.org/@csstools%2fpostcss-logical-overscroll-behavior set size:3472 disposed:false
2053 http cache https://registry.npmjs.org/@csstools%2fpostcss-media-queries-aspect-ratio-number-values 195ms (cache hit)
2054 silly packumentCache corgi:https://registry.npmjs.org/@csstools%2fpostcss-media-queries-aspect-ratio-number-values set size:28460 disposed:false
2055 http cache https://registry.npmjs.org/@csstools%2fpostcss-media-minmax 196ms (cache hit)
2056 silly packumentCache corgi:https://registry.npmjs.org/@csstools%2fpostcss-media-minmax set size:35827 disposed:false
2057 http cache https://registry.npmjs.org/@csstools%2fpostcss-nested-calc 196ms (cache hit)
2058 silly packumentCache corgi:https://registry.npmjs.org/@csstools%2fpostcss-nested-calc set size:13353 disposed:false
2059 http cache https://registry.npmjs.org/@csstools%2fpostcss-logical-viewport-units 198ms (cache hit)
2060 silly packumentCache corgi:https://registry.npmjs.org/@csstools%2fpostcss-logical-viewport-units set size:25558 disposed:false
2061 http cache https://registry.npmjs.org/@csstools%2fpostcss-normalize-display-values 197ms (cache hit)
2062 silly packumentCache corgi:https://registry.npmjs.org/@csstools%2fpostcss-normalize-display-values set size:13211 disposed:false
2063 http cache https://registry.npmjs.org/@csstools%2fpostcss-progressive-custom-properties 197ms (cache hit)
2064 silly packumentCache corgi:https://registry.npmjs.org/@csstools%2fpostcss-progressive-custom-properties set size:32091 disposed:false
2065 http cache https://registry.npmjs.org/@csstools%2fpostcss-relative-color-syntax 197ms (cache hit)
2066 silly packumentCache corgi:https://registry.npmjs.org/@csstools%2fpostcss-relative-color-syntax set size:52650 disposed:false
2067 http cache https://registry.npmjs.org/@csstools%2fpostcss-scope-pseudo-class 197ms (cache hit)
2068 silly packumentCache corgi:https://registry.npmjs.org/@csstools%2fpostcss-scope-pseudo-class set size:11439 disposed:false
2069 http cache https://registry.npmjs.org/@csstools%2fpostcss-oklab-function 199ms (cache hit)
2070 silly packumentCache corgi:https://registry.npmjs.org/@csstools%2fpostcss-oklab-function set size:68552 disposed:false
2071 http cache https://registry.npmjs.org/@csstools%2futilities 197ms (cache hit)
2072 silly packumentCache corgi:https://registry.npmjs.org/@csstools%2futilities set size:2336 disposed:false
2073 http cache https://registry.npmjs.org/@csstools%2fpostcss-trigonometric-functions 199ms (cache hit)
2074 silly packumentCache corgi:https://registry.npmjs.org/@csstools%2fpostcss-trigonometric-functions set size:40471 disposed:false
2075 http cache https://registry.npmjs.org/@csstools%2fpostcss-stepped-value-functions 199ms (cache hit)
2076 silly packumentCache corgi:https://registry.npmjs.org/@csstools%2fpostcss-stepped-value-functions set size:38664 disposed:false
2077 http cache https://registry.npmjs.org/@csstools%2fpostcss-text-decoration-shorthand 200ms (cache hit)
2078 silly packumentCache corgi:https://registry.npmjs.org/@csstools%2fpostcss-text-decoration-shorthand set size:33605 disposed:false
2079 http cache https://registry.npmjs.org/@csstools%2fpostcss-unset-value 200ms (cache hit)
2080 silly packumentCache corgi:https://registry.npmjs.org/@csstools%2fpostcss-unset-value set size:11613 disposed:false
2081 http cache https://registry.npmjs.org/css-blank-pseudo 200ms (cache hit)
2082 silly packumentCache corgi:https://registry.npmjs.org/css-blank-pseudo set size:36529 disposed:false
2083 http cache https://registry.npmjs.org/postcss-clamp 200ms (cache hit)
2084 silly packumentCache corgi:https://registry.npmjs.org/postcss-clamp set size:12419 disposed:false
2085 http cache https://registry.npmjs.org/postcss-attribute-case-insensitive 201ms (cache hit)
2086 silly packumentCache corgi:https://registry.npmjs.org/postcss-attribute-case-insensitive set size:26843 disposed:false
2087 http cache https://registry.npmjs.org/css-has-pseudo 201ms (cache hit)
2088 silly packumentCache corgi:https://registry.npmjs.org/css-has-pseudo set size:52398 disposed:false
2089 http cache https://registry.npmjs.org/css-prefers-color-scheme 202ms (cache hit)
2090 silly packumentCache corgi:https://registry.npmjs.org/css-prefers-color-scheme set size:31396 disposed:false
2091 http cache https://registry.npmjs.org/postcss-color-hex-alpha 202ms (cache hit)
2092 silly packumentCache corgi:https://registry.npmjs.org/postcss-color-hex-alpha set size:33886 disposed:false
2093 http cache https://registry.npmjs.org/postcss-color-rebeccapurple 203ms (cache hit)
2094 silly packumentCache corgi:https://registry.npmjs.org/postcss-color-rebeccapurple set size:31608 disposed:false
2095 http cache https://registry.npmjs.org/postcss-custom-media 203ms (cache hit)
2096 silly packumentCache corgi:https://registry.npmjs.org/postcss-custom-media set size:60581 disposed:false
2097 http cache https://registry.npmjs.org/postcss-color-functional-notation 204ms (cache hit)
2098 silly packumentCache corgi:https://registry.npmjs.org/postcss-color-functional-notation set size:79224 disposed:false
2099 http cache https://registry.npmjs.org/postcss-custom-selectors 205ms (cache hit)
2100 silly packumentCache corgi:https://registry.npmjs.org/postcss-custom-selectors set size:48915 disposed:false
2101 http cache https://registry.npmjs.org/postcss-double-position-gradients 206ms (cache hit)
2102 silly packumentCache corgi:https://registry.npmjs.org/postcss-double-position-gradients set size:42884 disposed:false
2103 http cache https://registry.npmjs.org/postcss-focus-within 206ms (cache hit)
2104 silly packumentCache corgi:https://registry.npmjs.org/postcss-focus-within set size:27140 disposed:false
2105 http cache https://registry.npmjs.org/postcss-dir-pseudo-class 208ms (cache hit)
2106 silly packumentCache corgi:https://registry.npmjs.org/postcss-dir-pseudo-class set size:26189 disposed:false
2107 http cache https://registry.npmjs.org/postcss-focus-visible 209ms (cache hit)
2108 silly packumentCache corgi:https://registry.npmjs.org/postcss-focus-visible set size:24915 disposed:false
2109 http cache https://registry.npmjs.org/postcss-custom-properties 212ms (cache hit)
2110 silly packumentCache corgi:https://registry.npmjs.org/postcss-custom-properties set size:122021 disposed:false
2111 http cache https://registry.npmjs.org/postcss-gap-properties 212ms (cache hit)
2112 silly packumentCache corgi:https://registry.npmjs.org/postcss-gap-properties set size:19023 disposed:false
2113 http cache https://registry.npmjs.org/postcss-font-variant 213ms (cache hit)
2114 silly packumentCache corgi:https://registry.npmjs.org/postcss-font-variant set size:9720 disposed:false
2115 http cache https://registry.npmjs.org/postcss-nesting 213ms (cache hit)
2116 silly packumentCache corgi:https://registry.npmjs.org/postcss-nesting set size:78405 disposed:false
2117 http cache https://registry.npmjs.org/postcss-lab-function 214ms (cache hit)
2118 silly packumentCache corgi:https://registry.npmjs.org/postcss-lab-function set size:92645 disposed:false
2119 http cache https://registry.npmjs.org/postcss-image-set-function 216ms (cache hit)
2120 silly packumentCache corgi:https://registry.npmjs.org/postcss-image-set-function set size:31206 disposed:false
2121 http cache https://registry.npmjs.org/postcss-logical 216ms (cache hit)
2122 silly packumentCache corgi:https://registry.npmjs.org/postcss-logical set size:29918 disposed:false
2123 http cache https://registry.npmjs.org/postcss-opacity-percentage 216ms (cache hit)
2124 silly packumentCache corgi:https://registry.npmjs.org/postcss-opacity-percentage set size:13019 disposed:false
2125 http cache https://registry.npmjs.org/postcss-overflow-shorthand 217ms (cache hit)
2126 silly packumentCache corgi:https://registry.npmjs.org/postcss-overflow-shorthand set size:19703 disposed:false
2127 http cache https://registry.npmjs.org/postcss-page-break 218ms (cache hit)
2128 silly packumentCache corgi:https://registry.npmjs.org/postcss-page-break set size:10950 disposed:false
2129 http cache https://registry.npmjs.org/@tailwindcss%2fpostcss 227ms (cache hit)
2130 silly packumentCache corgi:https://registry.npmjs.org/@tailwindcss%2fpostcss set size:1034852 disposed:false
2131 http cache https://registry.npmjs.org/postcss-flexbugs-fixes 236ms (cache hit)
2132 silly packumentCache corgi:https://registry.npmjs.org/postcss-flexbugs-fixes set size:21877 disposed:false
2133 http cache https://registry.npmjs.org/postcss-place 237ms (cache hit)
2134 silly packumentCache corgi:https://registry.npmjs.org/postcss-place set size:27729 disposed:false
2135 http cache https://registry.npmjs.org/postcss-selector-not 237ms (cache hit)
2136 silly packumentCache corgi:https://registry.npmjs.org/postcss-selector-not set size:21595 disposed:false
2137 http cache https://registry.npmjs.org/postcss-pseudo-class-any-link 238ms (cache hit)
2138 silly packumentCache corgi:https://registry.npmjs.org/postcss-pseudo-class-any-link set size:37046 disposed:false
2139 http cache https://registry.npmjs.org/postcss-replace-overflow-wrap 239ms (cache hit)
2140 silly packumentCache corgi:https://registry.npmjs.org/postcss-replace-overflow-wrap set size:5243 disposed:false
2141 silly packumentCache corgi:https://registry.npmjs.org/@csstools%2fselector-resolve-nested cache-miss
2142 silly packumentCache corgi:https://registry.npmjs.org/@csstools%2fselector-specificity cache-miss
2143 http fetch GET 200 https://registry.npmjs.org/@unrs/resolver-binding-win32-x64-msvc/-/resolver-binding-win32-x64-msvc-1.11.1.tgz 5556ms (cache miss)
2144 http fetch GET 200 https://registry.npmjs.org/@jridgewell/sourcemap-codec/-/sourcemap-codec-1.5.5.tgz 5554ms (cache miss)
2145 http fetch GET 200 https://registry.npmjs.org/@floating-ui/react/-/react-0.26.28.tgz 5558ms (cache miss)
2146 http cache https://registry.npmjs.org/@csstools%2fselector-specificity 72ms (cache hit)
2147 silly packumentCache corgi:https://registry.npmjs.org/@csstools%2fselector-specificity set size:19799 disposed:false
2148 http cache https://registry.npmjs.org/@csstools%2fselector-resolve-nested 72ms (cache hit)
2149 silly packumentCache corgi:https://registry.npmjs.org/@csstools%2fselector-resolve-nested set size:9245 disposed:false
2150 http fetch GET 200 https://registry.npmjs.org/d3-scale/-/d3-scale-4.0.2.tgz 5650ms (cache miss)
2151 http fetch GET 200 https://registry.npmjs.org/react-remove-scroll-bar/-/react-remove-scroll-bar-2.3.8.tgz 5785ms (cache miss)
2152 http fetch GET 200 https://registry.npmjs.org/object-inspect/-/object-inspect-1.13.4.tgz 5756ms (cache miss)
2153 http fetch GET 200 https://registry.npmjs.org/react-style-singleton/-/react-style-singleton-2.2.3.tgz 5805ms (cache miss)
2154 http fetch GET 200 https://registry.npmjs.org/react-smooth/-/react-smooth-4.0.4.tgz 5809ms (cache miss)
2155 http fetch GET 200 https://registry.npmjs.org/jiti/-/jiti-2.6.1.tgz 5747ms (cache miss)
2156 http fetch GET 200 https://registry.npmjs.org/d3-interpolate/-/d3-interpolate-3.0.1.tgz 5688ms (cache miss)
2157 http fetch GET 200 https://registry.npmjs.org/micromark-extension-mdx-jsx/-/micromark-extension-mdx-jsx-3.0.2.tgz 5770ms (cache miss)
2158 http fetch GET 200 https://registry.npmjs.org/sharp/-/sharp-0.33.5.tgz 5843ms (cache miss)
2159 http fetch GET 200 https://registry.npmjs.org/fast-equals/-/fast-equals-5.4.0.tgz 5737ms (cache miss)
2160 http fetch GET 200 https://registry.npmjs.org/next-mdx-remote/-/next-mdx-remote-6.0.0.tgz 5819ms (cache miss)
2161 http fetch GET 200 https://registry.npmjs.org/language-subtag-registry/-/language-subtag-registry-0.3.23.tgz 5805ms (cache miss)
2162 http fetch GET 200 https://registry.npmjs.org/@jridgewell/gen-mapping/-/gen-mapping-0.3.13.tgz 5664ms (cache miss)
2163 http fetch GET 200 https://registry.npmjs.org/@internationalized/string/-/string-3.2.8.tgz 5667ms (cache miss)
2164 http fetch GET 200 https://registry.npmjs.org/react-transition-group/-/react-transition-group-4.4.5.tgz 5885ms (cache miss)
2165 http fetch GET 200 https://registry.npmjs.org/@internationalized/number/-/number-3.6.6.tgz 5703ms (cache miss)
2166 http fetch GET 200 https://registry.npmjs.org/tailwindcss/-/tailwindcss-4.2.4.tgz 5967ms (cache miss)
2167 http fetch GET 200 https://registry.npmjs.org/js-yaml/-/js-yaml-4.1.1.tgz 5904ms (cache miss)
2168 http fetch GET 200 https://registry.npmjs.org/argparse/-/argparse-1.0.10.tgz 5728ms (cache miss)
2169 http fetch GET 200 https://registry.npmjs.org/postcss-selector-parser/-/postcss-selector-parser-6.1.2.tgz 5980ms (cache miss)
2170 http fetch GET 200 https://registry.npmjs.org/hast-util-to-estree/-/hast-util-to-estree-3.1.3.tgz 5926ms (cache miss)
2171 http fetch GET 200 https://registry.npmjs.org/d3-time-format/-/d3-time-format-4.1.0.tgz 5907ms (cache miss)
2172 http fetch GET 200 https://registry.npmjs.org/tailwind-merge/-/tailwind-merge-3.5.0.tgz 6068ms (cache miss)
2173 http fetch GET 200 https://registry.npmjs.org/@eslint/eslintrc/-/eslintrc-3.3.5.tgz 5834ms (cache miss)
2174 http fetch GET 200 https://registry.npmjs.org/sharp/-/sharp-0.34.5.tgz 5809ms (cache miss)
2175 http fetch GET 200 https://registry.npmjs.org/semver/-/semver-7.7.4.tgz 6118ms (cache miss)
2176 http fetch GET 200 https://registry.npmjs.org/@tailwindcss/oxide-win32-x64-msvc/-/oxide-win32-x64-msvc-4.2.4.tgz 5886ms (cache miss)
2177 http fetch GET 200 https://registry.npmjs.org/hast-util-to-html/-/hast-util-to-html-9.0.5.tgz 6056ms (cache miss)
2178 http fetch GET 200 https://registry.npmjs.org/@typescript-eslint/type-utils/-/type-utils-8.59.0.tgz 5973ms (cache miss)
2179 http fetch GET 200 https://registry.npmjs.org/@parcel/watcher/-/watcher-2.5.6.tgz 5960ms (cache miss)
2180 http fetch GET 200 https://registry.npmjs.org/postcss/-/postcss-8.5.10.tgz 6158ms (cache miss)
2181 http fetch GET 200 https://registry.npmjs.org/@jridgewell/trace-mapping/-/trace-mapping-0.3.31.tgz 5985ms (cache miss)
2182 http fetch GET 200 https://registry.npmjs.org/enhanced-resolve/-/enhanced-resolve-5.21.0.tgz 6127ms (cache miss)
2183 http fetch GET 200 https://registry.npmjs.org/property-information/-/property-information-7.1.0.tgz 6247ms (cache miss)
2184 http fetch GET 200 https://registry.npmjs.org/axe-core/-/axe-core-4.11.3.tgz 6111ms (cache miss)
2185 http fetch GET 200 https://registry.npmjs.org/js-yaml/-/js-yaml-3.14.2.tgz 6028ms (cache miss)
2186 http fetch GET 200 https://registry.npmjs.org/postcss/-/postcss-8.4.31.tgz 6058ms (cache miss)
2187 http fetch GET 200 https://registry.npmjs.org/uri-js/-/uri-js-4.4.1.tgz 6359ms (cache miss)
2188 http fetch GET 200 https://registry.npmjs.org/use-sidecar/-/use-sidecar-1.1.3.tgz 6384ms (cache miss)
2189 http fetch GET 200 https://registry.npmjs.org/d3-array/-/d3-array-3.2.4.tgz 6207ms (cache miss)
2190 http fetch GET 200 https://registry.npmjs.org/cloudinary/-/cloudinary-2.9.0.tgz 6229ms (cache miss)
2191 http fetch GET 200 https://registry.npmjs.org/fast-glob/-/fast-glob-3.3.1.tgz 6310ms (cache miss)
2192 http fetch GET 200 https://registry.npmjs.org/@next/eslint-plugin-next/-/eslint-plugin-next-15.5.15.tgz 6212ms (cache miss)
2193 http fetch GET 200 https://registry.npmjs.org/use-callback-ref/-/use-callback-ref-1.3.3.tgz 6482ms (cache miss)
2194 http fetch GET 200 https://registry.npmjs.org/d3-shape/-/d3-shape-3.2.0.tgz 6343ms (cache miss)
2195 http fetch GET 200 https://registry.npmjs.org/d3-format/-/d3-format-3.1.2.tgz 6341ms (cache miss)
2196 http fetch GET 200 https://registry.npmjs.org/@types/node/-/node-20.19.39.tgz 6305ms (cache miss)
2197 http fetch GET 200 https://registry.npmjs.org/minimatch/-/minimatch-10.2.5.tgz 6256ms (cache miss)
2198 http fetch GET 200 https://registry.npmjs.org/tsconfig-paths/-/tsconfig-paths-3.15.0.tgz 6563ms (cache miss)
2199 http fetch GET 200 https://registry.npmjs.org/@mdx-js/mdx/-/mdx-3.1.1.tgz 6353ms (cache miss)
2200 http fetch GET 200 https://registry.npmjs.org/micromark/-/micromark-4.0.2.tgz 6518ms (cache miss)
2201 http fetch GET 200 https://registry.npmjs.org/motion-utils/-/motion-utils-12.36.0.tgz 6601ms (cache miss)
2202 http fetch GET 200 https://registry.npmjs.org/zustand/-/zustand-4.0.0.tgz 6693ms (cache miss)
2203 http fetch GET 200 https://registry.npmjs.org/sass/-/sass-1.99.0.tgz 6714ms (cache miss)
2204 http fetch GET 200 https://registry.npmjs.org/autoprefixer/-/autoprefixer-10.5.0.tgz 6556ms (cache miss)
2205 http fetch GET 200 https://registry.npmjs.org/@typescript-eslint/typescript-estree/-/typescript-estree-8.59.0.tgz 6573ms (cache miss)
2206 http fetch GET 200 https://registry.npmjs.org/mdast-util-to-hast/-/mdast-util-to-hast-13.2.1.tgz 6707ms (cache miss)
2207 http fetch GET 200 https://registry.npmjs.org/@typescript-eslint/utils/-/utils-8.59.0.tgz 6601ms (cache miss)
2208 http fetch GET 200 https://registry.npmjs.org/react-dom/-/react-dom-19.0.0.tgz 6769ms (cache miss)
2209 http fetch GET 200 https://registry.npmjs.org/lightningcss-win32-x64-msvc/-/lightningcss-win32-x64-msvc-1.32.0.tgz 6740ms (cache miss)
2210 http fetch GET 200 https://registry.npmjs.org/ajv/-/ajv-6.15.0.tgz 6713ms (cache miss)
2211 http fetch GET 200 https://registry.npmjs.org/es-iterator-helpers/-/es-iterator-helpers-1.3.2.tgz 6890ms (cache miss)
2212 http fetch GET 200 https://registry.npmjs.org/jsx-ast-utils/-/jsx-ast-utils-3.3.5.tgz 6972ms (cache miss)
2213 http fetch GET 200 https://registry.npmjs.org/resolve/-/resolve-2.0.0-next.6.tgz 7049ms (cache miss)
2214 http fetch GET 200 https://registry.npmjs.org/micromark-core-commonmark/-/micromark-core-commonmark-2.0.3.tgz 7194ms (cache miss)
2215 http fetch GET 200 https://registry.npmjs.org/eslint-plugin-import/-/eslint-plugin-import-2.32.0.tgz 7298ms (cache miss)
2216 http fetch GET 200 https://registry.npmjs.org/@rushstack/eslint-patch/-/eslint-patch-1.16.1.tgz 7237ms (cache miss)
2217 http fetch GET 200 https://registry.npmjs.org/mdast-util-to-markdown/-/mdast-util-to-markdown-2.1.2.tgz 7444ms (cache miss)
2218 http fetch GET 200 https://registry.npmjs.org/axobject-query/-/axobject-query-4.1.0.tgz 7504ms (cache miss)
2219 http fetch GET 200 https://registry.npmjs.org/@img/sharp-win32-x64/-/sharp-win32-x64-0.33.5.tgz 7600ms (cache miss)
2220 http fetch GET 200 https://registry.npmjs.org/@internationalized/date/-/date-3.12.1.tgz 7641ms (cache miss)
2221 http fetch GET 200 https://registry.npmjs.org/@img/sharp-win32-x64/-/sharp-win32-x64-0.34.5.tgz 7610ms (cache miss)
2222 http fetch GET 200 https://registry.npmjs.org/dom-helpers/-/dom-helpers-5.2.1.tgz 7914ms (cache miss)
2223 http fetch GET 200 https://registry.npmjs.org/@babel/runtime/-/runtime-7.29.2.tgz 7891ms (cache miss)
2224 http fetch GET 200 https://registry.npmjs.org/aria-query/-/aria-query-5.3.2.tgz 7983ms (cache miss)
2225 http fetch GET 200 https://registry.npmjs.org/eslint-plugin-jsx-a11y/-/eslint-plugin-jsx-a11y-6.10.2.tgz 8392ms (cache miss)
2226 http fetch GET 200 https://registry.npmjs.org/yaml/-/yaml-2.8.3.tgz 8588ms (cache miss)
2227 http fetch GET 200 https://registry.npmjs.org/typescript/-/typescript-5.9.3.tgz 8846ms (cache miss)
2228 http fetch GET 200 https://registry.npmjs.org/recharts/-/recharts-2.15.4.tgz 8962ms (cache miss)
2229 http fetch GET 200 https://registry.npmjs.org/@swc/helpers/-/helpers-0.5.15.tgz 8787ms (cache miss)
2230 http fetch GET 200 https://registry.npmjs.org/@swc/helpers/-/helpers-0.5.21.tgz 8884ms (cache miss)
2231 http fetch GET 200 https://registry.npmjs.org/victory-vendor/-/victory-vendor-36.9.2.tgz 9121ms (cache miss)
2232 http fetch GET 200 https://registry.npmjs.org/@turbo/windows-64/-/windows-64-2.9.6.tgz 8914ms (cache miss)
2233 http fetch GET 200 https://registry.npmjs.org/@typescript-eslint/scope-manager/-/scope-manager-8.59.0.tgz 8950ms (cache miss)
2234 http fetch GET 200 https://registry.npmjs.org/@headlessui/react/-/react-2.2.10.tgz 8963ms (cache miss)
2235 http fetch GET 200 https://registry.npmjs.org/eslint-plugin-react/-/eslint-plugin-react-7.37.5.tgz 9246ms (cache miss)
2236 http fetch GET 200 https://registry.npmjs.org/eslint/-/eslint-9.39.4.tgz 9500ms (cache miss)
2237 http fetch GET 200 https://registry.npmjs.org/@typescript-eslint/eslint-plugin/-/eslint-plugin-8.59.0.tgz 9625ms (cache miss)
2238 http fetch GET 200 https://registry.npmjs.org/framer-motion/-/framer-motion-12.38.0.tgz 9859ms (cache miss)
2239 http fetch GET 200 https://registry.npmjs.org/prismjs/-/prismjs-1.30.0.tgz 10173ms (cache miss)
2240 http fetch GET 200 https://registry.npmjs.org/lodash/-/lodash-4.18.1.tgz 10346ms (cache miss)
2241 http fetch GET 200 https://registry.npmjs.org/motion-dom/-/motion-dom-12.38.0.tgz 10396ms (cache miss)
2242 http fetch GET 200 https://registry.npmjs.org/@once-ui-system/core/-/core-1.6.4.tgz 10716ms (cache miss)
2243 http fetch GET 200 https://registry.npmjs.org/react-icons/-/react-icons-5.6.0.tgz 10961ms (cache miss)
2244 http fetch GET 200 https://registry.npmjs.org/caniuse-lite/-/caniuse-lite-1.0.30001790.tgz 11154ms (cache miss)
2245 http fetch GET 200 https://registry.npmjs.org/@next/swc-win32-x64-msvc/-/swc-win32-x64-msvc-15.5.15.tgz 11858ms (cache miss)
2246 http fetch GET 200 https://registry.npmjs.org/react-stately/-/react-stately-3.46.0.tgz 13642ms (cache miss)
2247 http fetch GET 200 https://registry.npmjs.org/es-abstract/-/es-abstract-1.24.2.tgz 13531ms (cache miss)
2248 http fetch GET 200 https://registry.npmjs.org/lucide-react/-/lucide-react-0.509.0.tgz 17341ms (cache miss)
2249 http fetch GET 200 https://registry.npmjs.org/date-fns/-/date-fns-4.1.0.tgz 18168ms (cache miss)
2250 http fetch GET 200 https://registry.npmjs.org/@heroicons/react/-/react-2.2.0.tgz 18355ms (cache miss)
2251 http fetch GET 200 https://registry.npmjs.org/react-aria/-/react-aria-3.48.0.tgz 21578ms (cache miss)
2252 http fetch GET 200 https://registry.npmjs.org/next/-/next-15.5.15.tgz 23469ms (cache miss)
2253 info run @parcel/watcher@2.5.6 install node_modules/@parcel/watcher node scripts/build-from-source.js
2254 info run sharp@0.33.5 install node_modules/sharp node install/check
2255 info run sharp@0.34.5 install node_modules/next/node_modules/sharp node install/check.js || npm run build
2256 info run @parcel/watcher@2.5.6 install { code: 0, signal: null }
2257 info run sharp@0.33.5 install { code: 0, signal: null }
2258 info run sharp@0.34.5 install { code: 0, signal: null }
2259 info run unrs-resolver@1.11.1 postinstall node_modules/unrs-resolver napi-postinstall unrs-resolver 1.11.1 check
2260 info run unrs-resolver@1.11.1 postinstall { code: 0, signal: null }
2261 silly ADD node_modules/zwitch
2262 silly ADD node_modules/zustand
2263 silly ADD node_modules/zustand/node_modules/use-sync-external-store
2264 silly ADD node_modules/yocto-queue
2265 silly ADD node_modules/yaml
2266 silly ADD node_modules/word-wrap
2267 silly ADD node_modules/which-typed-array
2268 silly ADD node_modules/which-collection
2269 silly ADD node_modules/which-builtin-type
2270 silly ADD node_modules/which-boxed-primitive
2271 silly ADD node_modules/which
2272 silly ADD node_modules/victory-vendor
2273 silly ADD node_modules/vfile-message
2274 silly ADD node_modules/vfile-matter
2275 silly ADD node_modules/vfile
2276 silly ADD node_modules/util-deprecate
2277 silly ADD node_modules/use-sync-external-store
2278 silly ADD node_modules/use-sidecar
2279 silly ADD node_modules/use-callback-ref
2280 silly ADD node_modules/uri-js
2281 silly ADD node_modules/update-browserslist-db
2282 silly ADD node_modules/unrs-resolver
2283 silly ADD node_modules/unist-util-visit-parents
2284 silly ADD node_modules/unist-util-visit
2285 silly ADD node_modules/unist-util-stringify-position
2286 silly ADD node_modules/unist-util-remove
2287 silly ADD node_modules/unist-util-position-from-estree
2288 silly ADD node_modules/unist-util-position
2289 silly ADD node_modules/unist-util-is
2290 silly ADD node_modules/unified
2291 silly ADD node_modules/undici-types
2292 silly ADD node_modules/unbox-primitive
2293 silly ADD node_modules/typescript
2294 silly ADD node_modules/typed-array-length
2295 silly ADD node_modules/typed-array-byte-offset
2296 silly ADD node_modules/typed-array-byte-length
2297 silly ADD node_modules/typed-array-buffer
2298 silly ADD node_modules/type-check
2299 silly ADD node_modules/tw-animate-css
2300 silly ADD node_modules/turbo
2301 silly ADD node_modules/tslib
2302 silly ADD node_modules/tsconfig-paths
2303 silly ADD node_modules/ts-api-utils
2304 silly ADD node_modules/trough
2305 silly ADD node_modules/trim-lines
2306 silly ADD node_modules/to-regex-range
2307 silly ADD node_modules/tinyglobby
2308 silly ADD node_modules/tiny-invariant
2309 silly ADD node_modules/tapable
2310 silly ADD node_modules/tailwindcss
2311 silly ADD node_modules/tailwind-merge
2312 silly ADD node_modules/tabbable
2313 silly ADD node_modules/supports-preserve-symlinks-flag
2314 silly ADD node_modules/supports-color
2315 silly ADD node_modules/styled-jsx
2316 silly ADD node_modules/style-to-object
2317 silly ADD node_modules/style-to-js
2318 silly ADD node_modules/strip-json-comments
2319 silly ADD node_modules/strip-bom-string
2320 silly ADD node_modules/strip-bom
2321 silly ADD node_modules/stringify-entities
2322 silly ADD node_modules/string.prototype.trimstart
2323 silly ADD node_modules/string.prototype.trimend
2324 silly ADD node_modules/string.prototype.trim
2325 silly ADD node_modules/string.prototype.repeat
2326 silly ADD node_modules/string.prototype.matchall
2327 silly ADD node_modules/string.prototype.includes
2328 silly ADD node_modules/stop-iteration-iterator
2329 silly ADD node_modules/stable-hash
2330 silly ADD node_modules/sprintf-js
2331 silly ADD node_modules/space-separated-tokens
2332 silly ADD node_modules/source-map-js
2333 silly ADD node_modules/source-map
2334 silly ADD node_modules/simple-swizzle
2335 silly ADD node_modules/side-channel-weakmap
2336 silly ADD node_modules/side-channel-map
2337 silly ADD node_modules/side-channel-list
2338 silly ADD node_modules/side-channel
2339 silly ADD node_modules/shebang-regex
2340 silly ADD node_modules/shebang-command
2341 silly ADD node_modules/sharp
2342 silly ADD node_modules/set-proto
2343 silly ADD node_modules/set-function-name
2344 silly ADD node_modules/set-function-length
2345 silly ADD node_modules/semver
2346 silly ADD node_modules/section-matter
2347 silly ADD node_modules/scheduler
2348 silly ADD node_modules/sass
2349 silly ADD node_modules/safe-regex-test
2350 silly ADD node_modules/safe-push-apply
2351 silly ADD node_modules/safe-array-concat
2352 silly ADD node_modules/run-parallel
2353 silly ADD node_modules/reusify
2354 silly ADD node_modules/resolve-pkg-maps
2355 silly ADD node_modules/resolve-from
2356 silly ADD node_modules/resolve
2357 silly ADD node_modules/remark-stringify
2358 silly ADD node_modules/remark-rehype
2359 silly ADD node_modules/remark-parse
2360 silly ADD node_modules/remark-mdx
2361 silly ADD node_modules/remark-html
2362 silly ADD node_modules/remark
2363 silly ADD node_modules/rehype-recma
2364 silly ADD node_modules/regexp.prototype.flags
2365 silly ADD node_modules/reflect.getprototypeof
2366 silly ADD node_modules/recma-stringify
2367 silly ADD node_modules/recma-parse
2368 silly ADD node_modules/recma-jsx
2369 silly ADD node_modules/recma-build-jsx
2370 silly ADD node_modules/recharts-scale
2371 silly ADD node_modules/recharts
2372 silly ADD node_modules/recharts/node_modules/react-is
2373 silly ADD node_modules/readdirp
2374 silly ADD node_modules/react-transition-group
2375 silly ADD node_modules/react-swipeable
2376 silly ADD node_modules/react-style-singleton
2377 silly ADD node_modules/react-stately
2378 silly ADD node_modules/react-smooth
2379 silly ADD node_modules/react-remove-scroll-bar
2380 silly ADD node_modules/react-remove-scroll
2381 silly ADD node_modules/react-masonry-css
2382 silly ADD node_modules/react-is
2383 silly ADD node_modules/react-icons
2384 silly ADD node_modules/react-hooks-global-state
2385 silly ADD node_modules/react-dom
2386 silly ADD node_modules/react-aria
2387 silly ADD node_modules/react
2388 silly ADD node_modules/queue-microtask
2389 silly ADD node_modules/punycode
2390 silly ADD node_modules/property-information
2391 silly ADD node_modules/prop-types
2392 silly ADD node_modules/prismjs
2393 silly ADD node_modules/prelude-ls
2394 silly ADD node_modules/postcss-value-parser
2395 silly ADD node_modules/postcss-selector-parser
2396 silly ADD node_modules/postcss-selector-not
2397 silly ADD node_modules/postcss-replace-overflow-wrap
2398 silly ADD node_modules/postcss-pseudo-class-any-link
2399 silly ADD node_modules/postcss-preset-env
2400 silly ADD node_modules/postcss-place
2401 silly ADD node_modules/postcss-page-break
2402 silly ADD node_modules/postcss-overflow-shorthand
2403 silly ADD node_modules/postcss-opacity-percentage
2404 silly ADD node_modules/postcss-nesting
2405 silly ADD node_modules/postcss-logical
2406 silly ADD node_modules/postcss-lab-function
2407 silly ADD node_modules/postcss-image-set-function
2408 silly ADD node_modules/postcss-gap-properties
2409 silly ADD node_modules/postcss-font-variant
2410 silly ADD node_modules/postcss-focus-within
2411 silly ADD node_modules/postcss-focus-visible
2412 silly ADD node_modules/postcss-flexbugs-fixes
2413 silly ADD node_modules/postcss-double-position-gradients
2414 silly ADD node_modules/postcss-dir-pseudo-class
2415 silly ADD node_modules/postcss-custom-selectors
2416 silly ADD node_modules/postcss-custom-properties
2417 silly ADD node_modules/postcss-custom-media
2418 silly ADD node_modules/postcss-color-rebeccapurple
2419 silly ADD node_modules/postcss-color-hex-alpha
2420 silly ADD node_modules/postcss-color-functional-notation
2421 silly ADD node_modules/postcss-clamp
2422 silly ADD node_modules/postcss-attribute-case-insensitive
2423 silly ADD node_modules/postcss
2424 silly ADD node_modules/possible-typed-array-names
2425 silly ADD node_modules/picomatch
2426 silly ADD node_modules/picocolors
2427 silly ADD node_modules/path-parse
2428 silly ADD node_modules/path-key
2429 silly ADD node_modules/path-exists
2430 silly ADD node_modules/parse-entities
2431 silly ADD node_modules/parse-entities/node_modules/@types/unist
2432 silly ADD node_modules/parent-module
2433 silly ADD node_modules/p-locate
2434 silly ADD node_modules/p-limit
2435 silly ADD node_modules/own-keys
2436 silly ADD node_modules/optionator
2437 silly ADD node_modules/object.values
2438 silly ADD node_modules/object.groupby
2439 silly ADD node_modules/object.fromentries
2440 silly ADD node_modules/object.entries
2441 silly ADD node_modules/object.assign
2442 silly ADD node_modules/object-keys
2443 silly ADD node_modules/object-inspect
2444 silly ADD node_modules/object-assign
2445 silly ADD node_modules/node-releases
2446 silly ADD node_modules/node-exports-info
2447 silly ADD node_modules/node-exports-info/node_modules/semver
2448 silly ADD node_modules/node-addon-api
2449 silly ADD node_modules/next-mdx-remote
2450 silly ADD node_modules/next
2451 silly ADD node_modules/next/node_modules/sharp
2452 silly ADD node_modules/next/node_modules/postcss
2453 silly ADD node_modules/next/node_modules/@swc/helpers
2454 silly ADD node_modules/next/node_modules/@img/sharp-win32-x64
2455 silly ADD node_modules/natural-compare
2456 silly ADD node_modules/napi-postinstall
2457 silly ADD node_modules/nanoid
2458 silly ADD node_modules/ms
2459 silly ADD node_modules/motion-utils
2460 silly ADD node_modules/motion-dom
2461 silly ADD node_modules/minimist
2462 silly ADD node_modules/minimatch
2463 silly ADD node_modules/micromatch
2464 silly ADD node_modules/micromatch/node_modules/picomatch
2465 silly ADD node_modules/micromark-util-types
2466 silly ADD node_modules/micromark-util-symbol
2467 silly ADD node_modules/micromark-util-subtokenize
2468 silly ADD node_modules/micromark-util-sanitize-uri
2469 silly ADD node_modules/micromark-util-resolve-all
2470 silly ADD node_modules/micromark-util-normalize-identifier
2471 silly ADD node_modules/micromark-util-html-tag-name
2472 silly ADD node_modules/micromark-util-events-to-acorn
2473 silly ADD node_modules/micromark-util-encode
2474 silly ADD node_modules/micromark-util-decode-string
2475 silly ADD node_modules/micromark-util-decode-numeric-character-reference
2476 silly ADD node_modules/micromark-util-combine-extensions
2477 silly ADD node_modules/micromark-util-classify-character
2478 silly ADD node_modules/micromark-util-chunked
2479 silly ADD node_modules/micromark-util-character
2480 silly ADD node_modules/micromark-factory-whitespace
2481 silly ADD node_modules/micromark-factory-title
2482 silly ADD node_modules/micromark-factory-space
2483 silly ADD node_modules/micromark-factory-mdx-expression
2484 silly ADD node_modules/micromark-factory-label
2485 silly ADD node_modules/micromark-factory-destination
2486 silly ADD node_modules/micromark-extension-mdxjs-esm
2487 silly ADD node_modules/micromark-extension-mdxjs
2488 silly ADD node_modules/micromark-extension-mdx-md
2489 silly ADD node_modules/micromark-extension-mdx-jsx
2490 silly ADD node_modules/micromark-extension-mdx-expression
2491 silly ADD node_modules/micromark-core-commonmark
2492 silly ADD node_modules/micromark
2493 silly ADD node_modules/merge2
2494 silly ADD node_modules/mdast-util-to-string
2495 silly ADD node_modules/mdast-util-to-markdown
2496 silly ADD node_modules/mdast-util-to-hast
2497 silly ADD node_modules/mdast-util-phrasing
2498 silly ADD node_modules/mdast-util-mdxjs-esm
2499 silly ADD node_modules/mdast-util-mdx-jsx
2500 silly ADD node_modules/mdast-util-mdx-expression
2501 silly ADD node_modules/mdast-util-mdx
2502 silly ADD node_modules/mdast-util-from-markdown
2503 silly ADD node_modules/math-intrinsics
2504 silly ADD node_modules/markdown-extensions
2505 silly ADD node_modules/magic-string
2506 silly ADD node_modules/lucide-react
2507 silly ADD node_modules/loose-envify
2508 silly ADD node_modules/longest-streak
2509 silly ADD node_modules/lodash.merge
2510 silly ADD node_modules/lodash
2511 silly ADD node_modules/locate-path
2512 silly ADD node_modules/lightningcss-win32-x64-msvc
2513 silly ADD node_modules/lightningcss
2514 silly ADD node_modules/levn
2515 silly ADD node_modules/language-tags
2516 silly ADD node_modules/language-subtag-registry
2517 silly ADD node_modules/kind-of
2518 silly ADD node_modules/keyv
2519 silly ADD node_modules/jsx-ast-utils
2520 silly ADD node_modules/json5
2521 silly ADD node_modules/json-stable-stringify-without-jsonify
2522 silly ADD node_modules/json-schema-traverse
2523 silly ADD node_modules/json-buffer
2524 silly ADD node_modules/js-yaml
2525 silly ADD node_modules/js-tokens
2526 silly ADD node_modules/jiti
2527 silly ADD node_modules/iterator.prototype
2528 silly ADD node_modules/isexe
2529 silly ADD node_modules/isarray
2530 silly ADD node_modules/is-weakset
2531 silly ADD node_modules/is-weakref
2532 silly ADD node_modules/is-weakmap
2533 silly ADD node_modules/is-typed-array
2534 silly ADD node_modules/is-symbol
2535 silly ADD node_modules/is-string
2536 silly ADD node_modules/is-shared-array-buffer
2537 silly ADD node_modules/is-set
2538 silly ADD node_modules/is-regex
2539 silly ADD node_modules/is-plain-obj
2540 silly ADD node_modules/is-number-object
2541 silly ADD node_modules/is-number
2542 silly ADD node_modules/is-negative-zero
2543 silly ADD node_modules/is-map
2544 silly ADD node_modules/is-hexadecimal
2545 silly ADD node_modules/is-glob
2546 silly ADD node_modules/is-generator-function
2547 silly ADD node_modules/is-finalizationregistry
2548 silly ADD node_modules/is-extglob
2549 silly ADD node_modules/is-extendable
2550 silly ADD node_modules/is-decimal
2551 silly ADD node_modules/is-date-object
2552 silly ADD node_modules/is-data-view
2553 silly ADD node_modules/is-core-module
2554 silly ADD node_modules/is-callable
2555 silly ADD node_modules/is-bun-module
2556 silly ADD node_modules/is-boolean-object
2557 silly ADD node_modules/is-blob
2558 silly ADD node_modules/is-bigint
2559 silly ADD node_modules/is-async-function
2560 silly ADD node_modules/is-arrayish
2561 silly ADD node_modules/is-array-buffer
2562 silly ADD node_modules/is-alphanumerical
2563 silly ADD node_modules/is-alphabetical
2564 silly ADD node_modules/internmap
2565 silly ADD node_modules/internal-slot
2566 silly ADD node_modules/inline-style-parser
2567 silly ADD node_modules/imurmurhash
2568 silly ADD node_modules/import-fresh
2569 silly ADD node_modules/immutable
2570 silly ADD node_modules/ignore
2571 silly ADD node_modules/html-void-elements
2572 silly ADD node_modules/hast-util-whitespace
2573 silly ADD node_modules/hast-util-to-jsx-runtime
2574 silly ADD node_modules/hast-util-to-html
2575 silly ADD node_modules/hast-util-to-estree
2576 silly ADD node_modules/hast-util-sanitize
2577 silly ADD node_modules/hasown
2578 silly ADD node_modules/has-tostringtag
2579 silly ADD node_modules/has-symbols
2580 silly ADD node_modules/has-proto
2581 silly ADD node_modules/has-property-descriptors
2582 silly ADD node_modules/has-flag
2583 silly ADD node_modules/has-bigints
2584 silly ADD node_modules/gray-matter
2585 silly ADD node_modules/gray-matter/node_modules/js-yaml
2586 silly ADD node_modules/gray-matter/node_modules/argparse
2587 silly ADD node_modules/graceful-fs
2588 silly ADD node_modules/gopd
2589 silly ADD node_modules/globalthis
2590 silly ADD node_modules/globals
2591 silly ADD node_modules/glob-parent
2592 silly ADD node_modules/get-tsconfig
2593 silly ADD node_modules/get-symbol-description
2594 silly ADD node_modules/get-proto
2595 silly ADD node_modules/get-nonce
2596 silly ADD node_modules/get-intrinsic
2597 silly ADD node_modules/generator-function
2598 silly ADD node_modules/functions-have-names
2599 silly ADD node_modules/function.prototype.name
2600 silly ADD node_modules/function-bind
2601 silly ADD node_modules/framer-motion
2602 silly ADD node_modules/fraction.js
2603 silly ADD node_modules/for-each
2604 silly ADD node_modules/flatted
2605 silly ADD node_modules/flat-cache
2606 silly ADD node_modules/find-up
2607 silly ADD node_modules/fill-range
2608 silly ADD node_modules/file-entry-cache
2609 silly ADD node_modules/fdir
2610 silly ADD node_modules/fastq
2611 silly ADD node_modules/fast-levenshtein
2612 silly ADD node_modules/fast-json-stable-stringify
2613 silly ADD node_modules/fast-glob
2614 silly ADD node_modules/fast-glob/node_modules/glob-parent
2615 silly ADD node_modules/fast-equals
2616 silly ADD node_modules/fast-deep-equal
2617 silly ADD node_modules/extend-shallow
2618 silly ADD node_modules/extend
2619 silly ADD node_modules/eventemitter3
2620 silly ADD node_modules/esutils
2621 silly ADD node_modules/estree-walker
2622 silly ADD node_modules/estree-util-visit
2623 silly ADD node_modules/estree-util-to-js
2624 silly ADD node_modules/estree-util-scope
2625 silly ADD node_modules/estree-util-is-identifier-name
2626 silly ADD node_modules/estree-util-build-jsx
2627 silly ADD node_modules/estree-util-attach-comments
2628 silly ADD node_modules/estraverse
2629 silly ADD node_modules/esrecurse
2630 silly ADD node_modules/esquery
2631 silly ADD node_modules/esprima
2632 silly ADD node_modules/espree
2633 silly ADD node_modules/eslint-visitor-keys
2634 silly ADD node_modules/eslint-scope
2635 silly ADD node_modules/eslint-plugin-react-hooks
2636 silly ADD node_modules/eslint-plugin-react
2637 silly ADD node_modules/eslint-plugin-react/node_modules/semver
2638 silly ADD node_modules/eslint-plugin-jsx-a11y
2639 silly ADD node_modules/eslint-plugin-import
2640 silly ADD node_modules/eslint-plugin-import/node_modules/semver
2641 silly ADD node_modules/eslint-plugin-import/node_modules/debug
2642 silly ADD node_modules/eslint-module-utils
2643 silly ADD node_modules/eslint-module-utils/node_modules/debug
2644 silly ADD node_modules/eslint-import-resolver-typescript
2645 silly ADD node_modules/eslint-import-resolver-node
2646 silly ADD node_modules/eslint-import-resolver-node/node_modules/debug
2647 silly ADD node_modules/eslint-config-next
2648 silly ADD node_modules/eslint
2649 silly ADD node_modules/escape-string-regexp
2650 silly ADD node_modules/escalade
2651 silly ADD node_modules/esast-util-from-js
2652 silly ADD node_modules/esast-util-from-estree
2653 silly ADD node_modules/es-to-primitive
2654 silly ADD node_modules/es-shim-unscopables
2655 silly ADD node_modules/es-set-tostringtag
2656 silly ADD node_modules/es-object-atoms
2657 silly ADD node_modules/es-iterator-helpers
2658 silly ADD node_modules/es-errors
2659 silly ADD node_modules/es-define-property
2660 silly ADD node_modules/es-abstract
2661 silly ADD node_modules/enhanced-resolve
2662 silly ADD node_modules/emoji-regex
2663 silly ADD node_modules/electron-to-chromium
2664 silly ADD node_modules/dunder-proto
2665 silly ADD node_modules/dom-helpers
2666 silly ADD node_modules/doctrine
2667 silly ADD node_modules/devlop
2668 silly ADD node_modules/detect-node-es
2669 silly ADD node_modules/detect-libc
2670 silly ADD node_modules/dequal
2671 silly ADD node_modules/define-properties
2672 silly ADD node_modules/define-data-property
2673 silly ADD node_modules/deep-is
2674 silly ADD node_modules/decode-named-character-reference
2675 silly ADD node_modules/decimal.js-light
2676 silly ADD node_modules/debug
2677 silly ADD node_modules/date-fns
2678 silly ADD node_modules/data-view-byte-offset
2679 silly ADD node_modules/data-view-byte-length
2680 silly ADD node_modules/data-view-buffer
2681 silly ADD node_modules/damerau-levenshtein
2682 silly ADD node_modules/d3-timer
2683 silly ADD node_modules/d3-time-format
2684 silly ADD node_modules/d3-time
2685 silly ADD node_modules/d3-shape
2686 silly ADD node_modules/d3-scale
2687 silly ADD node_modules/d3-path
2688 silly ADD node_modules/d3-interpolate
2689 silly ADD node_modules/d3-format
2690 silly ADD node_modules/d3-ease
2691 silly ADD node_modules/d3-color
2692 silly ADD node_modules/d3-array
2693 silly ADD node_modules/csstype
2694 silly ADD node_modules/cssesc
2695 silly ADD node_modules/cssdb
2696 silly ADD node_modules/css-prefers-color-scheme
2697 silly ADD node_modules/css-has-pseudo
2698 silly ADD node_modules/css-blank-pseudo
2699 silly ADD node_modules/cross-spawn
2700 silly ADD node_modules/cookie
2701 silly ADD node_modules/concat-map
2702 silly ADD node_modules/compressorjs
2703 silly ADD node_modules/comma-separated-tokens
2704 silly ADD node_modules/color-string
2705 silly ADD node_modules/color-name
2706 silly ADD node_modules/color-convert
2707 silly ADD node_modules/color
2708 silly ADD node_modules/collapse-white-space
2709 silly ADD node_modules/clsx
2710 silly ADD node_modules/cloudinary
2711 silly ADD node_modules/client-only
2712 silly ADD node_modules/classnames
2713 silly ADD node_modules/class-variance-authority
2714 silly ADD node_modules/chokidar
2715 silly ADD node_modules/character-reference-invalid
2716 silly ADD node_modules/character-entities-legacy
2717 silly ADD node_modules/character-entities-html4
2718 silly ADD node_modules/character-entities
2719 silly ADD node_modules/chalk
2720 silly ADD node_modules/ccount
2721 silly ADD node_modules/caniuse-lite
2722 silly ADD node_modules/callsites
2723 silly ADD node_modules/call-bound
2724 silly ADD node_modules/call-bind-apply-helpers
2725 silly ADD node_modules/call-bind
2726 silly ADD node_modules/browserslist
2727 silly ADD node_modules/braces
2728 silly ADD node_modules/brace-expansion
2729 silly ADD node_modules/blueimp-canvas-to-blob
2730 silly ADD node_modules/baseline-browser-mapping
2731 silly ADD node_modules/balanced-match
2732 silly ADD node_modules/bail
2733 silly ADD node_modules/axobject-query
2734 silly ADD node_modules/axe-core
2735 silly ADD node_modules/available-typed-arrays
2736 silly ADD node_modules/autoprefixer
2737 silly ADD node_modules/async-function
2738 silly ADD node_modules/astring
2739 silly ADD node_modules/ast-types-flow
2740 silly ADD node_modules/arraybuffer.prototype.slice
2741 silly ADD node_modules/array.prototype.tosorted
2742 silly ADD node_modules/array.prototype.flatmap
2743 silly ADD node_modules/array.prototype.flat
2744 silly ADD node_modules/array.prototype.findlastindex
2745 silly ADD node_modules/array.prototype.findlast
2746 silly ADD node_modules/array-includes
2747 silly ADD node_modules/array-buffer-byte-length
2748 silly ADD node_modules/aria-query
2749 silly ADD node_modules/aria-hidden
2750 silly ADD node_modules/argparse
2751 silly ADD node_modules/ansi-styles
2752 silly ADD node_modules/ajv
2753 silly ADD node_modules/acorn-jsx
2754 silly ADD node_modules/acorn
2755 silly ADD node_modules/@unrs/resolver-binding-win32-x64-msvc
2756 silly ADD node_modules/@ungap/structured-clone
2757 silly ADD node_modules/@typescript-eslint/visitor-keys
2758 silly ADD node_modules/@typescript-eslint/visitor-keys/node_modules/eslint-visitor-keys
2759 silly ADD node_modules/@typescript-eslint/utils
2760 silly ADD node_modules/@typescript-eslint/typescript-estree
2761 silly ADD node_modules/@typescript-eslint/typescript-estree/node_modules/minimatch
2762 silly ADD node_modules/@typescript-eslint/typescript-estree/node_modules/brace-expansion
2763 silly ADD node_modules/@typescript-eslint/typescript-estree/node_modules/balanced-match
2764 silly ADD node_modules/@typescript-eslint/types
2765 silly ADD node_modules/@typescript-eslint/type-utils
2766 silly ADD node_modules/@typescript-eslint/tsconfig-utils
2767 silly ADD node_modules/@typescript-eslint/scope-manager
2768 silly ADD node_modules/@typescript-eslint/project-service
2769 silly ADD node_modules/@typescript-eslint/parser
2770 silly ADD node_modules/@typescript-eslint/eslint-plugin
2771 silly ADD node_modules/@typescript-eslint/eslint-plugin/node_modules/ignore
2772 silly ADD node_modules/@types/unist
2773 silly ADD node_modules/@types/react-dom
2774 silly ADD node_modules/@types/react
2775 silly ADD node_modules/@types/prop-types
2776 silly ADD node_modules/@types/node
2777 silly ADD node_modules/@types/ms
2778 silly ADD node_modules/@types/mdx
2779 silly ADD node_modules/@types/mdast
2780 silly ADD node_modules/@types/json5
2781 silly ADD node_modules/@types/json-schema
2782 silly ADD node_modules/@types/hast
2783 silly ADD node_modules/@types/estree-jsx
2784 silly ADD node_modules/@types/estree
2785 silly ADD node_modules/@types/debug
2786 silly ADD node_modules/@types/d3-timer
2787 silly ADD node_modules/@types/d3-time
2788 silly ADD node_modules/@types/d3-shape
2789 silly ADD node_modules/@types/d3-scale
2790 silly ADD node_modules/@types/d3-path
2791 silly ADD node_modules/@types/d3-interpolate
2792 silly ADD node_modules/@types/d3-ease
2793 silly ADD node_modules/@types/d3-color
2794 silly ADD node_modules/@types/d3-array
2795 silly ADD node_modules/@types/cookie
2796 silly ADD node_modules/@turbo/windows-64
2797 silly ADD node_modules/@tanstack/virtual-core
2798 silly ADD node_modules/@tanstack/react-virtual
2799 silly ADD node_modules/@tailwindcss/postcss
2800 silly ADD node_modules/@tailwindcss/oxide
2801 silly ADD node_modules/@tailwindcss/oxide/node_modules/@tailwindcss/oxide-win32-x64-msvc
2802 silly ADD node_modules/@tailwindcss/node
2803 silly ADD node_modules/@swc/helpers
2804 silly ADD node_modules/@rushstack/eslint-patch
2805 silly ADD node_modules/@rtsao/scc
2806 silly ADD node_modules/@react-types/shared
2807 silly ADD node_modules/@react-aria/interactions
2808 silly ADD node_modules/@react-aria/focus
2809 silly ADD node_modules/@radix-ui/react-visually-hidden
2810 silly ADD node_modules/@radix-ui/react-visually-hidden/node_modules/@radix-ui/react-primitive
2811 silly ADD node_modules/@radix-ui/react-use-layout-effect
2812 silly ADD node_modules/@radix-ui/react-use-escape-keydown
2813 silly ADD node_modules/@radix-ui/react-use-effect-event
2814 silly ADD node_modules/@radix-ui/react-use-controllable-state
2815 silly ADD node_modules/@radix-ui/react-use-callback-ref
2816 silly ADD node_modules/@radix-ui/react-slot
2817 silly ADD node_modules/@radix-ui/react-primitive
2818 silly ADD node_modules/@radix-ui/react-primitive/node_modules/@radix-ui/react-slot
2819 silly ADD node_modules/@radix-ui/react-presence
2820 silly ADD node_modules/@radix-ui/react-portal
2821 silly ADD node_modules/@radix-ui/react-id
2822 silly ADD node_modules/@radix-ui/react-focus-scope
2823 silly ADD node_modules/@radix-ui/react-focus-guards
2824 silly ADD node_modules/@radix-ui/react-dismissable-layer
2825 silly ADD node_modules/@radix-ui/react-dialog
2826 silly ADD node_modules/@radix-ui/react-dialog/node_modules/@radix-ui/react-slot
2827 silly ADD node_modules/@radix-ui/react-context
2828 silly ADD node_modules/@radix-ui/react-compose-refs
2829 silly ADD node_modules/@radix-ui/primitive
2830 silly ADD node_modules/@parcel/watcher-win32-x64
2831 silly ADD node_modules/@parcel/watcher
2832 silly ADD node_modules/@once-ui-system/core
2833 silly ADD node_modules/@nolyfill/is-core-module
2834 silly ADD node_modules/@nodelib/fs.walk
2835 silly ADD node_modules/@nodelib/fs.stat
2836 silly ADD node_modules/@nodelib/fs.scandir
2837 silly ADD node_modules/@next/swc-win32-x64-msvc
2838 silly ADD node_modules/@next/mdx
2839 silly ADD node_modules/@next/eslint-plugin-next
2840 silly ADD node_modules/@next/env
2841 silly ADD node_modules/@mdx-js/react
2842 silly ADD node_modules/@mdx-js/mdx
2843 silly ADD node_modules/@mdx-js/loader
2844 silly ADD node_modules/@jridgewell/trace-mapping
2845 silly ADD node_modules/@jridgewell/sourcemap-codec
2846 silly ADD node_modules/@jridgewell/resolve-uri
2847 silly ADD node_modules/@jridgewell/remapping
2848 silly ADD node_modules/@jridgewell/gen-mapping
2849 silly ADD node_modules/@internationalized/string
2850 silly ADD node_modules/@internationalized/number
2851 silly ADD node_modules/@internationalized/date
2852 silly ADD node_modules/@img/sharp-win32-x64
2853 silly ADD node_modules/@img/colour
2854 silly ADD node_modules/@humanwhocodes/retry
2855 silly ADD node_modules/@humanwhocodes/module-importer
2856 silly ADD node_modules/@humanfs/types
2857 silly ADD node_modules/@humanfs/node
2858 silly ADD node_modules/@humanfs/core
2859 silly ADD node_modules/@heroicons/react
2860 silly ADD node_modules/@headlessui/react
2861 silly ADD node_modules/@floating-ui/utils
2862 silly ADD node_modules/@floating-ui/react-dom
2863 silly ADD node_modules/@floating-ui/react
2864 silly ADD node_modules/@floating-ui/dom
2865 silly ADD node_modules/@floating-ui/core
2866 silly ADD node_modules/@eslint/plugin-kit
2867 silly ADD node_modules/@eslint/object-schema
2868 silly ADD node_modules/@eslint/js
2869 silly ADD node_modules/@eslint/eslintrc
2870 silly ADD node_modules/@eslint/core
2871 silly ADD node_modules/@eslint/config-helpers
2872 silly ADD node_modules/@eslint/config-array
2873 silly ADD node_modules/@eslint-community/regexpp
2874 silly ADD node_modules/@eslint-community/eslint-utils
2875 silly ADD node_modules/@eslint-community/eslint-utils/node_modules/eslint-visitor-keys
2876 silly ADD node_modules/@csstools/utilities
2877 silly ADD node_modules/@csstools/selector-specificity
2878 silly ADD node_modules/@csstools/selector-resolve-nested
2879 silly ADD node_modules/@csstools/postcss-unset-value
2880 silly ADD node_modules/@csstools/postcss-trigonometric-functions
2881 silly ADD node_modules/@csstools/postcss-text-decoration-shorthand
2882 silly ADD node_modules/@csstools/postcss-stepped-value-functions
2883 silly ADD node_modules/@csstools/postcss-scope-pseudo-class
2884 silly ADD node_modules/@csstools/postcss-relative-color-syntax
2885 silly ADD node_modules/@csstools/postcss-progressive-custom-properties
2886 silly ADD node_modules/@csstools/postcss-oklab-function
2887 silly ADD node_modules/@csstools/postcss-normalize-display-values
2888 silly ADD node_modules/@csstools/postcss-nested-calc
2889 silly ADD node_modules/@csstools/postcss-media-queries-aspect-ratio-number-values
2890 silly ADD node_modules/@csstools/postcss-media-minmax
2891 silly ADD node_modules/@csstools/postcss-logical-viewport-units
2892 silly ADD node_modules/@csstools/postcss-logical-resize
2893 silly ADD node_modules/@csstools/postcss-logical-overscroll-behavior
2894 silly ADD node_modules/@csstools/postcss-logical-overflow
2895 silly ADD node_modules/@csstools/postcss-logical-float-and-clear
2896 silly ADD node_modules/@csstools/postcss-light-dark-function
2897 silly ADD node_modules/@csstools/postcss-is-pseudo-class
2898 silly ADD node_modules/@csstools/postcss-initial
2899 silly ADD node_modules/@csstools/postcss-ic-unit
2900 silly ADD node_modules/@csstools/postcss-hwb-function
2901 silly ADD node_modules/@csstools/postcss-gradients-interpolation-method
2902 silly ADD node_modules/@csstools/postcss-global-data
2903 silly ADD node_modules/@csstools/postcss-gamut-mapping
2904 silly ADD node_modules/@csstools/postcss-font-format-keywords
2905 silly ADD node_modules/@csstools/postcss-exponential-functions
2906 silly ADD node_modules/@csstools/postcss-content-alt-text
2907 silly ADD node_modules/@csstools/postcss-color-mix-function
2908 silly ADD node_modules/@csstools/postcss-color-function
2909 silly ADD node_modules/@csstools/postcss-cascade-layers
2910 silly ADD node_modules/@csstools/media-query-list-parser
2911 silly ADD node_modules/@csstools/css-tokenizer
2912 silly ADD node_modules/@csstools/css-parser-algorithms
2913 silly ADD node_modules/@csstools/css-color-parser
2914 silly ADD node_modules/@csstools/css-calc
2915 silly ADD node_modules/@csstools/color-helpers
2916 silly ADD node_modules/@csstools/cascade-layer-name-parser
2917 silly ADD node_modules/@babel/runtime
2918 silly ADD node_modules/@babel/helper-validator-identifier
2919 silly ADD node_modules/@babel/code-frame
2920 silly ADD node_modules/@alloc/quick-lru
2921 warn install-scripts 4 packages have install scripts not yet covered by allowScripts:
2921 warn install-scripts   @parcel/watcher@2.5.6 (install: node scripts/build-from-source.js)
2921 warn install-scripts   sharp@0.34.5 (install: node install/check.js || npm run build)
2921 warn install-scripts   sharp@0.33.5 (install: node install/check)
2921 warn install-scripts   unrs-resolver@1.11.1 (postinstall: napi-postinstall unrs-resolver 1.11.1 check)
2921 warn install-scripts
2921 warn install-scripts Run `npm install-scripts ls` to review, or `npm install-scripts approve <pkg>` to allow.
2922 verbose cwd C:\Users\test\Desktop\Mathias final
2923 verbose os Windows_NT 10.0.26200
2924 verbose node v24.5.0
2925 verbose npm  v11.19.0
2926 verbose exit 0
2927 info ok
